slug,severity,title,title_english,h1,h1_english,desc,desc_english
about,CRITICAL,About | BJJ Wiki,About,,,,
adcc-rules,CRITICAL,Regras ADCC Explicadas | As Olimpíadas do Submission Wrestling,"Regras,Explicadas,Submission,Wrestling",Regras ADCC: Guia Completo,"Regras,Completo","Guia completo das regras ADCC. Sem pontos no primeiro tempo, heel hooks legais, categorias de peso e qualificação explic","completo,regras,pontos,primeiro,tempo"
anaconda-choke,CRITICAL,Anaconda Choke BJJ: Guia Completo da Finalização e Técnicas | BJJ Wiki,"Anaconda,Choke,Completo",Anaconda Choke BJJ: Domine o Estrangulamento Mais Poderoso do Jiu-Jitsu,"Anaconda,Choke,Estrangulamento,Poderoso","Aprenda o Anaconda Choke no BJJ com este guia detalhado. Domine a pegada, a transição e a finalização. Dicas para evitar","Aprenda,Anaconda,Choke,detalhado,pegada"
ankle-lock,CRITICAL,Ankle Lock (Tornozelo Travado) | BJJ Wiki,"Ankle,Tornozelo,Travado",Ankle Lock,Ankle,"Aprenda o ankle lock — o primeiro leg lock legal na faixa-branca. Entrada, mecânica de finalização e defesas.","Aprenda,ankle,primeiro,legal,faixa"
ankle-pick,CRITICAL,Ankle Pick BJJ: Guia Completo da Queda Essencial no Jiu-Jitsu | BJJ Wiki,"Ankle,Completo,Queda,Essencial",Ankle Pick no Jiu-Jitsu: Domine a Queda Simples e Poderosa,"Ankle,Queda,Simples,Poderosa","Aprenda o Ankle Pick no BJJ com nosso guia passo a passo. Domine essa queda eficaz, suas variações e dicas para aplicar ","Aprenda,Ankle,nosso,passo,passo"
arm-triangle-choke,CRITICAL,Arm Triangle Choke | Guia Completo de Técnica de BJJ,"Choke,Completo",Arm Triangle Choke — Guia Completo,"Choke,Completo","Aprenda Arm Triangle Choke — mecânica, entradas, erros comuns e como usar em competição. Guia completo de BJJ.","Aprenda,Choke,entradas,erros,comuns"
arm-triangle,CRITICAL,Arm Triangle Choke | BJJ Wiki,Choke,,,,
athlete-andre-galvao,CRITICAL,Andre Galvao — Campeão Mundial de BJJ e Grappler de Elite | BJJ Wiki,"Andre,Galvao,Mundial,Grappler,Elite",Andre Galvao,"Andre,Galvao",Andre Galvao ,"Andre,Galvao"
athlete-bernardo-faria,CRITICAL,Bernardo Faria — Campeão Mundial de BJJ e Grappler de Elite | BJJ Wiki,"Bernardo,Faria,Mundial,Grappler,Elite",Bernardo Faria,"Bernardo,Faria",Bernardo Faria ,"Bernardo,Faria"
athlete-bia-mesquita,CRITICAL,Bia Mesquita — Campeão Mundial de BJJ e Grappler de Elite | BJJ Wiki,"Mesquita,Mundial,Grappler,Elite",Bia Mesquita,Mesquita,Bia Mesquita ,Mesquita
athlete-buchecha,CRITICAL,Marcus Buchecha Almeida — Campeão Mundial de BJJ e Grappler de Elite | BJJ Wiki,"Marcus,Buchecha,Almeida,Mundial,Grappler",Marcus Buchecha Almeida,"Marcus,Buchecha,Almeida",Marcus Buchecha Almeida ,"Marcus,Buchecha,Almeida"
athlete-caio-terra,CRITICAL,Caio Terra — Campeão Mundial de BJJ e Grappler de Elite | BJJ Wiki,"Terra,Mundial,Grappler,Elite",Caio Terra,Terra,Caio Terra ,Terra
athlete-claudio-calasans,CRITICAL,Claudio Calasans — Campeão Mundial de BJJ e Grappler de Elite | BJJ Wiki,"Claudio,Calasans,Mundial,Grappler,Elite",Claudio Calasans,"Claudio,Calasans",Claudio Calasans ,"Claudio,Calasans"
athlete-cobrinha,CRITICAL,Rubens Charles Maciel — Campeão Mundial de BJJ e Grappler de Elite | BJJ Wiki,"Rubens,Charles,Maciel,Mundial,Grappler",Rubens Charles Maciel,"Rubens,Charles,Maciel",Rubens Charles Maciel ,"Rubens,Charles,Maciel"
athlete-craig-jones,CRITICAL,Craig Jones — Campeão Mundial de BJJ e Grappler de Elite | BJJ Wiki,"Craig,Jones,Mundial,Grappler,Elite",Craig Jones,"Craig,Jones",Craig Jones ,"Craig,Jones"
athlete-ffion-davies,CRITICAL,Ffion Davies — Campeão Mundial de BJJ e Grappler de Elite | BJJ Wiki,"Ffion,Davies,Mundial,Grappler,Elite",Ffion Davies,"Ffion,Davies",Ffion Davies ,"Ffion,Davies"
athlete-garry-tonon,CRITICAL,Garry Tonon — Campeão Mundial de BJJ e Grappler de Elite | BJJ Wiki,"Garry,Tonon,Mundial,Grappler,Elite",Garry Tonon,"Garry,Tonon",Garry Tonon ,"Garry,Tonon"
athlete-gianni-grippo,CRITICAL,Gianni Grippo — Campeão Mundial de BJJ e Grappler de Elite | BJJ Wiki,"Gianni,Grippo,Mundial,Grappler,Elite",Gianni Grippo,"Gianni,Grippo",Gianni Grippo ,"Gianni,Grippo"
athlete-gordon-ryan,CRITICAL,Gordon Ryan — Tricampeão Absoluto do ADCC e o Rei do Grappling,"Gordon,Absoluto,Grappling",Gordon Ryan,Gordon,Gordon Ryan é o maior grappler no-gi de todos os tempos: 3× campeão Absoluto do ADCC e treinado por John Danaher no New ,"Gordon,maior,grappler,todos,tempos"
athlete-john-danaher,CRITICAL,John Danaher — Campeão Mundial de BJJ e Grappler de Elite | BJJ Wiki,"Danaher,Mundial,Grappler,Elite",John Danaher,Danaher,John Danaher ,Danaher
athlete-keenan-cornelius,CRITICAL,Keenan Cornelius — Campeão Mundial de BJJ e Grappler de Elite | BJJ Wiki,"Keenan,Cornelius,Mundial,Grappler,Elite",Keenan Cornelius,"Keenan,Cornelius",Keenan Cornelius ,"Keenan,Cornelius"
athlete-lachlan-giles,CRITICAL,Lachlan Giles — Campeão Mundial de BJJ e Grappler de Elite | BJJ Wiki,"Lachlan,Giles,Mundial,Grappler,Elite",Lachlan Giles,"Lachlan,Giles",Lachlan Giles ,"Lachlan,Giles"
athlete-leandro-lo,CRITICAL,Leandro Lo — Campeão Mundial de BJJ e Grappler de Elite | BJJ Wiki,"Leandro,Mundial,Grappler,Elite",Leandro Lo,Leandro,Leandro Lo ,Leandro
athlete-mackenzie-dern,CRITICAL,Mackenzie Dern — Campeão Mundial de BJJ e Grappler de Elite | BJJ Wiki,"Mackenzie,Mundial,Grappler,Elite",Mackenzie Dern,Mackenzie,Mackenzie Dern ,Mackenzie
athlete-marcelo-garcia,CRITICAL,Marcelo Garcia — 4× Campeão do ADCC e Mestre da Guarda,"Marcelo,Garcia",Marcelo Garcia,"Marcelo,Garcia","Marcelo Garcia é amplamente considerado o maior competidor de BJJ de todos os tempos: 4× campeão do ADCC, 5× campeão mun","Marcelo,Garcia,amplamente,considerado,maior"
athlete-mikey-musumeci,CRITICAL,Mikey Musumeci — Campeão Mundial de BJJ e Grappler de Elite | BJJ Wiki,"Mikey,Musumeci,Mundial,Grappler,Elite",Mikey Musumeci,"Mikey,Musumeci",Mikey Musumeci ,"Mikey,Musumeci"
athlete-nicky-ryan,CRITICAL,Nicky Ryan — Campeão Mundial de BJJ e Grappler de Elite | BJJ Wiki,"Nicky,Mundial,Grappler,Elite",Nicky Ryan,Nicky,Nicky Ryan ,Nicky
athlete-rafael-lovato-jr,CRITICAL,Rafael Lovato Jr. — Campeão Mundial de BJJ e Grappler de Elite | BJJ Wiki,"Rafael,Lovato,Mundial,Grappler,Elite",Rafael Lovato Jr.,"Rafael,Lovato",Rafael Lovato Jr. ,"Rafael,Lovato"
athlete-rafael-mendes,CRITICAL,Rafael Mendes — Campeão Mundial de BJJ e Grappler de Elite | BJJ Wiki,"Rafael,Mendes,Mundial,Grappler,Elite",Rafael Mendes,"Rafael,Mendes",Rafael Mendes ,"Rafael,Mendes"
athlete-romulo-barral,CRITICAL,Romulo Barral — Campeão Mundial de BJJ e Grappler de Elite | BJJ Wiki,"Romulo,Barral,Mundial,Grappler,Elite",Romulo Barral,"Romulo,Barral",Romulo Barral ,"Romulo,Barral"
athlete-xande-ribeiro-2,CRITICAL,Saulo Ribeiro — Campeão Mundial de BJJ e Grappler de Elite | BJJ Wiki,"Saulo,Ribeiro,Mundial,Grappler,Elite",Saulo Ribeiro,"Saulo,Ribeiro",Saulo Ribeiro ,"Saulo,Ribeiro"
athlete-xande-ribeiro,CRITICAL,Xande Ribeiro — Campeão Mundial de BJJ e Grappler de Elite | BJJ Wiki,"Xande,Ribeiro,Mundial,Grappler,Elite",Xande Ribeiro,"Xande,Ribeiro",Xande Ribeiro ,"Xande,Ribeiro"
athletes,CRITICAL,Atletas de BJJ — Os Melhores Lutadores e Técnicas | BJJ Wiki,"Atletas,Melhores,Lutadores",🏆 Atletas de BJJ,Atletas,"Perfis de atletas elite do BJJ: Gordon Ryan, Mikey Musumeci, Craig Jones, Bernardo Faria e mais. Conheça as técnicas fav","Perfis,atletas,elite,Gordon,Mikey"
back-control,CRITICAL,Back Mount | BJJ Wiki,Mount,,,,
back-defense,CRITICAL,Back Defense | Guia Completo de Técnica de BJJ,"Defense,Completo",Back Defense — Guia Completo,"Defense,Completo","Aprenda Back Defense — mecânica, entradas, erros comuns e como usar em competição. Guia completo de BJJ.","Aprenda,Defense,entradas,erros,comuns"
back-mount,CRITICAL,Montada nas Costas BJJ: Guia Completo da Posição Dominante no Jiu-Jitsu | BJJ Wi,"Montada,Costas,Completo,Dominante",Montada nas Costas no BJJ: O Guia Definitivo para Dominar e Finalizar,"Montada,Costas,Definitivo,Dominar,Finalizar","Domine a montada nas costas no BJJ com nosso guia completo. Aprenda a controlar o adversário, garantir a posição e final","montada,costas,nosso,completo,Aprenda"
back-take,CRITICAL,Back Take (Pegar as Costas) | BJJ Wiki,"Pegar,Costas",Back Take,,"Como pegar as costas no BJJ: pegada seat belt, triângulo de corpo, finalização com estrangulamento traseiro. A posição m","pegar,costas,pegada,corpo,estrangulamento"
balloon-sweep,CRITICAL,Balloon Sweep | Guia Completo de Técnica de BJJ,"Balloon,Sweep,Completo",Balloon Sweep — Guia Completo,"Balloon,Sweep,Completo","Aprenda Balloon Sweep — mecânica, entradas, erros comuns e como usar em competição. Guia completo de BJJ.","Aprenda,Balloon,Sweep,entradas,erros"
baseball-choke,CRITICAL,Baseball Choke | Guia Completo de Técnica de BJJ,"Baseball,Choke,Completo",Baseball Choke — Guia Completo,"Baseball,Choke,Completo","Aprenda Baseball Choke — mecânica, entradas, erros comuns e como usar em competição. Guia completo de BJJ.","Aprenda,Baseball,Choke,entradas,erros"
berimbolo,CRITICAL,Berimbolo BJJ: Guia Completo da Raspagem Invertida no Jiu-Jitsu | BJJ Wiki,"Berimbolo,Completo,Raspagem,Invertida",Berimbolo no BJJ: Domine a Arte da Raspagem e Pegada de Costas,"Berimbolo,Raspagem,Pegada,Costas","Domine o Berimbolo no BJJ com nosso guia passo a passo. Aprenda a execução, variações e dicas essenciais para aprimorar ","Berimbolo,nosso,passo,passo,Aprenda"
best-bjj-bag,CRITICAL,Melhor Mochila para BJJ 2025 | Top 5 Bolsas Testadas,"Melhor,Mochila,Bolsas,Testadas",Melhor Bolsa de Ginásio para BJJ 2025,"Melhor,Bolsa","Encontre a melhor bolsa para seu equipamento de jiu-jitsu. Análises de Sanabul, Fuji, Venum, Tatami e mais.","Encontre,melhor,bolsa,equipamento,Sanabul"
best-bjj-ear-guards,CRITICAL,Melhores Protetores de Ouvido para BJJ 2026,"Melhores,Protetores,Ouvido",Melhores Protetores de Ouvido para BJJ 2026,"Melhores,Protetores,Ouvido","Os melhores protetores de ouvido para BJJ: Cliff Keen, Brute, Matman. Previna a orelha de couve-flor.","melhores,protetores,ouvido,Cliff,Brute"
best-bjj-gi-guide,CRITICAL,Guia do Melhor Kimono de BJJ 2026 | Como Escolher o Gi Certo,"Melhor,Kimono,Escolher,Certo",Guia do Melhor Kimono de BJJ: Como Escolher o Certo,"Melhor,Kimono,Escolher,Certo","Guia completo para comprar kimono de BJJ — o melhor gi para iniciantes, competidores e treino. O que avaliar no tecido, ","completo,comprar,kimono,melhor,iniciantes"
best-bjj-instructionals,CRITICAL,Melhores Instrucionais de BJJ 2025 — Cursos Avaliados | BJJ Wiki,"Melhores,Instrucionais,Cursos,Avaliados",Melhores Instrucionais de BJJ,"Melhores,Instrucionais","Os melhores instrucionais de BJJ classificados por profundidade técnica, qualidade do professor e custo-benefício. Seleç","melhores,instrucionais,classificados,profundidade,qualidade"
best-bjj-knee-pads,CRITICAL,Melhores Joelheiras para BJJ 2026,"Melhores,Joelheiras",Melhores Joelheiras para BJJ 2026,"Melhores,Joelheiras","As melhores joelheiras para BJJ: McDavid, Ringhorns, Shock Doctor. Proteja seus joelhos do atrito e pressão.","melhores,joelheiras,McDavid,Ringhorns,Shock"
best-bjj-leg-locks,CRITICAL,Guia Completo de Leg Locks de BJJ (2026) — Todas as Técnicas,"Completo,Locks,Todas",Guia Completo de Leg Locks de BJJ,"Completo,Locks","Todos os leg locks de BJJ explicados. De heel hooks a ankle locks, o sistema completo de leg locks do BJJ moderno.","Todos,locks,explicados,hooks,ankle"
best-bjj-mouthguard,CRITICAL,Melhor Protetor Bucal para BJJ 2025 | Top 5 Testados,"Melhor,Protetor,Bucal,Testados",Melhor Protetor Bucal para BJJ 2025,"Melhor,Protetor,Bucal","Análise completa dos melhores protetores bucais para Brazilian Jiu-Jitsu. SISU, Shock Doctor, Venum e mais.","melhores,protetores,bucais,Shock,Doctor"
best-bjj-rash-guard,CRITICAL,Melhores Rash Guards de BJJ 2026 — No-Gi e MMA,"Melhores,Guards",Melhores Rash Guards de BJJ 2026,"Melhores,Guards","Os melhores rash guards de BJJ revisados: Hyperfly, Scramble, Sanabul. Anti-arranhão, absorção de umidade testada.","melhores,guards,revisados,Hyperfly,Scramble"
bjj-411-position-guide,CRITICAL,4/11 Position Guide | BJJ Wiki Brasil,"Position,Guide,Brasil",4/11 Position Guide,"Position,Guide",Master the 4/11 position for advanced leg attacks and saddle position transitions.,"Master,position,advanced,attacks,saddle"
bjj-50-50-guard-guide,CRITICAL,Guia da Guarda 50/50 no BJJ — Entradas de Leg Lock e Ataques de Heel Hook,"Entradas,Ataques",Guia da Guarda 50/50 no BJJ — Entrelaçamento de Pernas e Sistema de Heel Hook,"Pernas,Sistema","Guia completo da guarda 50/50 no BJJ — mecânica do entrelaçamento de pernas, ataques de heel hook, posição interna vs. e","completo,pernas,ataques,interna,externa"
bjj-50-50-guard-strategy,CRITICAL,50/50 Guard Strategies | BJJ Wiki Brasil,"Guard,Strategies,Brasil",50/50 Guard Strategies,"Guard,Strategies","Master 50/50 guard position strategies. Sweeps, submissions, and leg lock access from 50/50.","Master,guard,position,strategies,Sweeps"
bjj-50-50-guard,CRITICAL,Guarda 50/50 no BJJ: Batalhas de Leg Lock e Trocas de Varridas | BJJ Wiki,"Batalhas,Trocas,Varridas",⚖️ Guarda 50/50 no BJJ,,"Domine a guarda 50/50 no BJJ: entrelaçamento de perna mútuo, entradas de heel hook externo, opções de varrida e estratég","perna,entradas,externo,varrida"
bjj-academies-guide,INFO,Guia de Avaliação de Academia de BJJ | BJJ Wiki,Academia,Guia de Avaliação de Academia de BJJ,Academia,"Guia para escolher a academia de BJJ certa — o que procurar em um professor, cultura do dojo, estrutura de aulas, linhag","escolher,academia,certa,procurar,professor"
bjj-academy-selection,CRITICAL,Como Escolher uma Academia de BJJ | BJJ Wiki,"Escolher,Academia",🏫 Como Escolher uma Academia de BJJ,"Escolher,Academia","Como escolher uma academia de BJJ: credenciais do professor, estrutura das aulas, cultura, localização, taxas e sinais d","escolher,academia,credenciais,professor,estrutura"
bjj-academy-startup-guide,CRITICAL,Guia para Abrir uma Academia de BJJ | Como Abrir sua Própria Academia,"Abrir,Academia,Abrir,Academia",BJJ Academy Startup Guide,"Academy,Startup,Guide","Guia completo para abrir uma academia de BJJ. Seleção de local, seguros, design de currículo, marketing e estratégias de","completo,abrir,academia,local,seguros"
bjj-adcc-rules-complete,CRITICAL,ADCC Rules Complete Guide | BJJ Wiki Brasil,"Rules,Complete,Guide,Brasil",ADCC Rules Complete Guide,"Rules,Complete,Guide","Comprehensive ADCC rules guide. Points, submission-only format, and rule details.","Comprehensive,rules,guide,Points,submission"
bjj-adcc-rules-strategy,CRITICAL,Adcc Rules Strategy | BJJ Wiki,"Rules,Strategy",Adcc Rules Strategy,"Rules,Strategy",Adcc Rules Strategy BJJ technique guide,"Rules,Strategy,technique,guide"
bjj-advanced-game-plan,CRITICAL,Game Plan for Advanced | BJJ Wiki Brasil,"Advanced,Brasil",Game Plan for Advanced,Advanced,Advanced game planning for brown and black belt. High-level tactical approach.,"Advanced,planning,brown,level,tactical"
bjj-advantage-system-bjj,CRITICAL,Sistema de Vantagem no BJJ | IBJJF | BJJ Wiki Brasil,"Sistema,Vantagem,Brasil",Domine Esta Técnica,,Master the advantage system in BJJ competition. Learn scoring and advantage applications.,"Master,advantage,system,competition,Learn"
bjj-advantage-system,CRITICAL,Sistema de Vantagens no BJJ: Como Funcionam,"Sistema,Vantagens,Funcionam",Sistema de Vantagens no BJJ: Como Funcionam,"Sistema,Vantagens,Funcionam","Como funcionam as vantagens no BJJ do IBJJF — quando vantagens são concedidas, como decidem lutas empatadas e como compe","funcionam,vantagens,quando,vantagens,concedidas"
bjj-adversity-response-guide,CRITICAL,Guia de Adversidade | BJJ Wiki Brasil,"Adversidade,Brasil",Adversity Response,"Adversity,Response",Learn to bounce back from losses and extract growth from competition setbacks.,"Learn,bounce,losses,extract,growth"
bjj-after-competition-bjj,CRITICAL,Post-Competition Analysis | BJJ Wiki Brasil,"Competition,Analysis,Brasil",Post-Competition Analysis | BJJ Wiki Brasil,"Competition,Analysis,Brasil",Analyze your performance and plan improvements after competition.,"Analyze,performance,improvements,after,competition"
bjj-americana-guide,CRITICAL,Americana (Ude Garami): Guia Completo de BJJ,"Americana,Garami,Completo",Americana (Ude Garami): Guia Completo de BJJ,"Americana,Garami,Completo","Americana shoulder lock do monte e controle lateral — mecânica de grip, posição de braço, detalhes de finish e counters ","Americana,shoulder,monte,controle,lateral"
bjj-anaconda-choke-guide,CRITICAL,Guia de Estrangulamento Anaconda,"Estrangulamento,Anaconda",Guia de Estrangulamento Anaconda | BJJ Wiki Brasil,"Estrangulamento,Anaconda,Brasil",Aprenda o devastador estrangulamento anaconda.,"Aprenda,devastador,estrangulamento,anaconda"
bjj-anaconda-choke,CRITICAL,Estrangulamento Anaconda no BJJ | BJJ Wiki,"Estrangulamento,Anaconda",🐍 Estrangulamento Anaconda no BJJ,"Estrangulamento,Anaconda","Domine o estrangulamento anaconda no BJJ: a guilhotina com braço da posição tartaruga, mecânica de setup e como difere d","estrangulamento,anaconda,guilhotina,tartaruga,setup"
bjj-ankle-lock-guide,CRITICAL,Ankle Lock no BJJ: Técnica e Regras de Competição | BJJ Wiki,"Ankle,Regras",🦶 Guia do Ankle Lock,Ankle,"Aprenda ankle lock no BJJ: mecânica do straight ankle lock, detalhes de finalização e regras.","Aprenda,ankle,straight,ankle,detalhes"
bjj-ankle-pick-guide,CRITICAL,Ankle Pick Takedown Guide | BJJ Wiki Brasil,"Ankle,Takedown,Guide,Brasil",Ankle Pick Takedown Guide | BJJ Wiki Brasil,"Ankle,Takedown,Guide,Brasil",Aprenda ankle pick technique for quick standing takedowns.,"Aprenda,ankle,technique,quick,standing"
bjj-arm-collection-bjj,CRITICAL,Arm Collection Techniques | BJJ Wiki Brasil,"Collection,Techniques,Brasil",Arm Collection Techniques,"Collection,Techniques",Master arm collection for submissions. Control and isolate arms for attacking submissions.,"Master,collection,submissions,Control,isolate"
bjj-arm-control-bjj,CRITICAL,Arm Control Principles | BJJ Wiki Brasil,"Control,Principles,Brasil",Arm Control Principles,"Control,Principles",Master fundamental arm control principles. Control mechanisms for dominant BJJ positions.,"Master,control,principles,Control,mechanisms"
bjj-arm-defense-guide,CRITICAL,Arm Defense Principles | BJJ Wiki Brasil,"Defense,Principles,Brasil",Arm Defense Principles | BJJ Wiki Brasil,"Defense,Principles,Brasil",Defenda against arm locks with proper positioning and movement.,"Defenda,against,locks,proper,positioning"
bjj-arm-drag-guard,CRITICAL,Arm Drag from Guard | BJJ Wiki Brasil,"Guard,Brasil",Arm Drag from Guard | BJJ Wiki Brasil,"Guard,Brasil",Use arm drag from guard to attack back or take top.,"guard,attack"
bjj-arm-drag-system,CRITICAL,Sistema Arm Drag: Tomadas de Costas e Takedowns no BJJ,"Sistema,Tomadas,Costas,Takedowns",Sistema Arm Drag: Tomadas de Costas e Takedowns no BJJ,"Sistema,Tomadas,Costas,Takedowns","Sistema arm drag completo para BJJ — arm drag para tomada de costas, single leg, entradas duck under e arm drag da guard","Sistema,completo,tomada,costas,single"
bjj-arm-drag-takedown,CRITICAL,Arm Drag Takedown: Controle & Setup de Back Take,"Takedown,Controle,Setup",Arm Drag Takedown: Controle & Setup de Back Take,"Takedown,Controle,Setup","Mecânica de arm drag takedown — grip de entrada, mudança de nível, opções de finalização, setup de back take e defesas.","takedown,entrada,setup,defesas"
bjj-arm-drag-to-back,CRITICAL,Arm Drag to Back Take | BJJ Wiki Brasil,Brasil,Arm Drag to Back Take,,Master arm drag for back control. Technique sequence for taking the dominant back position.,"Master,control,Technique,sequence,taking"
bjj-arm-trap-from-back,CRITICAL,Arm Trap Attacks from Back | BJJ Wiki Brasil,"Attacks,Brasil",Arm Trap Attacks from Back | BJJ Wiki Brasil,"Attacks,Brasil",Develop arm trap submissions from back mount.,"Develop,submissions,mount"
bjj-armbar-defense-guide,CRITICAL,Guia de Defesa contra Armbar | Escape | BJJ Wiki Brasil,"contra,Escape,Brasil",Guia de Defesa contra Armbar,contra,"Aprenda defesa completa contra armbar. Domine prevenção, escape e contra-ataques.","Aprenda,contra,escape,contra,ataques"
bjj-armbar-details-bjj,CRITICAL,Guia Detalhado de Armbar | BJJ Wiki Brasil,"Detalhado,Brasil",Armbar Finishing Details | BJJ Wiki Brasil,"Finishing,Details,Brasil",Dominar técnicas de armbar a partir de múltiplas posições com mecânicas precisas e controle total.,"Dominar,partir,precisas,controle,total"
bjj-armbar-finishing-details,CRITICAL,Armbar Finishing Details | BJJ Wiki Brasil,"Finishing,Details,Brasil",Armbar Finishing Details,"Finishing,Details",Master precise finishing mechanics for armbars including pressure angles and joint control sequences.,"Master,precise,finishing,mechanics,armbars"
bjj-armbar-from-back,CRITICAL,Guia de Ataque Armbar das Costas,Costas,Guia de Ataque Armbar das Costas | BJJ Wiki Brasil,"Costas,Brasil",Domine o armbar especificamente do controle das costas.,"especificamente,controle,costas"
bjj-armbar-from-guard-details,CRITICAL,Armbar From Guard Details | BJJ Wiki Brasil,"Guard,Details,Brasil",Armbar From Guard Details,"Guard,Details","Master armbar submissions from guard including setup, transition, and finish mechanics in detail.","Master,submissions,guard,including,setup"
bjj-armbar-from-mount-details,CRITICAL,Guia de Detalhes de Armbar da Montagem,"Detalhes,Montagem",Guia de Detalhes de Armbar da Montagem | BJJ Wiki Brasil,"Detalhes,Montagem,Brasil",Aprenda o armbar preciso da montagem.,"Aprenda,preciso,montagem"
bjj-armbar-from-mount-guide,CRITICAL,Armbar From Mount Guide | BJJ Wiki Brasil,"Mount,Guide,Brasil",Armbar From Mount Guide,"Mount,Guide",Execute powerful armbars from mount position using proper hip positioning and arm isolation.,"Execute,powerful,armbars,mount,position"
bjj-armbar-from-side-guide,CRITICAL,Armbar From Side Control | BJJ Wiki Brasil,"Control,Brasil",Armbar From Side Control,Control,Apply armbars from side control positions using proper transitions and control sequences.,"Apply,armbars,control,positions,using"
bjj-armbar-guide,CRITICAL,"Armbar no BJJ: Guia Completo de Setup, Finalização e Variações | BJJ Wiki","Completo,Setup",💪 Guia Completo do Armbar no BJJ,Completo,"Domine o armbar no BJJ: da guarda, mount e side control — com mecânica de setup, posicionamento do cotovelo e defesas co","mount,control,setup,posicionamento,cotovelo"
bjj-armbar-setup-guide,CRITICAL,Armbar Setup Guide | BJJ Wiki Brasil | BJJ Wiki Brasil,"Setup,Guide,Brasil,Brasil",Armbar Setup Guide,"Setup,Guide",Master armbar setup techniques.,"Master,setup,techniques"
bjj-armbar-to-triangle-flow,CRITICAL,Armbar to Triangle Flow Drills | BJJ Wiki Brasil,"Drills,Brasil",Armbar to Triangle Flow Drills,Drills,Flowing between armbar and triangle submissions,"Flowing,between,submissions"
bjj-armpit-control-bjj,CRITICAL,Armpit Control Technique Guide | BJJ Wiki Brasil,"Armpit,Control,Technique,Guide,Brasil",Armpit Control Technique Guide,"Armpit,Control,Technique,Guide",Armpit control for controlling posture and preventing escapes,"Armpit,control,controlling,posture,preventing"
bjj-ashi-from-passing,CRITICAL,Ashi Garami Entries While Passing | BJJ Wiki Brasil,"Garami,Entries,While,Passing,Brasil",Ashi Garami Entries While Passing,"Garami,Entries,While,Passing",Learn ashi garami entries during guard passing. Efficient leg lock transitions.,"Learn,garami,entries,during,guard"
bjj-ashi-garami-defense,CRITICAL,Defending Ashi Garami | BJJ Wiki Brasil,"Defending,Garami,Brasil",Defending Ashi Garami | BJJ Wiki Brasil,"Defending,Garami,Brasil",Defenda ashi garami attacks with effective escapes and counter-leg lock strategies.,"Defenda,garami,attacks,effective,escapes"
bjj-ashi-garami-setup,CRITICAL,Ashi Garami Setups | BJJ Wiki Brasil,"Garami,Setups,Brasil",Ashi Garami Setups | BJJ Wiki Brasil,"Garami,Setups,Brasil",Aprenda how to attack ashi garami position with proper entries and control.,"Aprenda,attack,garami,position,proper"
bjj-ashi-garami-variations,CRITICAL,Ashi Garami Variations | BJJ Wiki Brasil | BJJ Wiki,"Garami,Variations,Brasil",Ashi Garami Variations,"Garami,Variations",Ashi garami position and variations.,"garami,position,variations"
bjj-athletic-bjj-game,CRITICAL,Athletic/Explosive BJJ Game | BJJ Wiki Brasil,"Athletic,Explosive,Brasil",Athletic/Explosive BJJ Game,"Athletic,Explosive",Master athletic explosive BJJ style. Use athleticism and strength effectively.,"Master,athletic,explosive,style,athleticism"
bjj-attribute-development,CRITICAL,Developing BJJ Attributes | BJJ Wiki Brasil | BJJ Wiki,"Developing,Attributes,Brasil",Developing BJJ Attributes,"Developing,Attributes","Building strength, speed, flexibility, and cardio.","Building,strength,speed,flexibility,cardio"
bjj-back-attacks-fundamentals,CRITICAL,Fundamentos de Ataques das Costas no BJJ | BJJ Wiki,"Fundamentos,Ataques,Costas",🎯 Fundamentos de Ataques das Costas no BJJ,"Fundamentos,Ataques,Costas","Domine os ataques das costas no BJJ: setup do rear naked choke, arco-e-flecha, triângulo corporal e como manter controle","ataques,costas,setup,naked,choke"
bjj-back-attacks-guide,CRITICAL,Guia Completo de Ataques pelas Costas no BJJ | BJJ Wiki,"Completo,Ataques,pelas,Costas",🎯 Guia Completo de Ataques pelas Costas no BJJ,"Completo,Ataques,pelas,Costas","Domine os ataques pelas costas no BJJ: como tomar as costas, manter o controle e finalizar com RNC, mata-leão e mais. A ","ataques,pelas,costas,tomar,costas"
bjj-back-attacks-system,CRITICAL,Sistema de Ataques das Costas: Guia Completo de Ofensa do Controle das Costas,"Sistema,Ataques,Costas,Completo,Ofensa",Sistema de Ataques das Costas: Guia Completo de Ofensa do Controle das Costas,"Sistema,Ataques,Costas,Completo,Ofensa","Domine ataques das costas com RNC, body scissor, transições de choque e sequências avançadas.","ataques,costas,scissor,choque"
bjj-back-control-body-triangle,CRITICAL,Back Control Body Triangle | BJJ Wiki,Control,Back Control Body Triangle,Control,Back Control Body Triangle BJJ technique guide,"Control,technique,guide"
bjj-back-control-complete,CRITICAL,Controle de Costa: Sistema Completo,"Controle,Costa,Sistema,Completo",Controle de Costa: Sistema Completo,"Controle,Costa,Sistema,Completo","Domine controle de costa — ganchos, submissões, manutenção de controle.","controle,costa,ganchos,controle"
bjj-back-control-concepts,CRITICAL,"Conceitos de Controle de Costas de BJJ: Ganchos, Cinto de Segurança e Finalizaçã","Conceitos,Controle,Costas,Ganchos,Cinto",Conceitos de Controle de Costas de BJJ,"Conceitos,Controle,Costas","Domine o controle de costas no BJJ — proteger a posição, manter ganchos, mecânica do cinto de segurança e as finalizaçõe","controle,costas,proteger,manter,ganchos"
bjj-back-control-fundamentals,CRITICAL,Fundamentos do Controle das Costas no BJJ: A Posição Mais Dominante do Grappling,"Fundamentos,Controle,Costas,Dominante,Grappling",🎯 Fundamentos do Controle das Costas no BJJ,"Fundamentos,Controle,Costas","Domine o controle das costas no BJJ: body triangle vs ganchos, grip seatbelt, configurações de estrangulamento e como ma","controle,costas,ganchos,seatbelt,estrangulamento"
bjj-back-control-hooks,CRITICAL,Hook Management from Back Control | BJJ Wiki Brasil,"Management,Control,Brasil",Hook Management from Back Control,"Management,Control",Proper hook placement and maintenance in back mount,"Proper,placement,maintenance,mount"
bjj-back-control-pressure,CRITICAL,Back Control Pressure Techniques | BJJ Wiki Brasil,"Control,Pressure,Techniques,Brasil",Back Control Pressure Techniques,"Control,Pressure,Techniques",Maintaining and applying back mount pressure with hooks,"Maintaining,applying,mount,pressure,hooks"
bjj-back-escape-counter-guide,CRITICAL,Back Escape Counter Guide | BJJ Wiki Brasil,"Escape,Counter,Guide,Brasil",Back Escape Counter Guide,"Escape,Counter,Guide",Counter opponent back escape attempts using proper control and re-positioning strategies.,"Counter,opponent,escape,attempts,using"
bjj-back-escape-guide,INFO,Guia Back Escape | Defender da Posição de Costas | BJJ Wiki Brasil,"Escape,Defender,Costas,Brasil",Domine Esta Técnica,,"Master escaping the back mount position. Learn guards, bridging, and guard restoration from back position.","Master,escaping,mount,position,Learn"
bjj-back-escape-roll-guide,CRITICAL,Back Escape Roll Guide | BJJ Wiki Brasil,"Escape,Guide,Brasil",Back Escape Roll Guide,"Escape,Guide","Master rolling escape from back control using proper rotation, timing, and positioning.","Master,rolling,escape,control,using"
bjj-back-escape-seat-belt-guide,CRITICAL,Back Escape Seat Belt Guide | BJJ Wiki Brasil,"Escape,Guide,Brasil",Back Escape Seat Belt Guide,"Escape,Guide",Escape back control position when opponent has seat belt control using proper hand placement.,"Escape,control,position,opponent,control"
bjj-back-escape-system,CRITICAL,Sistema de Escape do Back no BJJ,"Sistema,Escape",Sistema de Escape do Back no BJJ,"Sistema,Escape","Aprenda abordagens sistemáticas para escapar do controle de costas no BJJ, incluindo escape por rolamento e método de qu","Aprenda,abordagens,escapar,controle,costas"
bjj-back-escape-to-guard,CRITICAL,Back Escape to Guard | BJJ Wiki Brasil,"Escape,Guard,Brasil",Back Escape to Guard,"Escape,Guard",Escape back position directly into guard using hook management and proper sequencing.,"Escape,position,directly,guard,using"
bjj-back-escape-to-turtle,CRITICAL,Back Escape to Turtle | BJJ Wiki Brasil,"Escape,Turtle,Brasil",Back Escape to Turtle,"Escape,Turtle",Transition from back control into turtle position using proper timing and hip movement.,"Transition,control,turtle,position,using"
bjj-back-escapes-guide,CRITICAL,Guia de Escapadas do Controle de Costas | BJJ Wiki,"Escapadas,Controle,Costas",🔙 Guia de Escapadas do Controle de Costas,"Escapadas,Controle,Costas","Como escapar do controle de costas no BJJ: escapada do seat belt, defesa turn-in, remoção de ganchos e sobrevivendo ao r","escapar,controle,costas,escapada,ganchos"
bjj-back-hooks-system,CRITICAL,Hook Placement System from Back | BJJ Wiki Brasil,"Placement,System,Brasil",Hook Placement System from Back | BJJ Wiki Brasil,"Placement,System,Brasil",Master hook placement for dominant back control.,"Master,placement,dominant,control"
bjj-back-step-pass,CRITICAL,Back Step Guard Pass | BJJ Wiki Brasil,"Guard,Brasil",Back Step Guard Pass | BJJ Wiki Brasil,"Guard,Brasil",Execute back step pass with proper hip movement and control.,"Execute,proper,movement,control"
bjj-back-take-concepts,CRITICAL,Conceitos de Back Take no BJJ: Como Pegar e Manter as Costas | BJJ Wiki,"Conceitos,Pegar,Manter,Costas",🪝 Conceitos de Back Take no BJJ,Conceitos,"Aprenda conceitos de back take no BJJ: controle seat belt, back takes da guarda, tartaruga e scrambles. Domine pelas cos","Aprenda,conceitos,controle,takes,tartaruga"
bjj-back-take-defense,CRITICAL,Defesa do Back Take | BJJ Wiki Brasil,Brasil,Defesa do Back Take,,"Defesa do back take no BJJ — prevenção, bloqueio do seat belt, defesa da posição turtle e recuperação da guarda.","bloqueio,turtle"
bjj-back-take-entries,CRITICAL,Entradas para Pegar as Costas no BJJ - Guia Completo,"Entradas,Pegar,Costas,Completo",Entradas para Pegar as Costas no BJJ,"Entradas,Pegar,Costas","Domine as entradas para pegar as costas no BJJ: da guarda, tartaruga, scrambles e de pé.","entradas,pegar,costas,tartaruga,scrambles"
bjj-back-take-from-guard-system,CRITICAL,Back Take From Guard System.Html Guide | BJJ Wiki Brasil | BJJ Wiki Brasil,"Guard,System,Guide,Brasil,Brasil",Back Take From Guard System.Html Guide,"Guard,System,Guide",Master back take from guard system.html techniques.,"Master,guard,system,techniques"
bjj-back-take-guide,CRITICAL,Pegada de Costas no BJJ: Como Pegar as Costas de Qualquer Posição | BJJ Wiki,"Pegada,Costas,Pegar,Costas,Qualquer",🎯 Pegada de Costas no BJJ: Como Pegar as Costas,"Pegada,Costas,Pegar,Costas","Domine a pegada de costas no BJJ: da tartaruga, guarda, scrambles e em pé — com posicionamento de ganchos, controle e fi","pegada,costas,tartaruga,scrambles,posicionamento"
bjj-back-to-mount-transition,CRITICAL,Back to Mount Control Transition | BJJ Wiki Brasil,"Mount,Control,Transition,Brasil",Back to Mount Control Transition | BJJ Wiki Brasil,"Mount,Control,Transition,Brasil",Transition from back control to mount position when opportunity arises.,"Transition,control,mount,position,opportunity"
bjj-back-walk-technique,CRITICAL,Back Walk / Back Step Technique | BJJ Wiki Brasil,"Technique,Brasil",Back Walk / Back Step Technique,Technique,Walking your opponent on their back for control and positioning,"Walking,opponent,their,control,positioning"
bjj-bad-position-survival,CRITICAL,Guia de Sobrevivência de Posição Ruim | BJJ Wiki Brasil,Brasil,Bad Position Survival Guide,"Position,Survival,Guide","Escaper posições ruins: side control, north-south, back control escapar","Escaper,ruins,control,north,south"
bjj-balance-in-bjj,CRITICAL,Balance Development in BJJ | BJJ Wiki Brasil,"Balance,Development,Brasil",Balance Development in BJJ | BJJ Wiki Brasil,"Balance,Development,Brasil",Desenvolva balance skills for standing and ground control.,"Desenvolva,balance,skills,standing,ground"
bjj-balloon-sweep-bjj,CRITICAL,Balloon Sweep (Sumi Gaeshi) | BJJ Wiki Brasil,"Balloon,Sweep,Gaeshi,Brasil",Balloon Sweep (Sumi Gaeshi) | BJJ Wiki Brasil,"Balloon,Sweep,Gaeshi,Brasil",Execute balloon/sumi gaeshi sweep with explosive power.,"Execute,balloon,gaeshi,sweep,explosive"
bjj-base-in-bjj,CRITICAL,Base no BJJ | Fundamentos de Estabilidade | BJJ Wiki Brasil,"Fundamentos,Estabilidade,Brasil",Domine Esta Técnica,,Master proper base in all positions. Learn foot placement and stability mechanics.,"Master,proper,positions,Learn,placement"
bjj-base-step-movements,CRITICAL,Movimentos de Base Step | BJJ Wiki Brasil,"Movimentos,Brasil",Movimentos de Base Step | BJJ Wiki Brasil,"Movimentos,Brasil",Movimentos de Base Step técnica BJJ,Movimentos
bjj-baseball-choke-details,CRITICAL,Detalhes do Baseball Choke | BJJ Wiki Brasil,"Detalhes,Baseball,Choke,Brasil",Detalhes do Baseball Choke | BJJ Wiki Brasil,"Detalhes,Baseball,Choke,Brasil",Detalhes do Baseball Choke técnica BJJ,"Detalhes,Baseball,Choke"
bjj-baseball-choke-system,CRITICAL,Baseball Choke System Guide | BJJ Wiki Brasil | BJJ Wiki Brasil,"Baseball,Choke,System,Guide,Brasil",Baseball Choke System Guide,"Baseball,Choke,System,Guide",Master baseball choke system in BJJ.,"Master,baseball,choke,system"
bjj-beginner-game-plan,CRITICAL,Game Plan for Beginners | BJJ Wiki Brasil,"Beginners,Brasil",Game Plan for Beginners,Beginners,Recommended game plan for white belt and beginner BJJ players. Simple effective strategy.,"Recommended,white,beginner,players,Simple"
bjj-beginner-mind-bjj,CRITICAL,Beginner Mind in BJJ | BJJ Wiki Brasil,"Beginner,Brasil",Beginner Mind in BJJ,Beginner,"The importance of beginner mind. Stay open, curious, and humble in your training.","importance,beginner,curious,humble,training"
bjj-beginner-mistakes-avoid,CRITICAL,Erros Mais Comuns de Iniciante em BJJ,"Erros,Comuns",Erros Mais Comuns de Iniciante em BJJ,"Erros,Comuns",Evite erros comuns de iniciante.,"Evite,erros,comuns"
bjj-beginner-mistakes,CRITICAL,Erros de Iniciantes no BJJ: 10 Erros que Faixas Brancas Cometem | BJJ Wiki,"Erros,Iniciantes,Erros,Faixas,Brancas",⚠️ Erros Comuns de Iniciantes no BJJ (E Como Corrigi-los),"Erros,Comuns,Iniciantes,Corrigi","Evite os erros mais comuns de iniciantes no BJJ: força excessiva, ignorar defesa, má postura — com correções para cada u","Evite,erros,comuns,iniciantes,excessiva"
bjj-beginners-guide,CRITICAL,Guia do Iniciante de BJJ: Primeiros 6 Meses no Tatame | BJJ Wiki,"Primeiros,Meses,Tatame",Guia Completo do Iniciante de BJJ: Os Primeiros 6 Meses,"Completo,Primeiros,Meses","Começando no BJJ? Este guia completo cobre técnicas essenciais, dicas de treino, progressão de faixas e o que esperar no","completo,cobre,essenciais,dicas,treino"
bjj-belt-promotion-criteria,CRITICAL,Belt Promotion Criteria | BJJ Wiki Brasil,"Promotion,Criteria,Brasil",Belt Promotion Criteria | BJJ Wiki Brasil,"Promotion,Criteria,Brasil",Standards and criteria for BJJ belt promotions.,"Standards,criteria,promotions"
bjj-belt-system,CRITICAL,"Sistema de Faixas do BJJ | Graus, Requisitos e Tempo","Sistema,Faixas,Graus,Requisitos,Tempo",Sistema de Faixas do BJJ: Guia Completo,"Sistema,Faixas,Completo","Guia completo do sistema de faixas do Brazilian Jiu-Jitsu — da faixa branca à preta, requisitos e quanto tempo leva cada","completo,sistema,faixas,faixa,branca"
bjj-berimbolo-guide,CRITICAL,Guia do Berimbolo: Tomada de Costas da De La Riva,"Berimbolo,Tomada,Costas",Guia do Berimbolo: Tomada de Costas da De La Riva,"Berimbolo,Tomada,Costas","Mecânica do berimbolo da guarda De La Riva — entrada por inversão, sequência de tomada de costas, finalização e defesa c","berimbolo,entrada,tomada,costas,contra"
bjj-berimbolo-system,CRITICAL,Sistema Berimbolo no BJJ | Inversão DLR para Back Take,"Sistema,Berimbolo",Sistema Berimbolo no BJJ,"Sistema,Berimbolo","O sistema berimbolo no BJJ: entrada pelo DLR, mecânica de inversão, detalhes do back take e counters para intermediários","sistema,berimbolo,entrada,detalhes,counters"
bjj-berimbolo,CRITICAL,Berimbolo no BJJ: Como Inverter e Pegar as Costas | BJJ Wiki,"Berimbolo,Inverter,Pegar,Costas",🌀 Guia do Berimbolo,Berimbolo,"Aprenda o berimbolo no BJJ: mecânica de inversão, grips de de la Riva e sequências de back take.","Aprenda,berimbolo,grips"
bjj-bernardo-faria-system,CRITICAL,"Sistema de BJJ de Bernardo Faria | Passagem Over-Under, Deep Half e Mais","Sistema,Bernardo,Faria,Under",Bernardo Faria BJJ System,"Bernardo,Faria,System","Domine o sistema de BJJ característico de Bernardo Faria incluindo passagem over-under, guarda deep half e sequências de","sistema,Bernardo,Faria,incluindo,under"
bjj-between-matches-bjj,CRITICAL,Managing Between Matches | BJJ Wiki Brasil,"Managing,Between,Matches,Brasil",Managing Between Matches | BJJ Wiki Brasil,"Managing,Between,Matches,Brasil",Strategies for managing energy between competition matches.,"Strategies,managing,energy,between,competition"
bjj-bicep-cutter-guard,CRITICAL,Bicep Cutter Guard | BJJ Wiki Brasil,"Bicep,Cutter,Guard,Brasil",Bicep Cutter Guard | BJJ Wiki Brasil,"Bicep,Cutter,Guard,Brasil",Bicep Cutter Guard técnica BJJ,"Bicep,Cutter,Guard"
bjj-bjj-academy-guide,CRITICAL,Choosing a BJJ Academy | BJJ Wiki Brasil,"Choosing,Academy,Brasil",Choosing a BJJ Academy | BJJ Wiki Brasil,"Choosing,Academy,Brasil",Guide to selecting the right academy for your goals.,"Guide,selecting,right,academy,goals"
bjj-bjj-belt-ceremony,CRITICAL,Belt Promotion Ceremonies | BJJ Wiki Brasil,"Promotion,Ceremonies,Brasil",Belt Promotion Ceremonies | BJJ Wiki Brasil,"Promotion,Ceremonies,Brasil",Understand belt promotion ceremonies and traditions.,"Understand,promotion,ceremonies,traditions"
bjj-bjj-community,CRITICAL,The BJJ Community | BJJ Wiki Brasil,"Community,Brasil",The BJJ Community | BJJ Wiki Brasil,"Community,Brasil",Embrace the vibrant and supportive BJJ community.,"Embrace,vibrant,supportive,community"
bjj-bjj-culture-guide,CRITICAL,BJJ Culture and Etiquette | BJJ Wiki Brasil,"Culture,Etiquette,Brasil",BJJ Culture and Etiquette | BJJ Wiki Brasil,"Culture,Etiquette,Brasil","Master BJJ culture, traditions, and proper etiquette.","Master,culture,traditions,proper,etiquette"
bjj-bjj-for-adults,CRITICAL,Starting BJJ as an Adult | BJJ Wiki Brasil,"Starting,Adult,Brasil",Starting BJJ as an Adult | BJJ Wiki Brasil,"Starting,Adult,Brasil",Comprehensive guide for adult beginners in BJJ.,"Comprehensive,guide,adult,beginners"
bjj-bjj-for-women,CRITICAL,BJJ for Women | BJJ Wiki Brasil,"Women,Brasil",BJJ for Women | BJJ Wiki Brasil,"Women,Brasil",Empowering guide for women in Brazilian Jiu-Jitsu.,"Empowering,guide,women"
bjj-bjj-habits-guide,CRITICAL,Building Good BJJ Habits | BJJ Wiki Brasil,"Building,Habits,Brasil",Building Good BJJ Habits | BJJ Wiki Brasil,"Building,Habits,Brasil",Create daily habits that accelerate your BJJ progression.,"Create,daily,habits,accelerate,progression"
bjj-bjj-lineage-guide,CRITICAL,BJJ Lineage and Affiliation | BJJ Wiki Brasil,"Lineage,Affiliation,Brasil",BJJ Lineage and Affiliation | BJJ Wiki Brasil,"Lineage,Affiliation,Brasil",Understand BJJ lineage systems and academy affiliation.,"Understand,lineage,systems,academy,affiliation"
bjj-bjj-travel-guide,CRITICAL,Traveling for BJJ | BJJ Wiki Brasil,"Traveling,Brasil",Traveling for BJJ | BJJ Wiki Brasil,"Traveling,Brasil",Plan training trips and travel for BJJ development.,"training,trips,travel,development"
bjj-black-belt-concepts,CRITICAL,Conceitos de Faixa Preta no BJJ | BJJ Wiki,"Conceitos,Faixa,Preta",Conceitos de Faixa Preta no BJJ,"Conceitos,Faixa,Preta","Os princípios, mentalidade e conceitos que definem o BJJ de nível faixa preta — da compreensão técnica à capacidade de l","mentalidade,conceitos,definem,faixa,preta"
bjj-black-belt-guide,CRITICAL,"Guia da Faixa Preta no BJJ | A Jornada, Cronograma e o que Significa","Faixa,Preta,Jornada,Cronograma,Significa",Guia da Faixa Preta no BJJ,"Faixa,Preta","A faixa preta no BJJ: cronograma realista (8-12 anos), o que os instrutores procuram, requisitos IBJJF e vida como faixa","faixa,preta,cronograma,realista,instrutores"
bjj-black-belt-mindset,CRITICAL,Mentalidade da Faixa Preta de BJJ: O que É Necessário e o que Realmente Signific,"Mentalidade,Faixa,Preta,Realmente,Significa",Mentalidade da Faixa Preta de BJJ,"Mentalidade,Faixa,Preta","A jornada da faixa preta de BJJ — o que o cinturão realmente representa, a mentalidade necessária e como praticantes de ","jornada,faixa,preta,realmente,representa"
bjj-black-belt-requirements,CRITICAL,Requisitos da Faixa Preta no BJJ | A Conquista Máxima,"Requisitos,Faixa,Preta,Conquista",⚫ Requisitos da Faixa Preta no BJJ,"Requisitos,Faixa,Preta","O que é necessário para ganhar a faixa preta no BJJ? Guia completo dos requisitos, cronograma, e a jornada contínua após","ganhar,faixa,preta,completo,requisitos"
bjj-blast-double-guide,CRITICAL,Guia de Derrubada de Dupla Perna Explosiva,"Derrubada,Dupla,Perna,Explosiva",Guia de Derrubada de Dupla Perna Explosiva | BJJ Wiki Brasil,"Derrubada,Dupla,Perna,Explosiva,Brasil",Domine a derrubada de dupla perna explosiva.,"derrubada,dupla,perna,explosiva"
bjj-blast-double-leg,CRITICAL,Blast Double Leg: Snapdown com Potência em PT,"Blast,Double,Snapdown",Blast Double Leg: Snapdown & Power Shot,"Blast,Double,Snapdown,Power","Técnica de blast double leg — configuração de snapdown, shooting explosivo do clinch, mecânica de potência e métodos de ","blast,double,snapdown,shooting,explosivo"
bjj-blue-belt-game,CRITICAL,Jogo da Faixa Azul de BJJ: Construindo Seu Estilo Pessoal e Expandindo Seu Jogo,"Faixa,Construindo,Estilo,Pessoal,Expandindo",Desenvolvimento do Jogo da Faixa Azul de BJJ,"Desenvolvimento,Faixa","Como faixas azuis desenvolvem um jogo pessoal de BJJ — construindo preferências de guarda, passagem e finalização, e os ","faixas,azuis,desenvolvem,pessoal,construindo"
bjj-blue-belt-guide,CRITICAL,"Guia da Faixa Azul no BJJ | Habilidades, Cronograma e Erros Comuns","Faixa,Habilidades,Cronograma,Erros,Comuns",Guia da Faixa Azul no BJJ,Faixa,"O que uma faixa azul no BJJ precisa? Requisitos técnicos, cronograma típico (1-2 anos), mudanças de mentalidade e evitan","faixa,precisa,Requisitos,cronograma,mentalidade"
bjj-blue-belt-requirements,CRITICAL,Requisitos Faixa Azul BJJ 2026 — O Que Você Precisa para Ser Promovido,"Requisitos,Faixa,Precisa,Promovido",🥋 Requisitos Faixa Azul BJJ 2026,"Requisitos,Faixa","Exatamente o que você precisa para a faixa azul de BJJ: técnicas, tempo, mentalidade e o que os instrutores procuram ant","Exatamente,precisa,faixa,tempo,mentalidade"
bjj-body-lock-guide,CRITICAL,Body Lock Position & Technique | BJJ Wiki Brasil,"Position,Technique,Brasil",Body Lock Position & Technique,"Position,Technique",Body lock control systems for both gi and no-gi with escape defense,"control,systems,escape,defense"
bjj-body-lock-pass-guide,CRITICAL,Body Lock Guard Pass | BJJ Wiki Brasil,"Guard,Brasil",Body Lock Guard Pass | BJJ Wiki Brasil,"Guard,Brasil",Use body lock control to pass guard effectively.,"control,guard,effectively"
bjj-body-lock-takedown,CRITICAL,Body Lock Takedown | Takedown de Clinch | BJJ Wiki Brasil,"Takedown,Takedown,Clinch,Brasil",Domine Esta Técnica,,Learn body lock takedowns. Master explosive mechanics and ground control transitions.,"Learn,takedowns,Master,explosive,mechanics"
bjj-body-lock-takedowns,INFO,Guia de Derrubada com Traço de Corpo,"Derrubada,Corpo",Guia de Derrubada com Traço de Corpo | BJJ Wiki Brasil,"Derrubada,Corpo,Brasil",Aprenda o controle de body lock e derrubadas.,"Aprenda,controle,derrubadas"
bjj-body-mechanic-bjj,CRITICAL,Body Mechanics in BJJ | BJJ Wiki Brasil,"Mechanics,Brasil",Body Mechanics in BJJ,Mechanics,"Understanding leverage, angles, and biomechanics in grappling","Understanding,leverage,angles,biomechanics,grappling"
bjj-body-triangle-escapes,CRITICAL,Escaping Body Triangle | BJJ Wiki Brasil,"Escaping,Brasil",Escaping Body Triangle,Escaping,Defense and escape methods from body triangle submissions,"Defense,escape,methods,submissions"
bjj-bottom-game-guide,CRITICAL,Guia de Jogo de Baixo | BJJ Wiki Brasil,"Baixo,Brasil",Bottom Game Guide,"Bottom,Guide","Jogo de baixo: ataques de guarda, varreduras, escapes, contra-ataques","baixo,ataques,varreduras,escapes,contra"
bjj-bottom-game-mastery,CRITICAL,Maestria no Jogo de Baixo no BJJ,"Maestria,Baixo",Maestria no Jogo de Baixo do BJJ — Sistema Completo,"Maestria,Baixo,Sistema,Completo","Domine o jogo de baixo completo no BJJ. Raspagens, finalizações, retenção de guarda e transições posicionais de todas as","baixo,completo,Raspagens,posicionais,todas"
bjj-bottom-game-system,CRITICAL,Sistema de Jogo Inferior Completo | Maestria de Guarda | BJJ Wiki Brasil,"Sistema,Inferior,Completo,Maestria,Brasil",Sistema de Jogo Inferior Completo,"Sistema,Inferior,Completo","Domine posição inferior BJJ: retenção de guarda, varreduras, submissões. Defenda e ataque de baixo.","inferior,varreduras,Defenda,baixo"
bjj-bow-and-arrow-choke,CRITICAL,Bow and Arrow Choke no BJJ: Técnica de Gi e Controle de Costas | BJJ Wiki,"Arrow,Choke,Controle,Costas",🎯 Guia do Bow and Arrow Choke,"Arrow,Choke","Domine o bow and arrow choke no BJJ: grip de gola, controle de perna e mecânica de finalização.","arrow,choke,controle,perna"
bjj-bow-arrow-details,CRITICAL,Guia de Detalhes de Estrangulamento de Arco e Flecha,"Detalhes,Estrangulamento,Flecha",Guia de Detalhes de Estrangulamento de Arco e Flecha | BJJ Wiki Brasil,"Detalhes,Estrangulamento,Flecha,Brasil",Aprenda os mecanismos do poderoso estrangulamento de arco e flecha.,"Aprenda,mecanismos,poderoso,estrangulamento,flecha"
bjj-bow-arrow-from-back,CRITICAL,Guia de Estrangulamento de Arco e Flecha das Costas,"Estrangulamento,Flecha,Costas",Guia de Estrangulamento de Arco e Flecha das Costas | BJJ Wiki Brasil,"Estrangulamento,Flecha,Costas,Brasil",Domine a mecânica do estrangulamento de arco e flecha.,"estrangulamento,flecha"
bjj-brabo-choke-guide,CRITICAL,Choke Brabo: Side Control e Entradas,"Choke,Brabo,Control,Entradas",Choke Brabo: Side Control e Entradas,"Choke,Brabo,Control,Entradas",Aprenda o choke brabo do side control.,"Aprenda,choke,brabo,control"
bjj-bracket-reading,CRITICAL,"Leitura de Chaves no BJJ — Reconhecimento, Planejamento e Ritmo","Leitura,Chaves,Reconhecimento,Planejamento,Ritmo",Leitura de Chaves no BJJ — Reconhecimento e Planejamento,"Leitura,Chaves,Reconhecimento,Planejamento","Como ler uma chave de torneio de BJJ — reconhecer oponentes, planejar seu caminho para o ouro, ritmo entre várias lutas ","chave,torneio,reconhecer,oponentes,planejar"
bjj-breaking-down-guard,CRITICAL,Breaking Down Opponent Guard | BJJ Wiki Brasil,"Breaking,Opponent,Guard,Brasil",Breaking Down Opponent Guard | BJJ Wiki Brasil,"Breaking,Opponent,Guard,Brasil",Técnicas to break posture and break down guard.,"break,posture,break,guard"
bjj-breaking-grips-guide,CRITICAL,Breaking Opponent Grips: Complete Guide | BJJ Wiki Brasil,"Breaking,Opponent,Grips,Complete,Guide",Breaking Opponent Grips: Complete Guide | BJJ Wiki Brasil,"Breaking,Opponent,Grips,Complete,Guide",Learn methods to break and escape opponent grips effectively.,"Learn,methods,break,escape,opponent"
bjj-breaking-leg-defense,CRITICAL,Quebrando a Defesa de Gravata | BJJ Wiki Brasil,"Quebrando,Gravata,Brasil",Quebrando a Defesa de Gravata | BJJ Wiki Brasil,"Quebrando,Gravata,Brasil",Quebrando a Defesa de Gravata técnica BJJ,"Quebrando,Gravata"
bjj-breaking-posture-guard,CRITICAL,Breaking Posture in Guard | BJJ Wiki Brasil,"Breaking,Posture,Guard,Brasil",Breaking Posture in Guard,"Breaking,Posture,Guard",Complete guide to breaking posture from guard. Essential guard strategy for sweeps and submissions.,"Complete,guide,breaking,posture,guard"
bjj-brown-belt-requirements,CRITICAL,Requisitos da Faixa Marrom no BJJ | O Estágio Pré-Preta,"Requisitos,Faixa,Marrom,Preta",🟤 Requisitos da Faixa Marrom no BJJ,"Requisitos,Faixa,Marrom","Guia completo dos requisitos da faixa marrom no BJJ. Anos de treino, profundidade técnica, expectativas de ensino e a jo","completo,requisitos,faixa,marrom,treino"
bjj-bullfighter-pass-guide,CRITICAL,Bullfighter Pass System | BJJ Wiki Brasil | BJJ Wiki,"Bullfighter,System,Brasil",Bullfighter Pass System,"Bullfighter,System",Bullfighter/toreando pass technique.,"Bullfighter,toreando,technique"
bjj-butt-scoot-technique,CRITICAL,Butt Scoot Technique | BJJ Wiki Brasil,"Scoot,Technique,Brasil",Butt Scoot Technique | BJJ Wiki Brasil,"Scoot,Technique,Brasil",Master butt scoot for guard establishment.,"Master,scoot,guard,establishment"
bjj-butterfly-guard-attacks,CRITICAL,Butterfly Guard Attacks | BJJ Wiki Brasil,"Butterfly,Guard,Attacks,Brasil",Butterfly Guard Attacks,"Butterfly,Guard,Attacks","Comprehensive guide to attacking from butterfly guard including submissions, sweeps, and advanced offensive techniques.","Comprehensive,guide,attacking,butterfly,guard"
bjj-butterfly-guard-entries,CRITICAL,Entries to Butterfly Guard | BJJ Wiki Brasil | BJJ Wiki,"Entries,Butterfly,Guard,Brasil",Entries to Butterfly Guard,"Entries,Butterfly,Guard",How to get to butterfly guard position.,"butterfly,guard,position"
bjj-butterfly-guard-fundamentals,CRITICAL,"Fundamentos da Guarda Borboleta no BJJ: Ganchos, Varridas e Costas | BJJ Wiki","Fundamentos,Borboleta,Ganchos,Varridas,Costas",🦋 Fundamentos da Guarda Borboleta no BJJ,"Fundamentos,Borboleta","Domine a guarda borboleta no BJJ: posicionamento de ganchos, body lock, elevator sweep, seatbelt e entradas de costas.","borboleta,posicionamento,ganchos,elevator,sweep"
bjj-butterfly-guard-guide,CRITICAL,"Guia da Guarda Borboleta no BJJ — Varreduras, Costas e Finalizações","Borboleta,Varreduras,Costas","Guia da Guarda Borboleta no BJJ — Ganchos, Varreduras e Costas","Borboleta,Ganchos,Varreduras,Costas","Guia completo da guarda borboleta no BJJ — mecânica dos ganchos, varreduras elevadas, pegadas de costas e finalizações d","completo,borboleta,ganchos,varreduras,elevadas"
bjj-butterfly-guard-sweeps,CRITICAL,Varridas da Guarda Borboleta no BJJ | BJJ Wiki,"Varridas,Borboleta",🦋 Varridas da Guarda Borboleta no BJJ,"Varridas,Borboleta","Domine as varridas da guarda borboleta no BJJ: o lift básico, hook sweep, Homer Simpson e por que a guarda borboleta fun","varridas,borboleta,sweep,Homer,Simpson"
bjj-butterfly-guard-system,CRITICAL,Butterfly Guard System | BJJ Wiki Brasil | BJJ Wiki,"Butterfly,Guard,System,Brasil",Butterfly Guard System,"Butterfly,Guard,System",Complete butterfly guard system overview.,"Complete,butterfly,guard,system,overview"
bjj-butterfly-guard,CRITICAL,"Guarda Borboleta no BJJ: Raspagens, Ganchos e Finalizações | BJJ Wiki","Borboleta,Raspagens,Ganchos",🦋 Guarda Borboleta: Sistema Completo,"Borboleta,Sistema,Completo","Guia completo da guarda borboleta para BJJ: arm drag, raspagem de duplo gancho, pegada de costas e entradas.","completo,borboleta,raspagem,duplo,gancho"
bjj-butterfly-hook-game,CRITICAL,Butterfly Hook Game | BJJ Wiki Brasil,"Butterfly,Brasil",Butterfly Hook Game,Butterfly,Master the butterfly hook system for controlling opponents and creating submission opportunities in guard positions.,"Master,butterfly,system,controlling,opponents"
bjj-butterfly-hooks-guide,CRITICAL,Butterfly Hooks and Control | BJJ Wiki Brasil | BJJ Wiki,"Butterfly,Hooks,Control,Brasil",Butterfly Hooks and Control,"Butterfly,Hooks,Control",Hook placement and maintenance in butterfly guard.,"placement,maintenance,butterfly,guard"
bjj-butterfly-submissions,CRITICAL,Submissions from Butterfly Guard | BJJ Wiki Brasil | BJJ Wiki,"Submissions,Butterfly,Guard,Brasil",Submissions from Butterfly Guard,"Submissions,Butterfly,Guard",Submission techniques from butterfly guard.,"Submission,techniques,butterfly,guard"
bjj-butterfly-sweep-guide,CRITICAL,Butterfly Sweep Mechanics | BJJ Wiki Brasil | BJJ Wiki,"Butterfly,Sweep,Mechanics,Brasil",Butterfly Sweep Mechanics,"Butterfly,Sweep,Mechanics",Classic butterfly sweep technique and timing.,"Classic,butterfly,sweep,technique,timing"
bjj-butterfly-sweep-mechanics,CRITICAL,Butterfly Guard Sweep Mechanics | BJJ Wiki Brasil,"Butterfly,Guard,Sweep,Mechanics,Brasil",Butterfly Guard Sweep Mechanics,"Butterfly,Guard,Sweep,Mechanics","Master butterfly guard sweeps with proper hip mechanics, leverage points, and timing for maximum effectiveness in all po","Master,butterfly,guard,sweeps,proper"
bjj-butterfly-to-back-guide,CRITICAL,Butterfly Guard to Back Take | BJJ Wiki Brasil,"Butterfly,Guard,Brasil",Butterfly Guard to Back Take,"Butterfly,Guard",Execute smooth transitions from butterfly guard to back control using proper grip sequencing and positional flow.,"Execute,smooth,transitions,butterfly,guard"
bjj-butterfly-vs-pressure,CRITICAL,Butterfly Guard vs Pressure Passing | BJJ Wiki Brasil,"Butterfly,Guard,Pressure,Passing,Brasil",Butterfly Guard vs Pressure Passing,"Butterfly,Guard,Pressure,Passing",Defend and counter pressure passing attacks while maintaining butterfly guard using leverage and proper positioning.,"Defend,counter,pressure,passing,attacks"
bjj-calf-slicer-finish,CRITICAL,Calf Slicer Finishing Mechanics | BJJ Wiki Brasil,"Slicer,Finishing,Mechanics,Brasil",Calf Slicer Finishing Mechanics | BJJ Wiki Brasil,"Slicer,Finishing,Mechanics,Brasil",Learn calf slicer finishing techniques safely.,"Learn,slicer,finishing,techniques,safely"
bjj-calf-slicer-guide,CRITICAL,Guia de Cortador de Panturrilha,"Cortador,Panturrilha",Guia de Cortador de Panturrilha | BJJ Wiki Brasil,"Cortador,Panturrilha,Brasil",Domine o cortador de panturrilha com mecanismos adequados.,"cortador,panturrilha,mecanismos,adequados"
bjj-calf-slicer-system,CRITICAL,Calf Slicer System Guide | BJJ Wiki Brasil | BJJ Wiki Brasil,"Slicer,System,Guide,Brasil,Brasil",Calf Slicer System Guide,"Slicer,System,Guide",Master calf slicer system in BJJ.,"Master,slicer,system"
bjj-can-opener-guide,CRITICAL,Can Opener — Estrangulamento Completo | BJJ Wiki Brasil | BJJ Wiki,"Opener,Estrangulamento,Completo,Brasil",Can Opener — Guia Completo de Técnica,"Opener,Completo","Domine o can opener: mecânica de quebra de guarda, setup e contra-estratégias.","opener,quebra,setup,contra"
bjj-capitalizing-mistakes,CRITICAL,Capitalizing on Opponent Mistakes | BJJ Wiki Brasil,"Capitalizing,Opponent,Mistakes,Brasil",Capitalizing on Opponent Mistakes,"Capitalizing,Opponent,Mistakes",Learn to capitalize on opponent mistakes in real-time. Punish errors and advance your position.,"Learn,capitalize,opponent,mistakes,Punish"
bjj-cardio-systems-guide,CRITICAL,Guia de Sistemas Cardio BJJ | BJJ Wiki Brasil,"Sistemas,Cardio,Brasil",Guia de Sistemas Cardio BJJ,"Sistemas,Cardio","Domine treinamento aeróbico e anaeróbico para BJJ: HIIT, estado estável, sistemas de energia específicos do esporte.","treinamento,estado,sistemas,energia,esporte"
bjj-cardio-training-bjj,CRITICAL,Cardio Training Bjj | BJJ Wiki,"Cardio,Training",Cardio Training Bjj,"Cardio,Training",Cardio Training Bjj BJJ technique guide,"Cardio,Training,technique,guide"
bjj-cardio-training-guide,CRITICAL,Cardio Training for BJJ Athletes | BJJ Wiki Brasil,"Cardio,Training,Athletes,Brasil",Cardio Training for BJJ Athletes | BJJ Wiki Brasil,"Cardio,Training,Athletes,Brasil",Develop cardiovascular fitness specific to BJJ demands.,"Develop,cardiovascular,fitness,specific,demands"
bjj-cardio-training,CRITICAL,Treinamento de Cardio para BJJ | BJJ Wiki,"Treinamento,Cardio",🫀 Treinamento de Cardio para BJJ,"Treinamento,Cardio","Treinamento de cardio para BJJ: construção de base aeróbica, treino intervalado, desenvolvimento de sistemas energéticos","Treinamento,cardio,treino,intervalado,desenvolvimento"
bjj-carlos-gracie-legacy,CRITICAL,Legacy Carlos Gracie | BJJ Wiki Brasil,"Legacy,Carlos,Brasil",Legacy Carlos Gracie | BJJ Wiki Brasil,"Legacy,Carlos,Brasil","Explore legacy Carlos Gracie—ensino sistemático, dominância competitiva e desenvolvimento de educação BJJ moderna.","Explore,legacy,Carlos,ensino,competitiva"
bjj-cement-mixer-guide,CRITICAL,Cement Mixer Guide Guide | BJJ Wiki Brasil | BJJ Wiki Brasil,"Cement,Mixer,Guide,Guide,Brasil",Cement Mixer Guide Guide,"Cement,Mixer,Guide,Guide",Master cement mixer guide in BJJ.,"Master,cement,mixer,guide"
bjj-chest-to-chest-control,CRITICAL,Controle Peito a Peito no BJJ | Dominando o Grappling de Curta Distância,"Controle,Peito,Peito,Dominando,Grappling",Controle Peito a Peito no BJJ,"Controle,Peito,Peito",O controle peito a peito no BJJ refere-se a manter contato corporal firme com o oponente para controlar o movimento e pr,"controle,peito,peito,refere,manter"
bjj-choke-defense-guide,CRITICAL,Choke Defense Guide Guide | BJJ Wiki Brasil | BJJ Wiki Brasil,"Choke,Defense,Guide,Guide,Brasil",Choke Defense Guide Guide,"Choke,Defense,Guide,Guide",Master choke defense guide for BJJ training and competition.,"Master,choke,defense,guide,training"
bjj-choose-gym,CRITICAL,Como Escolher uma Academia de BJJ: Sinais de Alerta e o Que Procurar | BJJ Wiki,"Escolher,Academia,Sinais,Alerta,Procurar",🏫 Como Escolher uma Academia de BJJ: Sinais de Alerta e Requisitos,"Escolher,Academia,Sinais,Alerta,Requisitos","Como escolher a academia de BJJ certa: o que procurar em um instrutor, estrutura de aula, cultura, sinais de alerta e co","escolher,academia,certa,procurar,instrutor"
bjj-clinch-to-takedown,CRITICAL,Clinch to Takedown Transition | BJJ Wiki Brasil,"Clinch,Takedown,Transition,Brasil",Clinch to Takedown Transition,"Clinch,Takedown,Transition",Transitioning from clinch positions to effective takedowns,"Transitioning,clinch,positions,effective,takedowns"
bjj-clinch-work-bjj,CRITICAL,Trabalho de Clinch e Quedas: BJJ em Pé,"Trabalho,Clinch,Quedas",Clinch Work & Takedowns: BJJ Standup,"Clinch,Takedowns,Standup",Domine clinch work e takedowns em pé da perspectiva BJJ para gi e no-gi.,"clinch,takedowns,perspectiva"
bjj-clinch-work-guide,CRITICAL,Guia de Trabalho de Clinch no BJJ,"Trabalho,Clinch",Guia de Trabalho de Clinch no BJJ | BJJ Wiki Brasil,"Trabalho,Clinch,Brasil",Domine o controle de clinch e transições para derrubadas.,"controle,clinch,derrubadas"
bjj-clinch-work,CRITICAL,"Clinch no BJJ: Underhooks, Projeções e Takedowns | BJJ Wiki","Clinch,Underhooks,Takedowns",🤜 Guia de Clinch Work,Clinch,"Domine o clinch no BJJ: disputas de underhook, body lock, inside trip e setups de takedown.","clinch,disputas,underhook,inside,setups"
bjj-clock-choke-guide,CRITICAL,Guia do Clock Choke | BJJ Wiki,"Clock,Choke",⏰ Guia do Clock Choke,"Clock,Choke","O clock choke no BJJ: setup da tartaruga e guarda superior, opções de pegada, mecânica de pressão, ataques combinados e ","clock,choke,setup,tartaruga,superior"
bjj-clock-choke-system,CRITICAL,Clock Choke System Guide | BJJ Wiki Brasil | BJJ Wiki Brasil,"Clock,Choke,System,Guide,Brasil",Clock Choke System Guide,"Clock,Choke,System,Guide",Master clock choke system in BJJ.,"Master,clock,choke,system"
bjj-closed-guard-armlocks,CRITICAL,Arm Locks from Closed Guard | BJJ Wiki Brasil | BJJ Wiki,"Locks,Closed,Guard,Brasil",Arm Locks from Closed Guard,"Locks,Closed,Guard",Armlock techniques from closed guard.,"Armlock,techniques,closed,guard"
bjj-closed-guard-attacks,CRITICAL,Ataques da Guarda Fechada no BJJ - Guia Completo,"Ataques,Fechada,Completo",Ataques da Guarda Fechada no BJJ,"Ataques,Fechada","Aprenda os ataques mais eficazes da guarda fechada no BJJ: triângulo, armbar, kimura e setups de raspagem.","Aprenda,ataques,eficazes,fechada,setups"
bjj-closed-guard-chokes,CRITICAL,Chokes from Closed Guard | BJJ Wiki Brasil | BJJ Wiki,"Chokes,Closed,Guard,Brasil",Chokes from Closed Guard,"Chokes,Closed,Guard",Choking techniques from closed guard position.,"Choking,techniques,closed,guard,position"
bjj-closed-guard-concepts,CRITICAL,"Conceitos de Guarda Fechada de BJJ: Controle, Finalizações e Raspagens","Conceitos,Fechada,Controle,Raspagens",Conceitos de Guarda Fechada de BJJ,"Conceitos,Fechada","Domine a guarda fechada de BJJ — quebrando postura, movimento de quadril, setups de finalização e os conceitos que torna","fechada,quebrando,postura,movimento,quadril"
bjj-closed-guard-fundamentals,CRITICAL,Fundamentos da Guarda Fechada no BJJ: A Base do Jogo de Guarda | BJJ Wiki,"Fundamentos,Fechada",🔒 Fundamentos da Guarda Fechada no BJJ,"Fundamentos,Fechada","Domine a guarda fechada no BJJ: quebra de postura, controle de distância, hip bumps, armbars, triângulos e entradas de e","fechada,quebra,postura,controle,bumps"
bjj-closed-guard-sweeps,CRITICAL,Closed Guard Sweeps | BJJ Wiki Brasil | BJJ Wiki,"Closed,Guard,Sweeps,Brasil",Closed Guard Sweeps,"Closed,Guard,Sweeps",Sweep techniques from closed guard.,"Sweep,techniques,closed,guard"
bjj-closed-guard-system,CRITICAL,Sistema Guarda Fechada: Guia Completo de BJJ,"Sistema,Fechada,Completo",Sistema Guarda Fechada: Guia Completo de BJJ,"Sistema,Fechada,Completo","Sistema guarda fechada completo — quebrar postura, kimura, armbar, triângulo, omoplata e sweeps da posição de guarda fec","Sistema,fechada,completo,quebrar,postura"
bjj-closed-guard-systems,CRITICAL,Sistemas de Guarda Fechada no BJJ — Guia Completo de Ataques e Varridas,"Sistemas,Fechada,Completo,Ataques,Varridas",Sistemas de Guarda Fechada no BJJ,"Sistemas,Fechada","Domine a guarda fechada com cadeias de ataque, varridas e finalizações. Do hip bump ao triângulo e chave de braço.","fechada,cadeias,varridas,chave"
bjj-coaching-tips,CRITICAL,Dicas de Coaching para BJJ | BJJ Wiki,"Dicas,Coaching",📚 Dicas de Coaching para BJJ,"Dicas,Coaching","Dicas de coaching para BJJ: como ensinar técnicas efetivamente, estruturar o tempo de aula, dar feedback e desenvolver p","Dicas,coaching,ensinar,efetivamente,estruturar"
bjj-collar-and-elbow-control,CRITICAL,Collar and Elbow Control System | BJJ Wiki Brasil,"Collar,Elbow,Control,System,Brasil",Collar and Elbow Control System,"Collar,Elbow,Control,System",Classic wrestling control for takedowns and position transitions,"Classic,wrestling,control,takedowns,position"
bjj-collar-choke-from-back,CRITICAL,Guia de Estrangulamento de Colarinho das Costas,"Estrangulamento,Colarinho,Costas",Guia de Estrangulamento de Colarinho das Costas | BJJ Wiki Brasil,"Estrangulamento,Colarinho,Costas,Brasil",Aprenda o estrangulamento de colarinho do controle das costas.,"Aprenda,estrangulamento,colarinho,controle,costas"
bjj-collar-choke-guard,CRITICAL,Collar Chokes from Guard | BJJ Wiki Brasil,"Collar,Chokes,Guard,Brasil",Collar Chokes from Guard | BJJ Wiki Brasil,"Collar,Chokes,Guard,Brasil",Learn collar choke variations from guard positions.,"Learn,collar,choke,variations,guard"
bjj-collar-drag-guard,CRITICAL,Collar Drag Guard | BJJ Wiki Brasil,"Collar,Guard,Brasil",Collar Drag Guard | BJJ Wiki Brasil,"Collar,Guard,Brasil",Execute collar drag from guard for back take or sweeps.,"Execute,collar,guard,sweeps"
bjj-collar-grip-fighting,CRITICAL,Guia de Luta de Grip de Colarinho,Colarinho,Guia de Luta de Grip de Colarinho | BJJ Wiki Brasil,"Colarinho,Brasil",Domine a luta de grip para controle de colarinho.,"controle,colarinho"
bjj-collar-grip-guide,CRITICAL,Collar Grip Fighting in BJJ | BJJ Wiki Brasil,"Collar,Fighting,Brasil",Collar Grip Fighting in BJJ | BJJ Wiki Brasil,"Collar,Fighting,Brasil",Control your opponent with effective collar grip strategies.,"Control,opponent,effective,collar,strategies"
bjj-collar-sleeve-guard,INFO,Guarda Collar Sleeve | Guarda Clássica | BJJ Wiki Brasil,"Collar,Sleeve,Brasil",Domine Esta Técnica,,"Master collar and sleeve guard control. Learn setup, sweeps, and submission threats from this guard.","Master,collar,sleeve,guard,control"
bjj-collar-sleeve-system,CRITICAL,Collar Sleeve System Guide | BJJ Wiki Brasil | BJJ Wiki Brasil,"Collar,Sleeve,System,Guide,Brasil",Collar Sleeve System Guide,"Collar,Sleeve,System,Guide",Master collar sleeve system in BJJ.,"Master,collar,sleeve,system"
bjj-collar-tie-system,CRITICAL,Sistema Collar Tie | Clinch Antigo | BJJ Wiki Brasil,"Sistema,Collar,Clinch,Antigo,Brasil",Domine Esta Técnica,,"Master the collar tie control system. Learn setup, dominant control, and takedown options.","Master,collar,control,system,Learn"
bjj-collar-tie-takedowns,CRITICAL,Collar Tie Takedown Chains | BJJ Wiki Brasil,"Collar,Takedown,Chains,Brasil",Collar Tie Takedown Chains | BJJ Wiki Brasil,"Collar,Takedown,Chains,Brasil",Dominate standing position using collar tie control and chaining takedowns.,"Dominate,standing,position,using,collar"
bjj-combination-attacks-bjj,CRITICAL,Combination Attack Theory in BJJ | BJJ Wiki Brasil,"Combination,Attack,Theory,Brasil",Combination Attack Theory in BJJ | BJJ Wiki Brasil,"Combination,Attack,Theory,Brasil",Learn how to chain attacks together for maximum effect.,"Learn,chain,attacks,together,maximum"
bjj-community-culture-guide,CRITICAL,Guia de Comunidade e Cultura BJJ | BJJ Wiki Brasil,"Comunidade,Cultura,Brasil",Guia de Comunidade e Cultura BJJ,"Comunidade,Cultura","Comunidade BJJ: etiqueta, cultura, camaradagem, seleção de academia, benefícios sociais.","Comunidade,etiqueta,cultura,camaradagem,academia"
bjj-competition-anxiety-guide,CRITICAL,Guia de Ansiedade | BJJ Wiki Brasil,"Ansiedade,Brasil",Anxiety Guide,"Anxiety,Guide",Master competition anxiety management through breathing and mental frameworks for peak performance.,"Master,competition,anxiety,management,through"
bjj-competition-anxiety,CRITICAL,Handling Competition Anxiety in BJJ | BJJ Wiki Brasil,"Handling,Competition,Anxiety,Brasil",Handling Competition Anxiety in BJJ | BJJ Wiki Brasil,"Handling,Competition,Anxiety,Brasil",Develop techniques to manage pre-competition nerves and anxiety.,"Develop,techniques,manage,competition,nerves"
bjj-competition-warmup-bjj,CRITICAL,Competition Warm-Up Routine | BJJ Wiki Brasil,"Competition,Routine,Brasil",Competition Warm-Up Routine | BJJ Wiki Brasil,"Competition,Routine,Brasil",Eficaz warm-up routine before BJJ competition matches.,"Eficaz,routine,before,competition,matches"
bjj-competition-weight-classes,CRITICAL,"Categorias de Peso em Competições de BJJ: IBJJF, ADCC e Mais | BJJ Wiki",Categorias,⚖️ Guia de Categorias de Peso no BJJ,Categorias,"Guia completo de categorias de peso no BJJ: IBJJF, ADCC e formatos nogi com dicas de corte de peso e estratégia de divis","completo,categorias,formatos,dicas,corte"
bjj-competition-weight-cutting,CRITICAL,Corte de Peso no BJJ | Métodos Seguros e Timing,"Corte,Seguros,Timing",Corte de Peso no BJJ,Corte,"Guia seguro de corte de peso no BJJ: cronograma de corte de água, estratégia de reidratação, impacto no desempenho.","seguro,corte,cronograma,corte,impacto"
bjj-complete-beginners-guide,CRITICAL,Guia Completo para Iniciantes no BJJ 2026 | Tudo que Você Precisa Saber,"Completo,Iniciantes,Precisa,Saber",Guia Completo para Iniciantes no BJJ 2026,"Completo,Iniciantes","O guia definitivo para iniciantes no BJJ: o que esperar na primeira aula, como bater, posições básicas, sistema de faixa","definitivo,iniciantes,esperar,primeira,bater"
bjj-complete-game-guide,CRITICAL,Guia de Jogo Completo BJJ | BJJ Wiki Brasil,"Completo,Brasil",Guia de Jogo Completo BJJ,Completo,"Construa jogo completo BJJ: combine guarda, passagem, submissão, leg locks.","Construa,completo,combine,locks"
bjj-compression-locks-bjj,CRITICAL,Compression Locks Overview | BJJ Wiki Brasil,"Compression,Locks,Overview,Brasil",Compression Locks Overview,"Compression,Locks,Overview",Complete compression lock system overview. Direct leg attacks without foot control.,"Complete,compression,system,overview,Direct"
bjj-conceptual-bjj-approach,CRITICAL,Abordagem Conceitual do BJJ – Princípios Sobre Técnicas,"Abordagem,Conceitual,Sobre",Abordagem Conceitual do BJJ,"Abordagem,Conceitual",Desenvolva seu BJJ através da compreensão conceitual em vez de memorizar técnicas. Aprenda princípios universais que se ,"Desenvolva,conceitual,memorizar,Aprenda,universais"
bjj-conceptual-bjj,CRITICAL,Conceptual BJJ Approach to Techniques | BJJ Wiki Brasil,"Conceptual,Approach,Techniques,Brasil",Conceptual BJJ Approach to Techniques,"Conceptual,Approach,Techniques",Moving beyond techniques to understand fundamental BJJ concepts,"Moving,beyond,techniques,understand,concepts"
bjj-conceptual-learning-bjj,CRITICAL,Guia de Aprendizado Conceitual no BJJ,"Aprendizado,Conceitual",Guia de Aprendizado Conceitual no BJJ | BJJ Wiki Brasil,"Aprendizado,Conceitual,Brasil",Aprenda abordagens baseadas em conceitos.,"Aprenda,abordagens,baseadas,conceitos"
bjj-conceptual-learning-framework,CRITICAL,Framework de Aprendizado Conceitual no BJJ | Aprenda BJJ Mais Rápido e Inteligen,"Framework,Aprendizado,Conceitual,Aprenda,Inteligente",BJJ Conceptual Learning Framework,"Conceptual,Learning,Framework",Acelere sua progressão no BJJ com uma abordagem de aprendizado conceitual. Entenda princípios sobre técnicas e desenvolv,"Acelere,abordagem,aprendizado,conceitual,Entenda"
bjj-conditioning-workout,CRITICAL,Treino de Condicionamento para BJJ — Força e Cardio para Grapplers,"Treino,Condicionamento,Cardio,Grapplers",Condicionamento para BJJ: Construa o Motor de um Grappler,"Condicionamento,Construa,Motor,Grappler","Programas de condicionamento para BJJ com base científica. Desenvolva força específica, cardio e potência explosiva para","Programas,condicionamento,Desenvolva,cardio,explosiva"
bjj-confidence-bjj,CRITICAL,Building Confidence in BJJ | BJJ Wiki Brasil,"Building,Confidence,Brasil",Building Confidence in BJJ | BJJ Wiki Brasil,"Building,Confidence,Brasil",Desenvolva self-confidence through consistent training and wins.,"Desenvolva,confidence,through,consistent,training"
bjj-confidence-building-guide,CRITICAL,Guia de Confianca | BJJ Wiki Brasil,"Confianca,Brasil",Confidence Guide,"Confidence,Guide",Build unshakeable confidence through technical mastery and successful competition.,"Build,unshakeable,confidence,through,technical"
bjj-connection-points-guide,CRITICAL,Connection Points Guide | BJJ Wiki Brasil | BJJ Wiki Brasil,"Connection,Points,Guide,Brasil,Brasil",Connection Points Guide,"Connection,Points,Guide",Master connection points techniques.,"Master,connection,points,techniques"
bjj-connection-principles,INFO,Princípios de Conexão | Movimento de Quadril | BJJ Wiki Brasil,"Movimento,Quadril,Brasil",Domine Esta Técnica,,Master connection principles and hip movement. Learn how to control distance and maintain dominance.,"Master,connection,principles,movement,Learn"
bjj-consistency-bjj,CRITICAL,Consistency in BJJ Training | BJJ Wiki Brasil,"Consistency,Training,Brasil",Consistency in BJJ Training | BJJ Wiki Brasil,"Consistency,Training,Brasil",Maintain consistency for long-term BJJ progress.,"Maintain,consistency,progress"
bjj-cool-down-guide-bjj,CRITICAL,Cool Down After Training | BJJ Wiki Brasil,"After,Training,Brasil",Cool Down After Training | BJJ Wiki Brasil,"After,Training,Brasil",Eficaz cool-down routines after intense BJJ training.,"Eficaz,routines,after,intense,training"
bjj-cool-down-stretches,CRITICAL,Alongamentos de Desaquecimento para BJJ | BJJ Wiki,"Alongamentos,Desaquecimento",🧊 Alongamentos de Desaquecimento para BJJ,"Alongamentos,Desaquecimento","Desaquecimento pós-treino de BJJ: alongamentos estáticos, técnicas de FNP e rotinas de recuperação para reduzir dores e ","Desaquecimento,treino,alongamentos,rotinas,reduzir"
bjj-coordination-bjj,CRITICAL,Coordination Drills for BJJ | BJJ Wiki Brasil,"Coordination,Drills,Brasil",Coordination Drills for BJJ | BJJ Wiki Brasil,"Coordination,Drills,Brasil",Drills to improve hand-foot coordination in grappling.,"Drills,improve,coordination,grappling"
bjj-core-training-guide,CRITICAL,Core Training Guide Guide | BJJ Wiki Brasil | BJJ Wiki Brasil,"Training,Guide,Guide,Brasil,Brasil",Core Training Guide Guide,"Training,Guide,Guide",Master core training guide for BJJ training and competition.,"Master,training,guide,training,competition"
bjj-counter-attack-bjj,CRITICAL,Counter-Attack Theory in BJJ | BJJ Wiki Brasil,"Counter,Attack,Theory,Brasil",Counter-Attack Theory in BJJ,"Counter,Attack,Theory",Master counter-attack theory. Turn opponent advantages into your scoring opportunities.,"Master,counter,attack,theory,opponent"
bjj-counter-attack-system,CRITICAL,Sistema de Contra-Ataque no BJJ | Transforme Defesa em Ofensa,"Sistema,Contra,Transforme,Ofensa",BJJ Counter Attack System,"Counter,Attack,System","Domine o sistema de contra-ataque no BJJ. Aprenda a capitalizar nos erros do adversário, transformar posições defensivas","sistema,contra,Aprenda,capitalizar,erros"
bjj-counter-knee-slide,CRITICAL,Countering Knee Slide Pass | BJJ Wiki Brasil,"Countering,Slide,Brasil",Countering Knee Slide Pass,"Countering,Slide",Defense and counter techniques against knee slide passing,"Defense,counter,techniques,against,slide"
bjj-counter-leg-drag-pass,CRITICAL,Countering Leg Drag Pass | BJJ Wiki Brasil,"Countering,Brasil",Countering Leg Drag Pass,Countering,Guard recovery and counter tactics for leg drag passing,"Guard,recovery,counter,tactics,passing"
bjj-counter-pressure-pass,CRITICAL,Countering Pressure Pass | BJJ Wiki Brasil,"Countering,Pressure,Brasil",Countering Pressure Pass,"Countering,Pressure",Defense against heavy pressure passing strategies,"Defense,against,heavy,pressure,passing"
bjj-counter-torreando-pass,CRITICAL,Countering Torreando Pass | BJJ Wiki Brasil,"Countering,Torreando,Brasil",Countering Torreando Pass,"Countering,Torreando",Defensive strategies against torreando (collar drag) passing,"Defensive,strategies,against,torreando,collar"
bjj-crab-guard,CRITICAL,Crab Guard: Sistema de Tomada de Costas e Leg Lock,"Guard,Sistema,Tomada,Costas",Crab Guard: Sistema de Tomada de Costas e Leg Lock,"Guard,Sistema,Tomada,Costas","Crab guard — ameaça tomadas de costas e leg locks ao mesmo tempo, com entradas, ataques e por que cria dilemas para o jo","guard,tomadas,costas,locks,mesmo"
bjj-crab-ride-guide,INFO,Guia do Crab Ride | BJJ Wiki,,🦀 Guia do Crab Ride,,"Guia completo do crab ride no BJJ: entrada, controle, tomada de costas e entradas para leg locks a partir do saddle.","completo,entrada,controle,tomada,costas"
bjj-craig-jones-game-plan,CRITICAL,Craig Jones Game Plan | BJJ Wiki,"Craig,Jones",Craig Jones Game Plan,"Craig,Jones",Craig Jones Game Plan BJJ technique guide,"Craig,Jones,technique,guide"
bjj-creating-angles-bjj,CRITICAL,Creating Angles in BJJ | BJJ Wiki Brasil,"Creating,Angles,Brasil",Creating Angles in BJJ,"Creating,Angles","Learn to create advantageous angles in BJJ. Positional angles for submissions, sweeps, and control.","Learn,create,advantageous,angles,Positional"
bjj-cross-collar-choke-guide,CRITICAL,Guia de Estrangulamento de Colarinho Cruzado,"Estrangulamento,Colarinho,Cruzado",Guia de Estrangulamento de Colarinho Cruzado | BJJ Wiki Brasil,"Estrangulamento,Colarinho,Cruzado,Brasil",Domine o estrangulamento fundamental de colarinho cruzado no gi.,"estrangulamento,colarinho,cruzado"
bjj-cross-collar-choke,CRITICAL,Cross Collar Choke Details | BJJ Wiki Brasil,"Cross,Collar,Choke,Details,Brasil",Cross Collar Choke Details | BJJ Wiki Brasil,"Cross,Collar,Choke,Details,Brasil",Complete guide to cross collar choke execution.,"Complete,guide,cross,collar,choke"
bjj-cross-collar-from-mount,CRITICAL,Guia de Colarinho Cruzado da Montagem,"Colarinho,Cruzado,Montagem",Guia de Colarinho Cruzado da Montagem | BJJ Wiki Brasil,"Colarinho,Cruzado,Montagem,Brasil",Domine o estrangulamento de colarinho cruzado da montagem.,"estrangulamento,colarinho,cruzado,montagem"
bjj-crossbody-position,CRITICAL,Crossbody Position Guide | BJJ Wiki Brasil | BJJ Wiki,"Crossbody,Position,Guide,Brasil",Crossbody Position Guide,"Crossbody,Position,Guide",Crossbody and 100 kilos position control.,"Crossbody,kilos,position,control"
bjj-curriculum-bjj,CRITICAL,BJJ Curriculum Design | BJJ Wiki Brasil,"Curriculum,Design,Brasil",BJJ Curriculum Design | BJJ Wiki Brasil,"Curriculum,Design,Brasil",Design effective BJJ curriculum for gym or class.,"Design,effective,curriculum,class"
bjj-cutting-weight-bjj,CRITICAL,Weight Cutting for BJJ | BJJ Wiki Brasil,"Weight,Cutting,Brasil",Weight Cutting for BJJ | BJJ Wiki Brasil,"Weight,Cutting,Brasil",Safe weight cutting strategies for competition.,"weight,cutting,strategies,competition"
bjj-d-arce-choke-details,CRITICAL,Guia de Detalhes de Estrangulamento D'Arce,"Detalhes,Estrangulamento",Guia de Detalhes de Estrangulamento D'Arce | BJJ Wiki Brasil,"Detalhes,Estrangulamento,Brasil",Domine as variações e transições do estrangulamento D,estrangulamento
bjj-d-arce-choke-guide,CRITICAL,D'Arce Choke Complete Technique | BJJ Wiki Brasil,"Choke,Complete,Technique,Brasil",D'Arce Choke Complete Technique,"Choke,Complete,Technique","Entry, finishing, and timing for one of BJJ","Entry,finishing,timing"
bjj-darce-anaconda-system,CRITICAL,Sistema D'Arce e Anaconda no BJJ | Essencial No-Gi,"Sistema,Anaconda,Essencial",Sistema D'Arce e Anaconda no BJJ,"Sistema,Anaconda",O sistema D,sistema
bjj-darce-choke-guide,CRITICAL,Guia Completo de Darce Choke,"Completo,Darce,Choke",Guia Completo de Darce Choke,"Completo,Darce,Choke",Aprenda o choke D,"Aprenda,choke"
bjj-de-la-riva-attacks,CRITICAL,De La Riva Attacks Guide | BJJ Wiki Brasil | BJJ Wiki Brasil,"Attacks,Guide,Brasil,Brasil",De La Riva Attacks Guide,"Attacks,Guide",Master de la riva attacks in BJJ.,"Master,attacks"
bjj-de-la-riva-guard-fundamentals,CRITICAL,Fundamentos da Guarda De La Riva | BJJ Wiki,Fundamentos,🌀 Fundamentos da Guarda De La Riva,Fundamentos,"Domine a guarda de la riva no BJJ: posicionamento do gancho, grips, varridas, entradas para berimbolo e tomadas de costa","posicionamento,gancho,grips,varridas,entradas"
bjj-de-la-riva-guard,CRITICAL,Guarda De La Riva no BJJ: Guia Completo de Entradas e Ataques | BJJ Wiki,"Completo,Entradas,Ataques",🌊 Guia da Guarda De La Riva,,"Domine a guarda de la Riva no BJJ: gancho, grips, varridas, entradas do berimbolo e setups.","gancho,grips,varridas,entradas,berimbolo"
bjj-de-la-riva-system,CRITICAL,De La Riva Guard System | BJJ Wiki Brasil | BJJ Wiki,"Guard,System,Brasil",De La Riva Guard System,"Guard,System",Complete De La Riva guard system.,"Complete,guard,system"
bjj-dealing-with-feet,CRITICAL,Dealing With Opponent Feet | BJJ Wiki Brasil,"Dealing,Opponent,Brasil",Dealing With Opponent Feet,"Dealing,Opponent",Master dealing with opponent feet in guard. Control feet to prevent sweeps and establish passing position.,"Master,dealing,opponent,guard,Control"
bjj-deep-guard-recovery,CRITICAL,Recovering from Deep Guard Pass | BJJ Wiki Brasil,"Recovering,Guard,Brasil",Recovering from Deep Guard Pass,"Recovering,Guard",Techniques to defend and recover when opponent establishes deep guard pass,"Techniques,defend,recover,opponent,establishes"
bjj-deep-half-guard-attacks,CRITICAL,Attacks from Deep Half Guard | BJJ Wiki Brasil | BJJ Wiki,"Attacks,Guard,Brasil",Attacks from Deep Half Guard,"Attacks,Guard",Submission and position attacks from deep half.,"Submission,position,attacks"
bjj-deep-half-guard-entries,CRITICAL,Entries to Deep Half Guard | BJJ Wiki Brasil | BJJ Wiki,"Entries,Guard,Brasil",Entries to Deep Half Guard,"Entries,Guard",How to establish deep half guard position.,"establish,guard,position"
bjj-deep-half-guard-mastery,CRITICAL,"Maestria na Deep Half Guard — Raspagens, Back Takes e Ataques de Pernas","Maestria,Guard,Raspagens,Takes,Ataques",Maestria na Deep Half Guard,"Maestria,Guard","Sistema completo de deep half guard cobrindo waiter sweep, homer simpson, back takes e entradas de leg entanglement.","Sistema,completo,guard,cobrindo,waiter"
bjj-deep-half-guard-system,CRITICAL,Deep Half Guard Complete System | BJJ Wiki Brasil | BJJ Wiki,"Guard,Complete,System,Brasil",Deep Half Guard Complete System,"Guard,Complete,System",Comprehensive deep half guard system.,"Comprehensive,guard,system"
bjj-deep-half-guard,CRITICAL,Meia Guarda Profunda no BJJ: O Jogo de Jeff Glover | BJJ Wiki,"Profunda,Glover",🌊 Meia Guarda Profunda no BJJ,Profunda,"Domine a meia guarda profunda no BJJ: entradas, varridas, tomadas de costas e por que esta posição invertida é uma das m","profunda,entradas,varridas,tomadas,costas"
bjj-deep-half-sweep-system,CRITICAL,Sweeps from Deep Half Guard | BJJ Wiki Brasil | BJJ Wiki,"Sweeps,Guard,Brasil",Sweeps from Deep Half Guard,"Sweeps,Guard",Sweep techniques from deep half guard.,"Sweep,techniques,guard"
bjj-defensive-bjj-guide,CRITICAL,Guia Defensivo BJJ | BJJ Wiki Brasil,"Defensivo,Brasil",Defensive BJJ Guide,"Defensive,Guide","Posturas defensivas, mecânicas de escape, sobrevivência posicional","Posturas,defensivas,escape,posicional"
bjj-defensive-frames-guide,CRITICAL,Defensive Frames System | BJJ Wiki Brasil,"Defensive,Frames,System,Brasil",Defensive Frames System,"Defensive,Frames,System","The complete guide to defensive frames. Arm frames, leg frames, and pressure management from bottom.","complete,guide,defensive,frames,frames"
bjj-defensive-game-plan,CRITICAL,Defensive Game Plan Guide | BJJ Wiki Brasil | BJJ Wiki Brasil,"Defensive,Guide,Brasil,Brasil",Defensive Game Plan Guide,"Defensive,Guide",Master defensive game plan for BJJ training and competition.,"Master,defensive,training,competition"
bjj-defensive-guard-play,CRITICAL,Jogo de Guarda Defensivo no BJJ | Sobrevivência e Recuperação,Defensivo,Jogo de Guarda Defensivo no BJJ,Defensivo,"Domine o jogo de guarda defensivo no BJJ. Aprenda a sobreviver a tentativas difíceis de passagem, recuperar a guarda e t","defensivo,Aprenda,sobreviver,tentativas,recuperar"
bjj-defensive-posture-guide,CRITICAL,Defensive Posture Principles | BJJ Wiki Brasil,"Defensive,Posture,Principles,Brasil",Defensive Posture Principles,"Defensive,Posture,Principles","Learn defensive posture fundamentals in BJJ. Head control, hand placement, and body positioning for defense.","Learn,defensive,posture,fundamentals,control"
bjj-diet-for-bjj,CRITICAL,Diet For Bjj Guide | BJJ Wiki Brasil | BJJ Wiki Brasil,"Guide,Brasil,Brasil",Diet For Bjj Guide,Guide,Master diet for bjj for BJJ training and competition.,"Master,training,competition"
bjj-distance-management-bjj,CRITICAL,Distance Management Guide | BJJ Wiki Brasil | BJJ Wiki,"Distance,Management,Guide,Brasil",Distance Management Guide,"Distance,Management,Guide",Managing distance in stand-up position.,"Managing,distance,stand,position"
bjj-dlr-back-take-guide,CRITICAL,De La Riva Back Take | BJJ Wiki Brasil,Brasil,De La Riva Back Take,,Transition from De La Riva guard to back control with dominant positioning and control systems.,"Transition,guard,control,dominant,positioning"
bjj-dlr-berimbolo-guide,CRITICAL,De La Riva Berimbolo | BJJ Wiki Brasil,"Berimbolo,Brasil",De La Riva Berimbolo,Berimbolo,Master the berimbolo technique flowing from De La Riva for back takes and positional advancement.,"Master,berimbolo,technique,flowing,takes"
bjj-dlr-entries-guide,CRITICAL,De La Riva Guard Entries | BJJ Wiki Brasil,"Guard,Entries,Brasil",De La Riva Guard Entries,"Guard,Entries",Master entry techniques into De La Riva guard using proper hook placement and grip development.,"Master,entry,techniques,guard,using"
bjj-dlr-passing-counter,CRITICAL,De La Riva Passing Counter | BJJ Wiki Brasil,"Passing,Counter,Brasil",De La Riva Passing Counter,"Passing,Counter","Counter De La Riva guard passes using proper timing, foot placement, and advanced defensive systems.","Counter,guard,passes,using,proper"
bjj-dlr-sweeps-guide,CRITICAL,Varreduras da Guarda De La Riva | BJJ Wiki Brasil,"Varreduras,Brasil",Varreduras da Guarda De La Riva | BJJ Wiki Brasil,"Varreduras,Brasil",Varreduras da Guarda De La Riva técnica BJJ,Varreduras
bjj-dlr-to-back-guide,CRITICAL,De La Riva para Costas | BJJ Wiki Brasil,"Costas,Brasil",De La Riva para Costas | BJJ Wiki Brasil,"Costas,Brasil",De La Riva para Costas técnica BJJ,Costas
bjj-dlr-vs-combat-base,CRITICAL,De La Riva vs Base de Combate | BJJ Wiki Brasil,"Combate,Brasil",De La Riva vs Base de Combate | BJJ Wiki Brasil,"Combate,Brasil",De La Riva vs Base de Combate técnica BJJ,Combate
bjj-dog-bar-position,CRITICAL,Dog Bar Position | BJJ Wiki Brasil,"Position,Brasil",Dog Bar Position,Position,Learn dog bar position fundamentals. Leg lock entry and control mechanism.,"Learn,position,fundamentals,entry,control"
bjj-dogfight-from-half,CRITICAL,Dogfight da Meia-Guarda | BJJ Wiki Brasil,"Dogfight,Brasil",Dogfight da Meia-Guarda | BJJ Wiki Brasil,"Dogfight,Brasil",Dogfight da Meia-Guarda técnica BJJ,Dogfight
bjj-double-leg-defense,CRITICAL,Defesa Double Leg no BJJ | Guia Completo | BJJ Wiki Brasil,"Double,Completo,Brasil",Defesa Double Leg no BJJ,Double,"Domine defesa double leg, pare lutadores de luta livre, previna derrubadas com técnica adequada.","double,lutadores,livre,previna,derrubadas"
bjj-double-leg-takedown-system,CRITICAL,Sistema de Takedown de Dupla Perna: Guia Completo,"Sistema,Takedown,Dupla,Perna,Completo",Sistema de Takedown de Dupla Perna: Guia Completo,"Sistema,Takedown,Dupla,Perna,Completo","Mecânica do takedown de dupla perna — pontos de entrada, técnica de shoot, posições de finalização e defesas. Domine o t","takedown,dupla,perna,pontos,entrada"
bjj-double-leg-takedown,CRITICAL,Double Leg no BJJ: Técnica e Timing | BJJ Wiki,"Double,Timing",🏋️ Guia do Double Leg Takedown,"Double,Takedown","Aprenda o double leg no BJJ: mecânica do shot, timing e variações de finalização.","Aprenda,double,timing"
bjj-double-underhook-pass,CRITICAL,Double Underhook Guard Pass | BJJ Wiki Brasil,"Double,Underhook,Guard,Brasil",Double Underhook Guard Pass,"Double,Underhook,Guard",Complete double underhook pass guide. Classic control and passing technique.,"Complete,double,underhook,guide,Classic"
bjj-drilling-guide,CRITICAL,Guia de Drilling de BJJ: Solo e em Dupla | BJJ Wiki,"Drilling,Dupla",🔁 Guia de Drilling de BJJ,Drilling,"Guia de drilling de BJJ: rotinas solo, drilling em dupla, proporção treino vs. sparring e os melhores drills para evoluç","drilling,rotinas,drilling,dupla,treino"
bjj-drilling-methodology,CRITICAL,Metodologia de Drilling no BJJ | Como Fazer Drilling Efetivo para Máximo Ganho,"Metodologia,Drilling,Fazer,Drilling,Efetivo",BJJ Drilling Methodology,"Drilling,Methodology","Guia completo de metodologia de drilling no BJJ. Entenda drilling de repetição, drilling posicional, flow drilling e com","completo,metodologia,drilling,Entenda,drilling"
bjj-drilling-partner-guide,CRITICAL,Guia para Encontrar Parceiro de Treino | BJJ Wiki Brasil,"Encontrar,Parceiro,Treino,Brasil",Guia para Encontrar Parceiro de Treino | BJJ Wiki Brasil,"Encontrar,Parceiro,Treino,Brasil",Guia para Encontrar Parceiro de Treino técnica BJJ,"Encontrar,Parceiro,Treino"
bjj-drilling-vs-rolling,CRITICAL,Guia de Drilling vs Rolling,"Drilling,Rolling",Guia de Drilling vs Rolling | BJJ Wiki Brasil,"Drilling,Rolling,Brasil",Domine o equilíbrio entre drilling técnico e sparring.,"entre,drilling,sparring"
bjj-duck-under-guide,CRITICAL,Duck Under: Guia de Wrestling para BJJ,"Under,Wrestling",Duck Under: Guia de Wrestling para BJJ,"Under,Wrestling","Sistema duck under para BJJ — setup do collar tie, mecânica de execução, finish de tomada de costas e counters ao duck u","Sistema,under,setup,collar,finish"
bjj-ebi-overtime-rules,CRITICAL,EBI Overtime Rules | BJJ Wiki Brasil,"Overtime,Rules,Brasil",EBI Overtime Rules,"Overtime,Rules",Learn EBI sudden death rules. Overtime format and advantage-based competition.,"Learn,sudden,death,rules,Overtime"
bjj-ebi-rules-strategy,CRITICAL,Ebi Rules Strategy | BJJ Wiki,"Rules,Strategy",Ebi Rules Strategy,"Rules,Strategy",Ebi Rules Strategy BJJ technique guide,"Rules,Strategy,technique,guide"
bjj-ego-in-bjj,CRITICAL,Ego and BJJ Training | BJJ Wiki Brasil,"Training,Brasil",Ego and BJJ Training,Training,Managing ego in BJJ training. Checking ego for better learning and partnerships.,"Managing,training,Checking,better,learning"
bjj-elbow-control-bjj,CRITICAL,Elbow Control in BJJ | BJJ Wiki Brasil,"Elbow,Control,Brasil",Elbow Control in BJJ,"Elbow,Control",Controlling opponent,"Controlling,opponent"
bjj-elbow-escape-guide,CRITICAL,Elbow Escape (Cotovelo-Joelho): Guia de Escape da Montagem BJJ | BJJ Wiki Brasil,"Elbow,Escape,Cotovelo,Joelho,Escape",Elbow Escape (Cotovelo-Joelho): Guia de Escape da Montagem BJJ,"Elbow,Escape,Cotovelo,Joelho,Escape","Elbow escape da montagem — sequência cotovelo-joelho, criar espaço, recuperar half guard e erros comuns a evitar no esca","Elbow,escape,montagem,cotovelo,joelho"
bjj-elbow-knee-shield,CRITICAL,Elbow-Knee Shield Defense | BJJ Wiki Brasil,"Elbow,Shield,Defense,Brasil",Elbow-Knee Shield Defense,"Elbow,Shield,Defense",Learn the elbow-knee shield position. Modern defensive technique against leg lock and pass pressure.,"Learn,elbow,shield,position,Modern"
bjj-electric-fence-guide,CRITICAL,Electric Fence Position | BJJ Wiki Brasil,"Electric,Fence,Position,Brasil",Electric Fence Position,"Electric,Fence,Position",Master electric fence position. Modern leg lock defense and sweeps.,"Master,electric,fence,position,Modern"
bjj-endurance-game-bjj,CRITICAL,Endurance-Based BJJ Game | BJJ Wiki Brasil,"Endurance,Based,Brasil",Endurance-Based BJJ Game | BJJ Wiki Brasil,"Endurance,Based,Brasil",Construa endurance strategy for longer matches and sparring.,"Construa,endurance,strategy,longer,matches"
bjj-energy-systems,CRITICAL,"Sistemas de Energia no BJJ | Treino Aeróbico, Anaeróbico e ATP","Sistemas,Energia,Treino",Sistemas de Energia no BJJ,"Sistemas,Energia","Os três sistemas de energia no BJJ: base aeróbica para rolls longos, limiar anaeróbico para trocas intensivas e ATP-CP p","sistemas,energia,rolls,longos,limiar"
bjj-entanglement-recovery,CRITICAL,Leg Entanglement Recovery | BJJ Wiki Brasil,"Entanglement,Recovery,Brasil",Leg Entanglement Recovery | BJJ Wiki Brasil,"Entanglement,Recovery,Brasil",Safe recovery methods from complex leg entanglement positions.,"recovery,methods,complex,entanglement,positions"
bjj-escape-side-control,CRITICAL,Escapadas do Controle Lateral no BJJ | BJJ Wiki,"Escapadas,Controle,Lateral",🚪 Escapadas do Controle Lateral no BJJ,"Escapadas,Controle,Lateral","Domine as escapadas do controle lateral no BJJ: escapada cotovelo-joelho, bridge and roll, recuperação de guarda e como ","escapadas,controle,lateral,escapada,cotovelo"
bjj-escapes-guide,CRITICAL,"Guia de Escapadas de BJJ: Montada, Controle Lateral e Costas | BJJ Wiki","Escapadas,Montada,Controle,Lateral,Costas",🔓 Guia de Escapadas de BJJ,Escapadas,"Guia completo de escapadas de BJJ: como escapar da montada, controle lateral e controle de costas. Técnicas passo a pass","completo,escapadas,escapar,montada,controle"
bjj-escapes-masterclass,CRITICAL,Masterclass de Escapes no BJJ: Sobreviva em Qualquer Posição | BJJ Wiki,"Masterclass,Escapes,Sobreviva,Qualquer",Masterclass de Escapes no BJJ,"Masterclass,Escapes","Domine os escapes do BJJ de todas as posições principais: controle lateral, montada, costas e joelho no barriga. Aprenda","escapes,todas,principais,controle,lateral"
bjj-etiquette-dojo-guide,CRITICAL,Guia de Etiqueta do Dojo de BJJ | Regras que Todo Praticante Deve Saber,"Etiqueta,Regras,Praticante,Saber",Guia de Etiqueta do Dojo de BJJ,Etiqueta,"Etiqueta completa do dojo de BJJ: costumes de reverência, regras do tatame, higiene, respeito ao toque, hierarquia e com","Etiqueta,costumes,regras,tatame,higiene"
bjj-explosive-bjj-game,CRITICAL,Explosive BJJ Game | BJJ Wiki Brasil,"Explosive,Brasil",Explosive BJJ Game | BJJ Wiki Brasil,"Explosive,Brasil",Desenvolva explosive power for quick takedowns and sweeps.,"Desenvolva,explosive,power,quick,takedowns"
bjj-explosive-offense-guide,CRITICAL,Guia de Ataque Explosivo | BJJ Wiki Brasil,"Explosivo,Brasil",Guia de Ataque Explosivo | BJJ Wiki Brasil,"Explosivo,Brasil","Domine ataque explosivo—timing, entradas explosivas e manutenção de pressão ofensiva através de todas as posições.","explosivo,timing,entradas,explosivas,ofensiva"
bjj-explosive-power-bjj,CRITICAL,Explosive Power for BJJ Techniques | BJJ Wiki Brasil,"Explosive,Power,Techniques,Brasil",Explosive Power for BJJ Techniques,"Explosive,Power,Techniques",Plyometric and explosive training for faster submissions and transitions,"Plyometric,explosive,training,faster,submissions"
bjj-failed-sweep-recovery,INFO,Guia de Recuperação de Varredura Falhada,"Varredura,Falhada",Guia de Recuperação de Varredura Falhada | BJJ Wiki Brasil,"Varredura,Falhada,Brasil",Aprenda a recuperar de tentativas de varredura falhadas.,"Aprenda,recuperar,tentativas,varredura,falhadas"
bjj-faq,CRITICAL,Perguntas Frequentes sobre BJJ | FAQ Completo,"Perguntas,Frequentes,sobre,Completo",Perguntas Frequentes sobre BJJ — Guia Completo,"Perguntas,Frequentes,sobre,Completo",Respostas completas para as 18 perguntas mais frequentes sobre Brazilian Jiu-Jitsu — para iniciantes e praticantes inter,"Respostas,completas,perguntas,frequentes,sobre"
bjj-feel-in-bjj,CRITICAL,Developing Feel in Brazilian Jiu-Jitsu | BJJ Wiki Brasil,"Developing,Brasil",Developing Feel in Brazilian Jiu-Jitsu,Developing,Cultivating sensitivity and intuitive response in grappling,"Cultivating,sensitivity,intuitive,response,grappling"
bjj-feint-techniques-bjj,CRITICAL,Feints and Misdirection in BJJ | BJJ Wiki Brasil,"Feints,Misdirection,Brasil",Feints and Misdirection in BJJ | BJJ Wiki Brasil,"Feints,Misdirection,Brasil",Use feints and misdirection to open up your attacks.,"feints,misdirection,attacks"
bjj-film-study-guide,CRITICAL,Film Study Guide | BJJ Wiki,"Study,Guide",Film Study Guide,"Study,Guide",Film Study Guide BJJ technique guide,"Study,Guide,technique,guide"
bjj-finishing-principles,CRITICAL,Principles of Finishing Submissions | BJJ Wiki Brasil,"Principles,Finishing,Submissions,Brasil",Principles of Finishing Submissions,"Principles,Finishing,Submissions","Master the principles of finishing submissions. Tight mechanics, leverage, and control for consistent finishes.","Master,principles,finishing,submissions,Tight"
bjj-fireman-carry-guide,CRITICAL,Guia de Fireman Carry | Derrubadas de Controle de Ombro | BJJ Wiki Brasil,"Fireman,Carry,Derrubadas,Controle,Ombro",Guia de Fireman Carry | Derrubadas de Controle de Ombro | BJJ Wiki Brasil,"Fireman,Carry,Derrubadas,Controle,Ombro","Domine o fireman carry no BJJ e wrestling. Aprenda setup, posicionamento apropriado, e mecânica de finalização explosiva","fireman,carry,wrestling,Aprenda,setup"
bjj-first-competition-guide,CRITICAL,First BJJ Competition Guide | BJJ Wiki Brasil,"First,Competition,Guide,Brasil",First BJJ Competition Guide | BJJ Wiki Brasil,"First,Competition,Guide,Brasil",Complete preparation guide for your first BJJ competition.,"Complete,preparation,guide,first,competition"
bjj-first-year-bjj,CRITICAL,Guia do Primeiro Ano em BJJ | BJJ Wiki Brasil,"Primeiro,Brasil",Guia do Primeiro Ano em BJJ | BJJ Wiki Brasil,"Primeiro,Brasil",Guia do Primeiro Ano em BJJ técnica BJJ,Primeiro
bjj-first-year-guide,CRITICAL,Guia do Primeiro Ano de BJJ: O Que Esperar e Como Sobreviver | BJJ Wiki,"Primeiro,Esperar,Sobreviver",🥋 Guia do Primeiro Ano de BJJ,Primeiro,"Sobreviva ao seu primeiro ano de BJJ: o que esperar, como progredir, erros comuns de iniciantes e como evitar desistir a","Sobreviva,primeiro,esperar,progredir,erros"
bjj-flattening-opponent,CRITICAL,Flattening Opponent in Guard | BJJ Wiki Brasil,"Flattening,Opponent,Guard,Brasil",Flattening Opponent in Guard,"Flattening,Opponent,Guard",Learn to flatten opponents in guard. Reduce space and control to enable successful passes.,"Learn,flatten,opponents,guard,Reduce"
bjj-flexibility-bjj-guide,CRITICAL,Flexibility and Mobility for BJJ | BJJ Wiki Brasil,"Flexibility,Mobility,Brasil",Flexibility and Mobility for BJJ | BJJ Wiki Brasil,"Flexibility,Mobility,Brasil",Improve range of motion and injury prevention through flexibility.,"Improve,range,motion,injury,prevention"
bjj-flexibility-mobility-program,CRITICAL,"Programa de Flexibilidade e Mobilidade para BJJ | Quadril, Ombro e Coluna","Programa,Flexibilidade,Mobilidade,Quadril,Ombro",BJJ Flexibility & Mobility Program,"Flexibility,Mobility,Program","Programa de flexibilidade e mobilidade para atletas de BJJ. Melhore a mobilidade do quadril para a guarda, saúde dos omb","Programa,flexibilidade,mobilidade,atletas,Melhore"
bjj-flexibility-mobility,CRITICAL,"Flexibilidade e Mobilidade no BJJ: Mova-se Melhor, Role com Inteligência | BJJ W","Flexibilidade,Mobilidade,Melhor",🤸 Guia de Flexibilidade e Mobilidade no BJJ,"Flexibilidade,Mobilidade","Melhore a flexibilidade e mobilidade no BJJ: alongamentos e exercícios para jogo de guarda, movimento de quadril e preve","Melhore,flexibilidade,mobilidade,alongamentos,movimento"
bjj-flexibility-program,CRITICAL,Programa de Flexibilidade para BJJ: Rotinas de Mobilidade para Grapplers,"Programa,Flexibilidade,Rotinas,Mobilidade,Grapplers",Programa de Flexibilidade para BJJ,"Programa,Flexibilidade","Um programa de flexibilidade direcionado para BJJ — mobilidade de quadril, rotação espinhal, saúde dos ombros e os melho","programa,flexibilidade,direcionado,mobilidade,quadril"
bjj-flexibility-routine,CRITICAL,Flexibility Routine | BJJ Wiki,"Flexibility,Routine",Flexibility Routine,"Flexibility,Routine",Flexibility Routine BJJ technique guide,"Flexibility,Routine,technique,guide"
bjj-flexibility-training-bjj,CRITICAL,Treinamento de Flexibilidade para BJJ | BJJ Wiki Brasil,"Treinamento,Flexibilidade,Brasil",Treinamento de Flexibilidade para BJJ,"Treinamento,Flexibilidade","Desenvolvimento de flexibilidade para BJJ: mobilidade de quadril, flexibilidade de coluna.","Desenvolvimento,flexibilidade,mobilidade,quadril,flexibilidade"
bjj-flexibility-training,CRITICAL,Flexibility Training for BJJ | BJJ Wiki Brasil,"Flexibility,Training,Brasil",Flexibility Training for BJJ | BJJ Wiki Brasil,"Flexibility,Training,Brasil",Melhore flexibility for better guard work and leg lock escapes.,"Melhore,flexibility,better,guard,escapes"
bjj-flexible-grapplers-guide,CRITICAL,Using Flexibility in BJJ | BJJ Wiki Brasil,"Using,Flexibility,Brasil",Using Flexibility in BJJ | BJJ Wiki Brasil,"Using,Flexibility,Brasil",Maximize flexibility advantages in guard and submissions.,"Maximize,flexibility,advantages,guard,submissions"
bjj-floating-pass-bjj,CRITICAL,Floating Pass Technique | BJJ Wiki Brasil,"Floating,Technique,Brasil",Floating Pass Technique | BJJ Wiki Brasil,"Floating,Technique,Brasil",Advanced floating pass guard passing strategy.,"Advanced,floating,guard,passing,strategy"
bjj-flow-rolling-benefits,CRITICAL,"Flow Rolling no BJJ | Benefícios, Técnica e Quando Usar","Rolling,Quando",Flow Rolling no BJJ,Rolling,"Entendendo o flow rolling no BJJ: benefícios de exploração técnica, níveis de resistência, comunicação com parceiro, pre","Entendendo,rolling,parceiro"
bjj-flow-rolling,CRITICAL,Guia de Flow Rolling no BJJ | BJJ Wiki,Rolling,🌊 Guia de Flow Rolling no BJJ,Rolling,"Domine o flow rolling no BJJ: como rolar leve, desenvolver técnica, reduzir lesões e aproveitar ao máximo sessões de spa","rolling,rolar,desenvolver,reduzir,aproveitar"
bjj-flow-state-bjj,CRITICAL,Achieving Flow State in BJJ | BJJ Wiki Brasil,"Achieving,State,Brasil",Achieving Flow State in BJJ | BJJ Wiki Brasil,"Achieving,State,Brasil",Reach flow state for peak BJJ performance.,"Reach,state,performance"
bjj-flow-state-training,CRITICAL,Treinamento em Estado de Fluxo no BJJ | Acesse o Pico de Desempenho no Tatame,"Treinamento,Estado,Fluxo,Acesse,Desempenho",BJJ Flow State Training,"State,Training",Descubra como acessar o estado de fluxo no treino e competição de BJJ. Aprenda técnicas psicológicas e métodos de treina,"Descubra,acessar,estado,fluxo,treino"
bjj-flower-sweep-details,CRITICAL,Guia de Detalhes de Varredura Flor,"Detalhes,Varredura",Guia de Detalhes de Varredura Flor | BJJ Wiki Brasil,"Detalhes,Varredura,Brasil",Aprenda os mecanismos da varredura flor.,"Aprenda,mecanismos,varredura"
bjj-flower-sweep-guide,CRITICAL,Flower Sweep Guide | BJJ Wiki Brasil | BJJ Wiki Brasil,"Flower,Sweep,Guide,Brasil,Brasil",Flower Sweep Guide,"Flower,Sweep,Guide",Master flower sweep techniques.,"Master,flower,sweep,techniques"
bjj-foam-rolling-bjj,CRITICAL,Foam Rolling para Atletas de BJJ | BJJ Wiki Brasil,"Rolling,Atletas,Brasil",Foam Rolling para Atletas de BJJ | BJJ Wiki Brasil,"Rolling,Atletas,Brasil",Foam Rolling para Atletas de BJJ técnica BJJ,"Rolling,Atletas"
bjj-focus-concentration-guide,CRITICAL,Guia de Foco | BJJ Wiki Brasil,Brasil,Focus Guide,"Focus,Guide",Master focus techniques and concentration for consistent execution under pressure.,"Master,focus,techniques,concentration,consistent"
bjj-focus-techniques-bjj,CRITICAL,Focus and Concentration Techniques | BJJ Wiki Brasil,"Focus,Concentration,Techniques,Brasil",Focus and Concentration Techniques | BJJ Wiki Brasil,"Focus,Concentration,Techniques,Brasil",Improve mental focus during training and competition.,"Improve,mental,focus,during,training"
bjj-for-beginners-guide,CRITICAL,For Beginners Guide Guide | BJJ Wiki Brasil | BJJ Wiki Brasil,"Beginners,Guide,Guide,Brasil,Brasil",For Beginners Guide Guide,"Beginners,Guide,Guide",Master for beginners guide in BJJ.,"Master,beginners,guide"
bjj-for-grapplers,CRITICAL,"BJJ para Lutadores de Grappling – Wrestlers, Judocas e Lutadores de Submission","Lutadores,Grappling,Wrestlers,Judocas,Lutadores",BJJ para Lutadores de Grappling,"Lutadores,Grappling","Um guia completo de BJJ para lutadores com background de wrestling, judô ou submission wrestling. Acelere seu progresso ","completo,lutadores,background,wrestling,submission"
bjj-for-life-guide,CRITICAL,Guia BJJ para Vida | BJJ Wiki Brasil,Brasil,Guia BJJ para Vida,,"Prática BJJ de longo prazo: sustentabilidade, prevenção de lesões, estratégia de desenvolvimento.","longo,prazo,sustentabilidade,desenvolvimento"
bjj-for-mma-guide,CRITICAL,For Mma Guide Guide | BJJ Wiki Brasil | BJJ Wiki Brasil,"Guide,Guide,Brasil,Brasil",For Mma Guide Guide,"Guide,Guide",Master for mma guide in BJJ.,"Master,guide"
bjj-for-mma,CRITICAL,BJJ para MMA: Como Adaptar seu Grappling para o Cage | BJJ Wiki,"Adaptar,Grappling",🥊 BJJ para MMA,,"Adapte o BJJ para MMA: clinch para takedown, consciência de ground and pound, finalizações sob golpes e o que muda quand","Adapte,clinch,takedown,ground,pound"
bjj-for-older-adults,CRITICAL,BJJ para Adultos Mais Velhos: Treinar com Mais de 40 | BJJ Wiki,"Adultos,Velhos,Treinar",🏅 BJJ para Adultos Mais Velhos: Treine Inteligente com Mais de 40,"Adultos,Velhos,Treine,Inteligente","BJJ acima de 40 anos: prevenção de lesões, intensidade modificada, recuperação e a vantagem técnica da experiência.","acima,intensidade,modificada,vantagem"
bjj-for-self-defense,CRITICAL,BJJ para Defesa Pessoal — Funciona de Verdade? | BJJ Wiki,"Pessoal,Funciona,Verdade",BJJ para Defesa Pessoal,Pessoal,"O BJJ é bom para defesa pessoal? Sim — veja o porquê. Controle de clinch, quedas, controle no chão e estrangulamentos qu","pessoal,Controle,clinch,quedas,controle"
bjj-for-seniors,CRITICAL,"BJJ para Seniores: Treinando com Inteligência depois dos 40, 50 e Além","Seniores,Treinando,depois",BJJ para Seniores,Seniores,"Como adultos mais velhos podem treinar BJJ de forma segura e eficaz — prevenção de lesões, recuperação, drilling modific","adultos,velhos,podem,treinar,forma"
bjj-for-women-guide,CRITICAL,For Women Guide Guide | BJJ Wiki Brasil | BJJ Wiki Brasil,"Women,Guide,Guide,Brasil,Brasil",For Women Guide Guide,"Women,Guide,Guide",Master for women guide in BJJ.,"Master,women,guide"
bjj-for-women,CRITICAL,BJJ para Mulheres — Guia Completo para Iniciantes 2025 | BJJ Wiki,"Mulheres,Completo,Iniciantes",BJJ para Mulheres,Mulheres,"BJJ para mulheres: por que é perfeito independentemente do tamanho ou força, o que esperar, como encontrar a academia ce","mulheres,perfeito,independentemente,tamanho,esperar"
bjj-for-wrestlers,CRITICAL,For Wrestlers Guide | BJJ Wiki Brasil | BJJ Wiki Brasil,"Wrestlers,Guide,Brasil,Brasil",For Wrestlers Guide,"Wrestlers,Guide",Master for wrestlers in BJJ.,"Master,wrestlers"
bjj-framing-in-bjj,CRITICAL,Framing no BJJ | Frames Efetivos | BJJ Wiki Brasil,"Framing,Frames,Efetivos,Brasil",Domine Esta Técnica,,Master framing techniques in BJJ. Learn proper frame placement to defend against pressure and create space.,"Master,framing,techniques,Learn,proper"
bjj-front-headlock-attacks,CRITICAL,Ataques do Front Headlock | BJJ Wiki Brasil,"Ataques,Front,Headlock,Brasil",Ataques do Front Headlock | BJJ Wiki Brasil,"Ataques,Front,Headlock,Brasil",Ataques do Front Headlock técnica BJJ,"Ataques,Front,Headlock"
bjj-front-headlock-bjj,CRITICAL,Front Headlock System in BJJ | BJJ Wiki Brasil | BJJ Wiki,"Front,Headlock,System,Brasil",Front Headlock System in BJJ,"Front,Headlock,System",Wrestling front headlock applied in BJJ.,"Wrestling,front,headlock,applied"
bjj-front-headlock-guide,CRITICAL,Front Headlock Guide Guide | BJJ Wiki Brasil | BJJ Wiki Brasil,"Front,Headlock,Guide,Guide,Brasil",Front Headlock Guide Guide,"Front,Headlock,Guide,Guide",Master front headlock guide in BJJ.,"Master,front,headlock,guide"
bjj-front-headlock-system,CRITICAL,Sistema Front Headlock | Sistema Devastador | BJJ Wiki Brasil,"Sistema,Front,Headlock,Sistema,Devastador",Domine Esta Técnica,,Learn the front headlock position system. Master control and numerous submission options.,"Learn,front,headlock,position,system"
bjj-fundamentals-guide,CRITICAL,Guia de Fundamentos de BJJ: Os Conceitos Principais que Todo Praticante Deve Dom,"Fundamentos,Conceitos,Principais,Praticante,Dominar",Guia de Fundamentos de BJJ,Fundamentos,"Domine os fundamentos centrais do BJJ — base, postura, frames, pegadas, alavancagem e a hierarquia posicional que govern","fundamentos,centrais,postura,frames,pegadas"
bjj-game-plan-building,CRITICAL,Building a Competition Game Plan | BJJ Wiki Brasil,"Building,Competition,Brasil",Building a Competition Game Plan | BJJ Wiki Brasil,"Building,Competition,Brasil",Develop comprehensive game plans for competition.,"Develop,comprehensive,plans,competition"
bjj-game-plan-development,CRITICAL,Desenvolvimento de Plano de Jogo no BJJ — Construindo Seu Sistema Pessoal,"Desenvolvimento,Plano,Construindo,Sistema,Pessoal",Desenvolvimento de Plano de Jogo no BJJ — Construindo Seu Sistema,"Desenvolvimento,Plano,Construindo,Sistema","Como desenvolver um plano de jogo pessoal no BJJ — identificando pontos fortes, construindo um sistema conectado e adapt","desenvolver,plano,pessoal,identificando,pontos"
bjj-game-plan,CRITICAL,Plano de Jogo de BJJ: Como Construir e Executar um Sistema Pessoal,"Plano,Construir,Executar,Sistema,Pessoal",Desenvolvimento do Plano de Jogo de BJJ,"Desenvolvimento,Plano","Como desenvolver um plano de jogo de BJJ — escolher seu A-game, identificar cadeias, treinar sob pressão e executar cons","desenvolver,plano,escolher,identificar,cadeias"
bjj-game-planning-bjj,CRITICAL,Game Planning Strategy | BJJ Wiki Brasil | BJJ Wiki,"Planning,Strategy,Brasil",Game Planning Strategy,"Planning,Strategy",Developing and executing game plans in BJJ.,"Developing,executing,plans"
bjj-game-planning-guide,CRITICAL,Guia de Planejamento de Jogo BJJ | BJJ Wiki Brasil,"Planejamento,Brasil",Guia de Planejamento de Jogo BJJ,Planejamento,"Desenvolva plano pessoal: analise oponentes, planeje estratégias, execute táticas.","Desenvolva,plano,pessoal,analise,oponentes"
bjj-game-theory-bjj,CRITICAL,Guia de Teoria de Jogos no BJJ,"Teoria,Jogos",Guia de Teoria de Jogos no BJJ | BJJ Wiki Brasil,"Teoria,Jogos,Brasil",Aprenda princípios de teoria de jogos no BJJ.,"Aprenda,teoria,jogos"
bjj-garry-tonon-game-plan,CRITICAL,Garry Tonon Game Plan | BJJ Wiki,"Garry,Tonon",Garry Tonon Game Plan,"Garry,Tonon",Garry Tonon Game Plan BJJ technique guide,"Garry,Tonon,technique,guide"
bjj-gi-brands-guide,CRITICAL,Melhores Marcas de Kimono BJJ 2026: Guia Completo | BJJ Wiki,"Melhores,Marcas,Kimono,Completo",Melhores Marcas de Kimono BJJ 2026,"Melhores,Marcas,Kimono","Comparação das melhores marcas de kimono de Jiu-Jitsu Brasileiro: Atama, Koral, Tatami, Gameness e mais. Links diretos p","melhores,marcas,kimono,Brasileiro,Atama"
bjj-gi-buying-guide,CRITICAL,Como escolher um kimono BJJ: Guia de Compra Completo | BJJ Wiki,"escolher,kimono,Compra,Completo",Como escolher um kimono BJJ: Guia de Compra Completo,"escolher,kimono,Compra,Completo","Aprenda como selecionar o kimono BJJ perfeito para seu tamanho, nível de experiência e estilo de treinamento. Comparação","Aprenda,selecionar,kimono,perfeito,tamanho"
bjj-gi-choke-systems,CRITICAL,Sistemas de Estrangulamentos com Kimono no BJJ,"Sistemas,Estrangulamentos,Kimono",Sistemas de Estrangulamentos com Kimono no BJJ,"Sistemas,Estrangulamentos,Kimono","Domine todos os estrangulamentos de gola, lapela e manga no kimono","todos,estrangulamentos,lapela,manga,kimono"
bjj-gi-chokes-guide,CRITICAL,Guia de Estrangulamentos com Gi | BJJ Wiki Brasil,"Estrangulamentos,Brasil",Guia de Estrangulamentos com Gi,Estrangulamentos,"Domine estrangulamentos com gi: cross collar, bow and arrow, clock choke e técnicas de lapela.","estrangulamentos,cross,collar,arrow,clock"
bjj-gi-culture-etiquette,CRITICAL,Cultura de Dojo BJJ & Etiqueta de Gi,"Cultura,Etiqueta",Cultura de Dojo BJJ & Etiqueta de Gi,"Cultura,Etiqueta","Aprenda etiqueta de dojo, tradições de gi, rituais de respeito e valores culturais de BJJ no treinamento.","Aprenda,etiqueta,rituais,respeito,valores"
bjj-gi-etiquette,CRITICAL,Etiqueta do Kimono de BJJ | BJJ Wiki,"Etiqueta,Kimono",🎎 Etiqueta do Kimono de BJJ,"Etiqueta,Kimono","Etiqueta do kimono de BJJ: costumes de reverência, regras do dojo, padrões de higiene, etiqueta de tap e regras não escr","Etiqueta,kimono,costumes,regras,higiene"
bjj-gi-grip-fighting,CRITICAL,Gi Grip Fighting Guide | BJJ Wiki Brasil | BJJ Wiki,"Fighting,Guide,Brasil",Gi Grip Fighting Guide,"Fighting,Guide",Gi grip fighting and control strategies.,"fighting,control,strategies"
bjj-gi-grips-guide,CRITICAL,Guia de Pegadas com Gi | BJJ Wiki Brasil,"Pegadas,Brasil",Guia de Pegadas com Gi,Pegadas,"Domínio completo de pegadas com gi: pegada de colarinho, pegada de manga e mecânica.","completo,pegadas,pegada,colarinho,pegada"
bjj-gi-guard-attacks,CRITICAL,Ataques de Guarda com Gi | BJJ Wiki Brasil,"Ataques,Brasil",Ataques de Guarda com Gi,Ataques,"Ataques de guarda específicos do gi: drags de colarinho, varreduras de lapela e chokes.","Ataques,drags,colarinho,varreduras,lapela"
bjj-gi-lapel-grips,CRITICAL,Gi Lapel Grips: Techniques & Control | BJJ Wiki Brasil,"Lapel,Grips,Techniques,Control,Brasil",Gi Lapel Grips: Techniques & Control | BJJ Wiki Brasil,"Lapel,Grips,Techniques,Control,Brasil",Master gi lapel grip techniques for enhanced control in BJJ.,"Master,lapel,techniques,enhanced,control"
bjj-gift-wrap-attack,CRITICAL,Ataque Gift Wrap | BJJ Wiki Brasil,Brasil,Ataque Gift Wrap | BJJ Wiki Brasil,Brasil,Ataque Gift Wrap técnica BJJ,
bjj-gift-wrap-attacks,CRITICAL,Guia de Sistema de Ataque Gift Wrap,Sistema,Guia de Sistema de Ataque Gift Wrap | BJJ Wiki Brasil,"Sistema,Brasil",Aprenda as transições de gift wrap para múltiplas submissões.,Aprenda
bjj-gift-wrapping-bjj,CRITICAL,Gift Wrap From Back Control | BJJ Wiki Brasil,"Control,Brasil",Gift Wrap From Back Control,Control,Master gift wrap technique from back control. Finish submissions or take superior control.,"Master,technique,control,Finish,submissions"
bjj-gogoplata-guide,CRITICAL,Guia de Gogoplata,Gogoplata,Guia de Gogoplata | BJJ Wiki Brasil,"Gogoplata,Brasil",Aprenda o gogoplata com grip e posicionamento adequados.,"Aprenda,gogoplata,posicionamento,adequados"
bjj-gordon-ryan-game-plan,CRITICAL,Gordon Ryan Game Plan | BJJ Wiki,Gordon,Gordon Ryan Game Plan,Gordon,Gordon Ryan Game Plan BJJ technique guide,"Gordon,technique,guide"
bjj-gordon-ryan-leg-locks,CRITICAL,Sistema de Leg Locks do Gordon Ryan | Como o GOAT Ataca as Pernas,"Sistema,Locks,Gordon,Ataca,Pernas",Sistema de Leg Locks do Gordon Ryan,"Sistema,Locks,Gordon","O sistema de leg locks do Gordon Ryan: entradas de ashi garami, mecânica de inside heel hook, cadeias de heel hook e fil","sistema,locks,Gordon,entradas,garami"
bjj-gordon-ryan-system-guide,CRITICAL,Guia do Sistema Gordon Ryan | BJJ Wiki Brasil,"Sistema,Gordon,Brasil",Guia do Sistema Gordon Ryan,"Sistema,Gordon","Domine o sistema Gordon Ryan: dominação de leg lock, posição footlock e sequências de submissão.","sistema,Gordon,footlock"
bjj-gracie-family-legacy,CRITICAL,The Gracie Family Legacy | BJJ Wiki Brasil,"Family,Legacy,Brasil",The Gracie Family Legacy | BJJ Wiki Brasil,"Family,Legacy,Brasil",Understand the impact and legacy of the Gracie family.,"Understand,impact,legacy,family"
bjj-granby-roll-guide,CRITICAL,Guia do Granby Roll | BJJ Wiki Brasil,"Granby,Brasil",Guia do Granby Roll,Granby,"Granby roll para BJJ — timing do setup, mecânica de execução, recuperação da guarda, aplicações no-gi e erros comuns.","Granby,timing,setup,erros,comuns"
bjj-grappling-iq,CRITICAL,BJJ Grappling IQ: Como Pensar no Tatame | BJJ Wiki,"Grappling,Pensar,Tatame",🧠 Grappling IQ: Como Pensar no Tatame,"Grappling,Pensar,Tatame","Desenvolva seu grappling IQ no BJJ: leia oponentes, reações em cadeia, crie dilemas e pense vários movimentos à frente.","Desenvolva,grappling,oponentes,cadeia,dilemas"
bjj-grinding-bjj-game,CRITICAL,Grinding and Pressure Game | BJJ Wiki Brasil,"Grinding,Pressure,Brasil",Grinding and Pressure Game | BJJ Wiki Brasil,"Grinding,Pressure,Brasil",Domine grinding strategy and constant pressure techniques.,"grinding,strategy,constant,pressure,techniques"
bjj-grip-breaking-defense,CRITICAL,Breaking Opponent Grips | BJJ Wiki Brasil,"Breaking,Opponent,Grips,Brasil",Breaking Opponent Grips | BJJ Wiki Brasil,"Breaking,Opponent,Grips,Brasil",Técnicas to break opponent submission grips effectively.,"break,opponent,submission,grips,effectively"
bjj-grip-breaks-system,CRITICAL,Sistema de Grip Breaks no BJJ | Defesa Contra Controle de Grip | BJJ Wiki Brasil,"Sistema,Breaks,Contra,Controle,Brasil",Sistema de Grip Breaks no BJJ | Defesa Contra Controle de Grip | BJJ Wiki Brasil,"Sistema,Breaks,Contra,Controle,Brasil","Domine técnicas de grip break: abordagem sistemática para quebrar grips do oponente, escapar de controle.","break,abordagem,quebrar,grips,oponente"
bjj-grip-endurance-training,CRITICAL,Grip Endurance Training Program | BJJ Wiki Brasil,"Endurance,Training,Program,Brasil",Grip Endurance Training Program,"Endurance,Training,Program",Specific grip strength and endurance training for BJJ demands,"Specific,strength,endurance,training,demands"
bjj-grip-fighting-guide,CRITICAL,"Guia de Luta de Pegadas no BJJ — Estabelecer, Quebrar e Controlar Pegadas","Pegadas,Estabelecer,Quebrar,Controlar,Pegadas",Guia de Luta de Pegadas no BJJ — Estabelecimento e Quebra de Pegadas,"Pegadas,Estabelecimento,Quebra,Pegadas","Domine a luta de pegadas no BJJ — estabelecer pegadas dominantes, quebrar as do oponente, sequências de pegadas e estrat","pegadas,estabelecer,pegadas,dominantes,quebrar"
bjj-grip-fighting,CRITICAL,Grip Fighting no BJJ: Ganhe a Batalha das Mãos Antes da Técnica | BJJ Wiki,"Fighting,Ganhe,Batalha,Antes",✋ Grip Fighting no BJJ,Fighting,"Domine o grip fighting no BJJ: grips de gola, manga e pulso, quebra de grips e como grips dominantes ganham posições.","fighting,grips,manga,pulso,quebra"
bjj-grip-strength-bjj,CRITICAL,Grip Strength Training for BJJ | BJJ Wiki Brasil,"Strength,Training,Brasil",Grip Strength Training for BJJ | BJJ Wiki Brasil,"Strength,Training,Brasil",Build grip strength specific to Brazilian Jiu-Jitsu demands.,"Build,strength,specific,demands"
bjj-grip-strength-training,CRITICAL,Grip Strength Training Guide | BJJ Wiki Brasil | BJJ Wiki Brasil,"Strength,Training,Guide,Brasil,Brasil",Grip Strength Training Guide,"Strength,Training,Guide",Master grip strength training for BJJ training and competition.,"Master,strength,training,training,competition"
bjj-grip-training,CRITICAL,Treinamento de Grip no BJJ: Construa uma Pegada Inabalável | BJJ Wiki,"Treinamento,Construa,Pegada",✊ Guia de Treinamento de Grip no BJJ,Treinamento,"Construa força de grip específica para BJJ: melhores exercícios, protocolos de treino e resistência de pegada para gi e ","Construa,melhores,protocolos,treino,pegada"
bjj-growth-mindset-bjj,CRITICAL,Growth Mindset Bjj | BJJ Wiki,"Growth,Mindset",Growth Mindset Bjj,"Growth,Mindset",Growth Mindset Bjj BJJ technique guide,"Growth,Mindset,technique,guide"
bjj-guard-attack-guide,CRITICAL,Guia Completo de Ataques da Guarda | BJJ Wiki Brasil,"Completo,Ataques,Brasil",Guia Completo de Ataques da Guarda,"Completo,Ataques","Domine ataques da guarda: armações de submissões, varridas e retaguardas do topo.","ataques,varridas,retaguardas"
bjj-guard-attack-systems,CRITICAL,Sistemas Ataque Guard | BJJ Wiki Brasil,"Sistemas,Guard,Brasil",Guard Attack Systems,"Guard,Attack,Systems",Master systematic guard attacks that overwhelm and control opponents.,"Master,systematic,guard,attacks,overwhelm"
bjj-guard-break-guide,CRITICAL,Guia de Abertura de Guarda | BJJ Wiki,Abertura,💥 Guia de Abertura de Guarda,Abertura,"Como abrir a guarda fechada no BJJ: abertura em pé, abertura com joelho, técnicas de postura e conectando a abertura a s","abrir,fechada,abertura,abertura,joelho"
bjj-guard-break-prevention,CRITICAL,Preventing Guard Breaks | BJJ Wiki Brasil | BJJ Wiki,"Preventing,Guard,Breaks,Brasil",Preventing Guard Breaks,"Preventing,Guard,Breaks",Maintaining guard integrity against breaks.,"Maintaining,guard,integrity,against,breaks"
bjj-guard-connection-points,CRITICAL,Guard Connection Points: Sistema de Controle,"Guard,Connection,Points,Sistema,Controle",Guard Connection Points: Sistema de Controle,"Guard,Connection,Points,Sistema,Controle","Domine pontos de conexão em guarda — quadris, golas, mangas e manter contato multi-ponto.","pontos,quadris,golas,mangas,manter"
bjj-guard-development-system,CRITICAL,Sistema de Desenvolvimento de Guarda no BJJ | Construindo Seu Jogo de Guarda,"Sistema,Desenvolvimento,Construindo",Sistema de Desenvolvimento de Guarda no BJJ,"Sistema,Desenvolvimento","Construir um jogo de guarda abrangente requer compreender os princípios do desenvolvimento de guarda, desde posições fun","Construir,abrangente,requer,compreender,desenvolvimento"
bjj-guard-engagement-bjj,CRITICAL,Guard Engagement Principles | BJJ Wiki Brasil,"Guard,Engagement,Principles,Brasil",Guard Engagement Principles | BJJ Wiki Brasil,"Guard,Engagement,Principles,Brasil",Proper guard engagement techniques for control and submission.,"Proper,guard,engagement,techniques,control"
bjj-guard-fundamentals-closed,CRITICAL,Fundamentos da Guarda Fechada no BJJ | BJJ Wiki,"Fundamentos,Fechada",🔒 Fundamentos da Guarda Fechada no BJJ,"Fundamentos,Fechada","Domine a guarda fechada no BJJ: quebrar postura, setups de submission, varridas e por que ainda é a base do BJJ moderno.","fechada,quebrar,postura,setups,submission"
bjj-guard-game-plan,CRITICAL,Guard Game Plan Guide | BJJ Wiki Brasil | BJJ Wiki Brasil,"Guard,Guide,Brasil,Brasil",Guard Game Plan Guide,"Guard,Guide",Master guard game plan for BJJ training and competition.,"Master,guard,training,competition"
bjj-guard-gripping-systems,CRITICAL,Sistemas de Gripping de Guarda: Framework,"Sistemas,Gripping,Framework",Sistemas de Gripping de Guarda: Framework,"Sistemas,Gripping,Framework",Domine sistemas de gripping de guarda para controlar oponentes e executar transições efetivamente.,"sistemas,gripping,controlar,oponentes,executar"
bjj-guard-hierarchy-guide,CRITICAL,Guia Hierarquia Guard | BJJ Wiki Brasil,"Hierarquia,Guard,Brasil",Guard Hierarchy,"Guard,Hierarchy",Understand guard position hierarchy and selection for optimal position choice.,"Understand,guard,position,hierarchy,selection"
bjj-guard-pass-entries,CRITICAL,Sistemas de Entrada para Passagem de Guarda | BJJ Wiki,"Sistemas,Entrada",Sistemas de Entrada para Passagem de Guarda,"Sistemas,Entrada","Entradas de passagem de guarda no BJJ — luta de grips, quebrar guarda, posição headquarters e entradas sistemáticas para","Entradas,grips,quebrar,headquarters,entradas"
bjj-guard-passing-concepts,CRITICAL,Conceitos de Passagem de Guarda no BJJ,Conceitos,Conceitos de Passagem de Guarda no BJJ,Conceitos,"Domine os conceitos de passagem de guarda no BJJ: pressão vs velocidade, quebrar postura, controle de pernas, mobilidade","conceitos,velocidade,quebrar,postura,controle"
bjj-guard-passing-fundamentals,CRITICAL,"Fundamentos da Passagem de Guarda no BJJ: Quebrar, Passar, Controlar | BJJ Wiki","Fundamentos,Quebrar,Passar,Controlar",🚧 Fundamentos da Passagem de Guarda no BJJ,Fundamentos,"Domine os fundamentos da passagem de guarda no BJJ: postura, quebras de guarda, passagem por pressão e velocidade.","fundamentos,postura,quebras,velocidade"
bjj-guard-pull-strategy,INFO,Estratégia Guard Pull | Quando e Como | BJJ Wiki Brasil,"Guard,Quando,Brasil",Domine Esta Técnica,,Master guard pull strategy in competition. Learn timing and safe guard pull techniques.,"Master,guard,strategy,competition,Learn"
bjj-guard-pull-timing,CRITICAL,When to Pull Guard in BJJ | BJJ Wiki Brasil,"Guard,Brasil",When to Pull Guard in BJJ | BJJ Wiki Brasil,"Guard,Brasil",Develop timing and strategy for effective guard pulls.,"Develop,timing,strategy,effective,guard"
bjj-guard-pull-vs-takedown,CRITICAL,Guard Pull vs Takedown Decision | BJJ Wiki Brasil,"Guard,Takedown,Decision,Brasil",Guard Pull vs Takedown Decision,"Guard,Takedown,Decision",Strategic decision-making for pulling guard or pursuing takedowns,"Strategic,decision,making,pulling,guard"
bjj-guard-recomposition,CRITICAL,Guard Recomposition Techniques | BJJ Wiki Brasil,"Guard,Recomposition,Techniques,Brasil",Guard Recomposition Techniques | BJJ Wiki Brasil,"Guard,Recomposition,Techniques,Brasil",Develop methods to regain guard from inferior positions.,"Develop,methods,regain,guard,inferior"
bjj-guard-recovery-deep,CRITICAL,Deep Guard Recovery Methods | BJJ Wiki Brasil,"Guard,Recovery,Methods,Brasil",Deep Guard Recovery Methods | BJJ Wiki Brasil,"Guard,Recovery,Methods,Brasil",Advanced methods to recover guard from compromised positions.,"Advanced,methods,recover,guard,compromised"
bjj-guard-recovery-drills,CRITICAL,Guard Recovery Drills | BJJ Wiki Brasil,"Guard,Recovery,Drills,Brasil",Guard Recovery Drills,"Guard,Recovery,Drills",Develop guard recovery through specific drilling progressions and partner-based training systems.,"Develop,guard,recovery,through,specific"
bjj-guard-recovery-guide,CRITICAL,Guia de Guard Recovery | Recuperando Guarda | BJJ Wiki Brasil,"Guard,Recovery,Recuperando,Brasil",Domine Esta Técnica,,Master guard recovery techniques from bottom position. Learn regaining closed guard and open guard systems.,"Master,guard,recovery,techniques,bottom"
bjj-guard-recovery-no-gi,CRITICAL,Guard Recovery No-Gi | BJJ Wiki Brasil,"Guard,Recovery,Brasil",Guard Recovery No-Gi,"Guard,Recovery",Adapt guard recovery principles to no-gi grappling using proper body positioning and gripping.,"Adapt,guard,recovery,principles,grappling"
bjj-guard-recovery-timing,CRITICAL,Guard Recovery Timing Principles | BJJ Wiki Brasil,"Guard,Recovery,Timing,Principles,Brasil",Guard Recovery Timing Principles,"Guard,Recovery,Timing,Principles",Understanding timing for effective guard recovery and sweeps,"Understanding,timing,effective,guard,recovery"
bjj-guard-retention-active,CRITICAL,Active Guard Retention | BJJ Wiki Brasil,"Active,Guard,Retention,Brasil",Active Guard Retention,"Active,Guard,Retention",Master active guard retention. Prevent passes and maintain control from guard position.,"Master,active,guard,retention,Prevent"
bjj-guard-selection-guide,CRITICAL,Guia Selecao Guard | BJJ Wiki Brasil,"Selecao,Guard,Brasil",Guard Selection,"Guard,Selection",Learn strategic guard selection based on opponent and situation analysis.,"Learn,strategic,guard,selection,based"
bjj-guard-setups-masterclass,CRITICAL,Guarda Setups Masterclass - Sistemas Completos,"Setups,Masterclass,Sistemas,Completos",Guarda Setups Masterclass - Sistemas Completos,"Setups,Masterclass,Sistemas,Completos",Guia completo para estabelecer e manter posições superiores de guarda incluindo transições e setups.,"completo,estabelecer,manter,superiores,incluindo"
bjj-guard-survival-guide,CRITICAL,Guia de Sobrevivência de Guarda | BJJ Wiki Brasil,Brasil,Guard Survival Guide,"Guard,Survival,Guide","Prevenir passagem de guarda: mecânicas de frame, controle de quadril","Prevenir,frame,controle,quadril"
bjj-guard-sweeps-masterclass,CRITICAL,Masterclass de Raspagens de Guarda no BJJ | Sistema Completo,"Masterclass,Raspagens,Sistema,Completo",Masterclass de Raspagens de Guarda no BJJ,"Masterclass,Raspagens","Domine o sistema completo de raspagens de guarda no BJJ. Da mecânica básica a raspagens encadeadas avançadas, aprenda co","sistema,completo,raspagens,raspagens,encadeadas"
bjj-guard-to-submission-guide,CRITICAL,Guard para Submissao | BJJ Wiki Brasil,"Guard,Submissao,Brasil",Guard Submission Chains,"Guard,Submission,Chains",Chain guard positions into submission attacks seamlessly and efficiently.,"Chain,guard,positions,submission,attacks"
bjj-guard-to-top-transition,CRITICAL,Guard to Top Position Transition | BJJ Wiki Brasil,"Guard,Position,Transition,Brasil",Guard to Top Position Transition | BJJ Wiki Brasil,"Guard,Position,Transition,Brasil",Transition from guard to dominant top control positions smoothly.,"Transition,guard,dominant,control,positions"
bjj-guard-types-guide,CRITICAL,Guia Completo dos Tipos de Guarda no BJJ | BJJ Wiki,"Completo,Tipos",🛡️ Guia Completo dos Tipos de Guarda no BJJ,"Completo,Tipos","Cada guarda de BJJ explicada: guarda fechada, guardas abertas, meia guarda e mais. Qual aprender primeiro e como cada um","explicada,fechada,guardas,abertas,aprender"
bjj-guard-vs-pressure,CRITICAL,Guard vs Pressure Passers | BJJ Wiki Brasil,"Guard,Pressure,Passers,Brasil",Guard vs Pressure Passers | BJJ Wiki Brasil,"Guard,Pressure,Passers,Brasil",Strategies for guard game against pressure-based passers.,"Strategies,guard,against,pressure,based"
bjj-guard-vs-speed,CRITICAL,Guard vs Speed Passers | BJJ Wiki Brasil,"Guard,Speed,Passers,Brasil",Guard vs Speed Passers | BJJ Wiki Brasil,"Guard,Speed,Passers,Brasil",Guard game strategies against fast and technical passers.,"Guard,strategies,against,technical,passers"
bjj-guide-239-0,CRITICAL,Guia BJJ 239-0 | BJJ Wiki Brasil,Brasil,Guide 239-0,Guide,Master advanced BJJ technique guide for level 239.,"Master,advanced,technique,guide,level"
bjj-guide-239-1,CRITICAL,Guia BJJ 239-1 | BJJ Wiki Brasil,Brasil,Guide 239-1,Guide,Master advanced BJJ technique guide for level 239.,"Master,advanced,technique,guide,level"
bjj-guide-239-2,CRITICAL,Guia BJJ 239-2 | BJJ Wiki Brasil,Brasil,Guide 239-2,Guide,Master advanced BJJ technique guide for level 239.,"Master,advanced,technique,guide,level"
bjj-guide-239-3,CRITICAL,Guia BJJ 239-3 | BJJ Wiki Brasil,Brasil,Guide 239-3,Guide,Master advanced BJJ technique guide for level 239.,"Master,advanced,technique,guide,level"
bjj-guide-239-4,CRITICAL,Guia BJJ 239-4 | BJJ Wiki Brasil,Brasil,Guide 239-4,Guide,Master advanced BJJ technique guide for level 239.,"Master,advanced,technique,guide,level"
bjj-guide-240-0,CRITICAL,Guia BJJ 240-0 | BJJ Wiki Brasil,Brasil,Guide 240-0,Guide,Master advanced BJJ technique guide for level 240.,"Master,advanced,technique,guide,level"
bjj-guide-240-1,CRITICAL,Guia BJJ 240-1 | BJJ Wiki Brasil,Brasil,Guide 240-1,Guide,Master advanced BJJ technique guide for level 240.,"Master,advanced,technique,guide,level"
bjj-guide-240-2,CRITICAL,Guia BJJ 240-2 | BJJ Wiki Brasil,Brasil,Guide 240-2,Guide,Master advanced BJJ technique guide for level 240.,"Master,advanced,technique,guide,level"
bjj-guide-240-3,CRITICAL,Guia BJJ 240-3 | BJJ Wiki Brasil,Brasil,Guide 240-3,Guide,Master advanced BJJ technique guide for level 240.,"Master,advanced,technique,guide,level"
bjj-guide-240-4,CRITICAL,Guia BJJ 240-4 | BJJ Wiki Brasil,Brasil,Guide 240-4,Guide,Master advanced BJJ technique guide for level 240.,"Master,advanced,technique,guide,level"
bjj-guide-241-0,CRITICAL,Guia BJJ 241-0 | BJJ Wiki Brasil,Brasil,Guide 241-0,Guide,Master advanced BJJ technique guide for level 241.,"Master,advanced,technique,guide,level"
bjj-guide-241-1,CRITICAL,Guia BJJ 241-1 | BJJ Wiki Brasil,Brasil,Guide 241-1,Guide,Master advanced BJJ technique guide for level 241.,"Master,advanced,technique,guide,level"
bjj-guide-241-2,CRITICAL,Guia BJJ 241-2 | BJJ Wiki Brasil,Brasil,Guide 241-2,Guide,Master advanced BJJ technique guide for level 241.,"Master,advanced,technique,guide,level"
bjj-guide-241-3,CRITICAL,Guia BJJ 241-3 | BJJ Wiki Brasil,Brasil,Guide 241-3,Guide,Master advanced BJJ technique guide for level 241.,"Master,advanced,technique,guide,level"
bjj-guide-241-4,CRITICAL,Guia BJJ 241-4 | BJJ Wiki Brasil,Brasil,Guide 241-4,Guide,Master advanced BJJ technique guide for level 241.,"Master,advanced,technique,guide,level"
bjj-guide-242-0,CRITICAL,Guia BJJ 242-0 | BJJ Wiki Brasil,Brasil,Guide 242-0,Guide,Master advanced BJJ technique guide for level 242.,"Master,advanced,technique,guide,level"
bjj-guide-242-1,CRITICAL,Guia BJJ 242-1 | BJJ Wiki Brasil,Brasil,Guide 242-1,Guide,Master advanced BJJ technique guide for level 242.,"Master,advanced,technique,guide,level"
bjj-guide-242-2,CRITICAL,Guia BJJ 242-2 | BJJ Wiki Brasil,Brasil,Guide 242-2,Guide,Master advanced BJJ technique guide for level 242.,"Master,advanced,technique,guide,level"
bjj-guide-242-3,CRITICAL,Guia BJJ 242-3 | BJJ Wiki Brasil,Brasil,Guide 242-3,Guide,Master advanced BJJ technique guide for level 242.,"Master,advanced,technique,guide,level"
bjj-guide-242-4,CRITICAL,Guia BJJ 242-4 | BJJ Wiki Brasil,Brasil,Guide 242-4,Guide,Master advanced BJJ technique guide for level 242.,"Master,advanced,technique,guide,level"
bjj-guide-243-0,CRITICAL,Guia BJJ 243-0 | BJJ Wiki Brasil,Brasil,Guide 243-0,Guide,Master advanced BJJ technique guide for level 243.,"Master,advanced,technique,guide,level"
bjj-guide-243-1,CRITICAL,Guia BJJ 243-1 | BJJ Wiki Brasil,Brasil,Guide 243-1,Guide,Master advanced BJJ technique guide for level 243.,"Master,advanced,technique,guide,level"
bjj-guide-243-2,CRITICAL,Guia BJJ 243-2 | BJJ Wiki Brasil,Brasil,Guide 243-2,Guide,Master advanced BJJ technique guide for level 243.,"Master,advanced,technique,guide,level"
bjj-guide-243-3,CRITICAL,Guia BJJ 243-3 | BJJ Wiki Brasil,Brasil,Guide 243-3,Guide,Master advanced BJJ technique guide for level 243.,"Master,advanced,technique,guide,level"
bjj-guide-243-4,CRITICAL,Guia BJJ 243-4 | BJJ Wiki Brasil,Brasil,Guide 243-4,Guide,Master advanced BJJ technique guide for level 243.,"Master,advanced,technique,guide,level"
bjj-guide-244-0,CRITICAL,Guia BJJ 244-0 | BJJ Wiki Brasil,Brasil,Guide 244-0,Guide,Master advanced BJJ technique guide for level 244.,"Master,advanced,technique,guide,level"
bjj-guide-244-1,CRITICAL,Guia BJJ 244-1 | BJJ Wiki Brasil,Brasil,Guide 244-1,Guide,Master advanced BJJ technique guide for level 244.,"Master,advanced,technique,guide,level"
bjj-guide-244-2,CRITICAL,Guia BJJ 244-2 | BJJ Wiki Brasil,Brasil,Guide 244-2,Guide,Master advanced BJJ technique guide for level 244.,"Master,advanced,technique,guide,level"
bjj-guide-244-3,CRITICAL,Guia BJJ 244-3 | BJJ Wiki Brasil,Brasil,Guide 244-3,Guide,Master advanced BJJ technique guide for level 244.,"Master,advanced,technique,guide,level"
bjj-guide-244-4,CRITICAL,Guia BJJ 244-4 | BJJ Wiki Brasil,Brasil,Guide 244-4,Guide,Master advanced BJJ technique guide for level 244.,"Master,advanced,technique,guide,level"
bjj-guide-245-0,CRITICAL,Guia BJJ 245-0 | BJJ Wiki Brasil,Brasil,Guide 245-0,Guide,Master advanced BJJ technique guide for level 245.,"Master,advanced,technique,guide,level"
bjj-guide-245-1,CRITICAL,Guia BJJ 245-1 | BJJ Wiki Brasil,Brasil,Guide 245-1,Guide,Master advanced BJJ technique guide for level 245.,"Master,advanced,technique,guide,level"
bjj-guide-245-2,CRITICAL,Guia BJJ 245-2 | BJJ Wiki Brasil,Brasil,Guide 245-2,Guide,Master advanced BJJ technique guide for level 245.,"Master,advanced,technique,guide,level"
bjj-guide-245-3,CRITICAL,Guia BJJ 245-3 | BJJ Wiki Brasil,Brasil,Guide 245-3,Guide,Master advanced BJJ technique guide for level 245.,"Master,advanced,technique,guide,level"
bjj-guide-245-4,CRITICAL,Guia BJJ 245-4 | BJJ Wiki Brasil,Brasil,Guide 245-4,Guide,Master advanced BJJ technique guide for level 245.,"Master,advanced,technique,guide,level"
bjj-guillotine-details,CRITICAL,Guillotine Submission Details | BJJ Wiki Brasil,"Guillotine,Submission,Details,Brasil",Guillotine Submission Details | BJJ Wiki Brasil,"Guillotine,Submission,Details,Brasil",Advanced guillotine choke variations and finishes.,"Advanced,guillotine,choke,variations,finishes"
bjj-guillotine-from-sprawl,CRITICAL,Guillotine From Sprawl Guide | BJJ Wiki Brasil | BJJ Wiki Brasil,"Guillotine,Sprawl,Guide,Brasil,Brasil",Guillotine From Sprawl Guide,"Guillotine,Sprawl,Guide",Master guillotine from sprawl in BJJ.,"Master,guillotine,sprawl"
bjj-guillotine-guide,CRITICAL,"Guilhotina no BJJ: Setup, Finalização e Variações de High Elbow | BJJ Wiki","Guilhotina,Setup,Elbow",✂️ Guia Completo da Guilhotina no BJJ,"Completo,Guilhotina","Domine a guilhotina no BJJ: arm-in, high elbow, entradas de front headlock e mecânica de finalização para gi e no-gi.","guilhotina,elbow,entradas,front,headlock"
bjj-guillotine-system-guide,CRITICAL,Guia do Sistema de Guilhotina | BJJ Wiki Brasil,"Sistema,Guilhotina,Brasil",Guia do Sistema de Guilhotina,"Sistema,Guilhotina","Sistema de guilhotina: variações arm-in, técnica high elbow e mecânica de submissão.","Sistema,guilhotina,elbow"
bjj-guillotine-system,CRITICAL,Sistema de Guilhotina no BJJ | BJJ Wiki,"Sistema,Guilhotina",🪒 Sistema de Guilhotina no BJJ,"Sistema,Guilhotina","Sistema completo de guilhotina no BJJ: high arm, arm-in, 10 dedos, Marcelotine — setups da guarda, sprawl e clinch em pé","Sistema,completo,guilhotina,dedos,Marcelotine"
bjj-guillotine-variations,CRITICAL,Guillotine Choke Variations Mastery | BJJ Wiki Brasil,"Guillotine,Choke,Variations,Mastery,Brasil",Guillotine Choke Variations Mastery,"Guillotine,Choke,Variations,Mastery","High, medium, low guillotine, and counter-guillotine strategies","medium,guillotine,counter,guillotine,strategies"
bjj-gym-culture-guide,CRITICAL,Cultura de Academia BJJ: Etiqueta e Respeito,"Cultura,Academia,Etiqueta,Respeito",Cultura de Academia BJJ: Etiqueta e Respeito,"Cultura,Academia,Etiqueta,Respeito",Guia de cultura de academia BJJ.,"cultura,academia"
bjj-gym-etiquette,CRITICAL,Etiqueta no BJJ: As Regras Não Escritas | BJJ Wiki,"Etiqueta,Regras,Escritas",🤝 Guia de Etiqueta no BJJ,Etiqueta,"Domine a etiqueta no BJJ: higiene, reverências, tapear, intensidade no rolar e as regras não escritas que todo praticant","etiqueta,higiene,tapear,intensidade,rolar"
bjj-half-guard-attacks,CRITICAL,Ataques da Meia-Guarda no BJJ: Varridas e Submissões de Baixo | BJJ Wiki,"Ataques,Varridas,Baixo",⚡ Guia de Ataques da Meia-Guarda,Ataques,"Domine ataques da meia-guarda no BJJ: sistema de underhook, varridas e opções de back take.","ataques,sistema,underhook,varridas"
bjj-half-guard-bottom-defense,CRITICAL,Half Guard Fundo: Sweeps e Escapes,"Guard,Fundo,Sweeps,Escapes",Half Guard Fundo: Sweeps e Escapes,"Guard,Fundo,Sweeps,Escapes","Domine half guard do fundo — sweeps, escapes.","guard,fundo,sweeps,escapes"
bjj-half-guard-fundamentals,CRITICAL,Fundamentos da Meia Guarda no BJJ: A Guarda Canivete Suíço | BJJ Wiki,"Fundamentos,Canivete",🔄 Fundamentos da Meia Guarda no BJJ,Fundamentos,"Domine a meia guarda no BJJ: meia guarda plana, deep half, lockdown, varridas, tomadas de costas e por que funciona em t","plana,lockdown,varridas,tomadas,costas"
bjj-half-guard-guide,CRITICAL,"Meia Guarda no BJJ: O Guia Completo de Sweeps, Finalizações e Pegada de Costas |","Completo,Sweeps,Pegada,Costas",🔄 Guia Completo de Meia Guarda no BJJ,Completo,"Domine a meia guarda no BJJ: deep half, lockdown, variações de knee shield com sweeps, pegada de costas e entradas de fi","lockdown,shield,sweeps,pegada,costas"
bjj-half-guard-passing-system,CRITICAL,Half Guard Passing System Guide | BJJ Wiki Brasil | BJJ Wiki Brasil,"Guard,Passing,System,Guide,Brasil",Half Guard Passing System Guide,"Guard,Passing,System,Guide",Master half guard passing system in BJJ.,"Master,guard,passing,system"
bjj-half-guard-submissions,CRITICAL,Submissions from Half Guard | BJJ Wiki Brasil | BJJ Wiki,"Submissions,Guard,Brasil",Submissions from Half Guard,"Submissions,Guard",Submission techniques from half guard position.,"Submission,techniques,guard,position"
bjj-half-guard-sweeps,CRITICAL,Varridas da Meia Guarda no BJJ | BJJ Wiki,Varridas,🌗 Varridas da Meia Guarda no BJJ,Varridas,"Domine as varridas da meia guarda no BJJ: lockdown, old school sweep, dogfight, meia guarda com knee shield e a batalha ","varridas,lockdown,school,sweep,dogfight"
bjj-half-guard-system,CRITICAL,Sistema de Meia Guarda no BJJ: Guia Completo | BJJ Wiki,"Sistema,Completo",🔀 Guia do Sistema de Meia Guarda no BJJ,Sistema,"Domine o sistema de meia guarda no BJJ: deep half, lockdown, meia guarda com underhook, varridas, finalizações e como pa","sistema,lockdown,underhook,varridas,passar"
bjj-harai-goshi-bjj,CRITICAL,Harai Goshi for BJJ | BJJ Wiki Brasil | BJJ Wiki,"Harai,Goshi,Brasil",Harai Goshi for BJJ,"Harai,Goshi",Judo throw: harai goshi hip throw.,"throw,harai,goshi,throw"
bjj-headlock-escapes,CRITICAL,Escapadas de Headlock no BJJ — Headlock Lateral e Defesa de Guilhotina,"Escapadas,Headlock,Headlock,Lateral,Guilhotina",Escapadas de Headlock no BJJ — Headlock Lateral e Guilhotina,"Escapadas,Headlock,Headlock,Lateral,Guilhotina","Como escapar de headlocks no BJJ — escape de headlock lateral, defesa da guilhotina e os conceitos que se aplicam a toda","escapar,headlocks,escape,headlock,lateral"
bjj-heel-hook-defense-guide,CRITICAL,Heel Hook Defense Guide | BJJ Wiki Brasil,"Defense,Guide,Brasil",Heel Hook Defense Guide,"Defense,Guide",Defend against heel hook attacks using proper foot positioning and escape sequencing.,"Defend,against,attacks,using,proper"
bjj-heel-hook-entry-guide,CRITICAL,Heel Hook Entry Guide | BJJ Wiki Brasil,"Entry,Guide,Brasil",Heel Hook Entry Guide,"Entry,Guide",Master proper entry techniques into heel hook positions from various guard and leg lock systems.,"Master,proper,entry,techniques,positions"
bjj-heel-hook-finish-details,CRITICAL,Heel Hook Finishing Mechanics | BJJ Wiki Brasil,"Finishing,Mechanics,Brasil",Heel Hook Finishing Mechanics | BJJ Wiki Brasil,"Finishing,Mechanics,Brasil",Master heel hook finishing techniques and safety.,"Master,finishing,techniques,safety"
bjj-heel-hook-finish-guide,CRITICAL,Heel Hook Finish Guide | BJJ Wiki Brasil,"Finish,Guide,Brasil",Heel Hook Finish Guide,"Finish,Guide","Execute heel hook submissions with proper foot placement, ankle control, and finishing pressure.","Execute,submissions,proper,placement,ankle"
bjj-heel-hook-from-top,CRITICAL,Heel Hook Entry From Top | BJJ Wiki Brasil,"Entry,Brasil",Heel Hook Entry From Top,Entry,Master heel hook entries from top position. Leg lock attacks while establishing dominance.,"Master,entries,position,attacks,while"
bjj-heel-hook-safety-guide,CRITICAL,Heel Hook Safety Guide | BJJ Wiki Brasil,"Safety,Guide,Brasil",Heel Hook Safety Guide,"Safety,Guide","Understand heel hook safety principles including proper technique, tap recognition, and injury prevention.","Understand,safety,principles,including,proper"
bjj-heel-hook-to-kneebar-flow,CRITICAL,Heel Hook to Kneebar Flow | BJJ Wiki Brasil,"Kneebar,Brasil",Heel Hook to Kneebar Flow,Kneebar,Lower body submission chain and transitions,"Lower,submission,chain,transitions"
bjj-heel-hook-training-guide,CRITICAL,Heel Hook Training Guide | BJJ Wiki Brasil,"Training,Guide,Brasil",Heel Hook Training Guide,"Training,Guide",Develop heel hook proficiency through structured drilling and progressive training systems.,"Develop,proficiency,through,structured,drilling"
bjj-high-mount-attacks,CRITICAL,High Mount Attacks Strategy | BJJ Wiki Brasil,"Mount,Attacks,Strategy,Brasil",High Mount Attacks Strategy,"Mount,Attacks,Strategy",Arm and neck attacks from high mount position,"attacks,mount,position"
bjj-high-percentage-attacks,CRITICAL,Ataques de Alta Porcentagem no BJJ | BJJ Wiki,"Ataques,Porcentagem",🎯 Ataques de Alta Porcentagem no BJJ,"Ataques,Porcentagem","As finalizações de maior porcentagem no BJJ: rear naked choke, armbar, triângulo, guilhotina — por que funcionam e como ","maior,porcentagem,naked,choke,guilhotina"
bjj-hip-bump-details,CRITICAL,Hip Bump Sweep Mechanics | BJJ Wiki Brasil,"Sweep,Mechanics,Brasil",Hip Bump Sweep Mechanics,"Sweep,Mechanics",Detailed mechanics and setups for hip bump sweeping,"Detailed,mechanics,setups,sweeping"
bjj-hip-bump-sweep-guide,CRITICAL,Guia do Hip Bump Sweep | BJJ Wiki,Sweep,🦻 Guia do Hip Bump Sweep,Sweep,"O hip bump sweep no BJJ: setup da guarda fechada, timing contra oponentes posturando, ataques de follow-up e combinando ","sweep,setup,fechada,timing,contra"
bjj-hip-control-leg-locks,CRITICAL,Controle de Quadril para Gravatas | BJJ Wiki Brasil,"Controle,Quadril,Gravatas,Brasil",Controle de Quadril para Gravatas | BJJ Wiki Brasil,"Controle,Quadril,Gravatas,Brasil",Controle de Quadril para Gravatas técnica BJJ,"Controle,Quadril,Gravatas"
bjj-hip-control-passing,CRITICAL,Hip Control for Passing | BJJ Wiki Brasil,"Control,Passing,Brasil",Hip Control for Passing,"Control,Passing",Master hip control for guard passing. Control hips to pass guard effectively and prevent escapes.,"Master,control,guard,passing,Control"
bjj-hip-escape-concepts,CRITICAL,"Conceitos de Hip Escape no BJJ: Camarão, Ponte e Fundamentos de Frame | BJJ Wiki","Conceitos,Escape,Ponte,Fundamentos,Frame",🔄 Conceitos de Hip Escape no BJJ,"Conceitos,Escape","Domine hip escapes no BJJ: camarão, ponte, framing e conexão cotovelo-joelho para escapar de posições ruins e recuperar ","escapes,ponte,framing,cotovelo,joelho"
bjj-hip-escape-details,CRITICAL,Detalhes Finos do Hip Escape | BJJ Wiki Brasil,"Detalhes,Finos,Escape,Brasil",Detalhes Finos do Hip Escape | BJJ Wiki Brasil,"Detalhes,Finos,Escape,Brasil",Detalhes Finos do Hip Escape técnica BJJ,"Detalhes,Finos,Escape"
bjj-hip-escape-system,CRITICAL,Sistema de Hip Escape no BJJ: Guia de Shrimping,"Sistema,Escape,Shrimping",Sistema de Hip Escape no BJJ: Guia de Shrimping,"Sistema,Escape,Shrimping","Mecânica do hip escape (shrimp), shrimp lateral, sit-up shrimp, combinando com frames e como os hip escapes constroem a ","escape,shrimp,shrimp,lateral,shrimp"
bjj-hip-mobility-bjj,CRITICAL,Hip Mobility Exercises for BJJ | BJJ Wiki Brasil,"Mobility,Exercises,Brasil",Hip Mobility Exercises for BJJ,"Mobility,Exercises","Hip flexibility and mobility work to improve guard, passing, and positions","flexibility,mobility,improve,guard,passing"
bjj-hip-movement-defense,CRITICAL,Hip Movement for Defense | BJJ Wiki Brasil,"Movement,Defense,Brasil",Hip Movement for Defense,"Movement,Defense",Master hip movement to defend against pressure and passes. Create space and escape danger.,"Master,movement,defend,against,pressure"
bjj-hip-recovery-guide,CRITICAL,Hip Recovery Guide | BJJ Wiki Brasil,"Recovery,Guide,Brasil",Hip Recovery Guide,"Recovery,Guide",Master hip escape and recovery sequences for escaping dominant positions into guard.,"Master,escape,recovery,sequences,escaping"
bjj-hip-switch-passing,CRITICAL,Hip Switch in Guard Passing | BJJ Wiki Brasil,"Switch,Guard,Passing,Brasil",Hip Switch in Guard Passing,"Switch,Guard,Passing",Master hip switch mechanics for guard passing. Advanced positional transition technique.,"Master,switch,mechanics,guard,passing"
bjj-hip-thrust-guard,CRITICAL,Hip Thrust from Guard | BJJ Wiki Brasil | BJJ Wiki,"Thrust,Guard,Brasil",Hip Thrust from Guard,"Thrust,Guard",Hip thrust and bump sweep mechanics.,"thrust,sweep,mechanics"
bjj-hitchhiker-escape-guide,CRITICAL,Hitchhiker Escape Guide Guide | BJJ Wiki Brasil | BJJ Wiki Brasil,"Hitchhiker,Escape,Guide,Guide,Brasil",Hitchhiker Escape Guide Guide,"Hitchhiker,Escape,Guide,Guide",Master hitchhiker escape guide for BJJ training and competition.,"Master,hitchhiker,escape,guide,training"
bjj-home-gym,CRITICAL,"Academia de BJJ em Casa: Tapetes Essenciais, Equipamentos e Drills Solo","Academia,Tapetes,Essenciais,Equipamentos,Drills",Academia de BJJ em Casa,Academia,"Como construir uma academia de BJJ em casa com qualquer orçamento — recomendações de tapetes, crash pads, dummies e os m","construir,academia,qualquer,tapetes,crash"
bjj-home-training,CRITICAL,Treino de BJJ em Casa: Drills Solo e Shadow Grappling | BJJ Wiki,"Treino,Drills,Shadow,Grappling",🏠 Treino de BJJ em Casa: Drills Solo e Shadow Grappling,"Treino,Drills,Shadow,Grappling","Treine BJJ em casa com drills solo, shadow grappling, trabalho de flexibilidade e ensaio mental — mesmo sem parceiro ou ","Treine,drills,shadow,grappling,trabalho"
bjj-hook-sweep-details,CRITICAL,Hook Sweep Mechanics | BJJ Wiki Brasil,"Sweep,Mechanics,Brasil",Hook Sweep Mechanics,"Sweep,Mechanics",Hook sweep technique from closed guard with proper timing,"sweep,technique,closed,guard,proper"
bjj-hooks-in-back-control,CRITICAL,Hooks in Back Control | Leg Hook | BJJ Wiki Brasil,"Hooks,Control,Brasil",Domine Esta Técnica,,"Master hook placement in back control. Learn heel hook, instep hook, and leg control variations.","Master,placement,control,Learn,instep"
bjj-hygiene-guide,CRITICAL,Guia de Higiene para BJJ: Prevenindo Frieira e Infecções no Tatame | BJJ Wiki,"Higiene,Prevenindo,Frieira,Tatame","🧼 Guia de Higiene para BJJ: Fique Limpo, Continue Treinando","Higiene,Fique,Limpo,Continue,Treinando","Higiene essencial para BJJ: previna frieira, staph, queimaduras e infecções de pele. Protocolo de banho, lavagem do gi e","Higiene,essencial,previna,frieira,staph"
bjj-ibjjf-nogi-strategy,CRITICAL,Ibjjf Nogi Strategy | BJJ Wiki,Strategy,Ibjjf Nogi Strategy,Strategy,Ibjjf Nogi Strategy BJJ technique guide,"Strategy,technique,guide"
bjj-ibjjf-rules-complete-guide,CRITICAL,"Guia Completo das Regras do IBJJF | Pontos, Penalidades e Vantagens","Completo,Regras,Pontos,Penalidades,Vantagens",IBJJF Rules Complete Guide,"Rules,Complete,Guide","Domine as regras do IBJJF incluindo sistema de pontos, vantagens, penalidades e desclassificações. Conhecimento essencia","regras,incluindo,sistema,pontos,vantagens"
bjj-ibjjf-scoring-guide,CRITICAL,IBJJF Scoring Complete Guide | BJJ Wiki Brasil,"Scoring,Complete,Guide,Brasil",IBJJF Scoring Complete Guide,"Scoring,Complete,Guide","Complete IBJJF scoring system. Points, advantages, and rule details for competition.","Complete,scoring,system,Points,advantages"
bjj-imanari-roll-guide,CRITICAL,Imanari Roll Entry | BJJ Wiki Brasil,"Imanari,Entry,Brasil",Imanari Roll Entry | BJJ Wiki Brasil,"Imanari,Entry,Brasil",Learn the imanari roll for guard entry or footlock.,"Learn,imanari,guard,entry,footlock"
bjj-initiative-bjj,CRITICAL,Taking Initiative in BJJ | BJJ Wiki Brasil,"Taking,Initiative,Brasil",Taking Initiative in BJJ,"Taking,Initiative",Maintaining initiative and controlling match tempo,"Maintaining,initiative,controlling,match,tempo"
bjj-injury-from-submissions,CRITICAL,Injuries From Submissions | BJJ Wiki Brasil,"Injuries,Submissions,Brasil",Injuries From Submissions,"Injuries,Submissions","Understanding submission injuries, prevention, and when to seek medical attention. Train safe.","Understanding,submission,injuries,prevention,medical"
bjj-inside-ashi-guide,CRITICAL,Inside Ashi Garami Guide | BJJ Wiki Brasil,"Inside,Garami,Guide,Brasil",Inside Ashi Garami Guide,"Inside,Garami,Guide",Control and attack from inside ashi garami using proper positioning and finish mechanics.,"Control,attack,inside,garami,using"
bjj-inside-heel-hook-guide,CRITICAL,Guia de Hook de Calcanhar Interno,"Calcanhar,Interno",Guia de Hook de Calcanhar Interno | BJJ Wiki Brasil,"Calcanhar,Interno,Brasil",Aprenda o perigoso hook de calcanhar interno.,"Aprenda,perigoso,calcanhar,interno"
bjj-inside-heel-hook-system,CRITICAL,"Inside Heel Hook no BJJ | Setup, Mecânica e Defesa","Inside,Setup",Inside Heel Hook no BJJ,Inside,"Domine o inside heel hook no BJJ com alinhamento correto do joelho, posições de entrada e defesas seguras.","inside,alinhamento,correto,joelho,entrada"
bjj-inside-position-guide,CRITICAL,Inside Position Guide | BJJ Wiki Brasil | BJJ Wiki Brasil,"Inside,Position,Guide,Brasil,Brasil",Inside Position Guide,"Inside,Position,Guide",Master inside position techniques.,"Master,inside,position,techniques"
bjj-inside-trip-guide,CRITICAL,Inside Trip from Clinch | BJJ Wiki Brasil,"Inside,Clinch,Brasil",Inside Trip from Clinch | BJJ Wiki Brasil,"Inside,Clinch,Brasil",Domine the inside trip takedown from clinch position.,"inside,takedown,clinch,position"
bjj-instructional-review,INFO,Melhores Instrucionais de BJJ: Reviews e Recomendações | BJJ Wiki,"Melhores,Instrucionais,Reviews",🎬 Melhores Instrucionais de BJJ: Reviews e Recomendações,"Melhores,Instrucionais,Reviews","Reviews dos melhores instrucionais de BJJ: DVDs e cursos de Gordon Ryan, John Danaher, Craig Jones e mais.","Reviews,melhores,instrucionais,cursos,Gordon"
bjj-intermediate-game-plan,CRITICAL,Game Plan for Intermediate | BJJ Wiki Brasil,"Intermediate,Brasil",Game Plan for Intermediate,Intermediate,Strategic game plan for intermediate blue/purple belt grapplers. Balanced approach.,"Strategic,intermediate,grapplers,Balanced,approach"
bjj-inversion-guide-bjj,CRITICAL,Inversion Movements for BJJ | BJJ Wiki Brasil,"Inversion,Movements,Brasil",Inversion Movements for BJJ | BJJ Wiki Brasil,"Inversion,Movements,Brasil",Master inversion techniques for modern BJJ.,"Master,inversion,techniques,modern"
bjj-inverted-guard-bjj,CRITICAL,Inverted Guard Techniques | BJJ Wiki Brasil,"Inverted,Guard,Techniques,Brasil",Inverted Guard Techniques,"Inverted,Guard,Techniques",Complete inverted guard system. Upside down guard positions for advanced attacks.,"Complete,inverted,guard,system,Upside"
bjj-inverted-guard-guide,CRITICAL,Guia de Guarda Invertida,Invertida,Guia de Guarda Invertida | BJJ Wiki Brasil,"Invertida,Brasil",Aprenda a posição de guarda invertida.,"Aprenda,invertida"
bjj-john-danaher-system,CRITICAL,Sistema de BJJ do John Danaher | Death Squad e Filosofia de Leg Locks,"Sistema,Danaher,Death,Squad,Filosofia",Sistema de BJJ do John Danaher,"Sistema,Danaher","A filosofia de coaching de John Danaher: abordagem sistemática aos ataques de perna, hierarquia posicional e desenvolvim","filosofia,coaching,Danaher,abordagem,ataques"
bjj-jumping-guard-bjj,CRITICAL,Jumping Guard Technique | BJJ Wiki Brasil,"Jumping,Guard,Technique,Brasil",Jumping Guard Technique | BJJ Wiki Brasil,"Jumping,Guard,Technique,Brasil",Safely execute jumping guard in BJJ.,"Safely,execute,jumping,guard"
bjj-k-guard-guide,CRITICAL,Guia do Sistema K-Guard | BJJ Wiki,"Sistema,Guard",🔑 Guia do Sistema K-Guard,"Sistema,Guard","O K-guard no BJJ: mecânica da posição, entradas da guarda aberta, ataques de leg lock e como o Danaher Death Squad o uti","guard,entradas,aberta,ataques,Danaher"
bjj-k-guard-system,CRITICAL,K-Guard System | BJJ Wiki Brasil,"Guard,System,Brasil",K-Guard System,"Guard,System",Master K-guard fundamentals. Leg lock entry and control system from open guard.,"Master,guard,fundamentals,entry,control"
bjj-kimura-defense-guide,CRITICAL,Kimura Defense Guide | BJJ Wiki Brasil,"Defense,Guide,Brasil",Kimura Defense Guide,"Defense,Guide","Defend against kimura attacks using proper arm positioning, shoulder protection, and escape sequences.","Defend,against,attacks,using,proper"
bjj-kimura-details-bjj,CRITICAL,Kimura Complete Details | BJJ Wiki Brasil,"Complete,Details,Brasil",Kimura Complete Details | BJJ Wiki Brasil,"Complete,Details,Brasil",Comprehensive kimura submission mechanics and setup.,"Comprehensive,submission,mechanics,setup"
bjj-kimura-from-guard,CRITICAL,Kimura From Guard Guide | BJJ Wiki Brasil | BJJ Wiki Brasil,"Guard,Guide,Brasil,Brasil",Kimura From Guard Guide,"Guard,Guide",Master kimura from guard in BJJ.,"Master,guard"
bjj-kimura-from-top,CRITICAL,Kimura From Top Position | BJJ Wiki Brasil,"Position,Brasil",Kimura From Top Position,Position,Apply kimura submissions from dominant top positions including mount and side control.,"Apply,submissions,dominant,positions,including"
bjj-kimura-guide,CRITICAL,"Kimura no BJJ: Setup, Finalização e Sistema de Kimura Trap | BJJ Wiki","Setup,Sistema",🔑 Guia Completo do Kimura no BJJ,Completo,"Domine o kimura no BJJ: mecânica de double wristlock, entradas da guarda e side control, o kimura trap e finalizando con","double,wristlock,entradas,control,finalizando"
bjj-kimura-system,CRITICAL,Sistema Kimura Trap: Guia Completo de BJJ,"Sistema,Completo",Sistema Kimura Trap: Guia Completo de BJJ,"Sistema,Completo","Sistema kimura trap — entradas para armbar, tomadas de costas e a cadeia completa de shoulder lock que torna o grip kimu","Sistema,entradas,tomadas,costas,cadeia"
bjj-kimura-to-back-guide,CRITICAL,Kimura to Back Guide | BJJ Wiki Brasil,"Guide,Brasil",Kimura to Back Guide,Guide,Transition from kimura attacks to back control using proper sequencing and grip management.,"Transition,attacks,control,using,proper"
bjj-kimura-to-guillotine,CRITICAL,Kimura to Guillotine Choke Chain | BJJ Wiki Brasil,"Guillotine,Choke,Chain,Brasil",Kimura to Guillotine Choke Chain,"Guillotine,Choke,Chain",Flowing between kimura and guillotine submission attempts,"Flowing,between,guillotine,submission,attempts"
bjj-kimura-trap-guide,CRITICAL,Kimura Trap Guide | BJJ Wiki Brasil,"Guide,Brasil",Kimura Trap Guide,Guide,Master kimura trap techniques for controlling opponents and setting up submissions from various positions.,"Master,techniques,controlling,opponents,setting"
bjj-kimura-trap-system,CRITICAL,Kimura Trap System | BJJ Wiki Brasil,"System,Brasil",Kimura Trap System,System,The complete kimura trap system. Set up and finish kimura submissions from multiple positions.,"complete,system,finish,submissions,multiple"
bjj-knee-bar-guide,INFO,Guia de Técnica de Barra de Joelho,"Barra,Joelho",Guia de Técnica de Barra de Joelho | BJJ Wiki Brasil,"Barra,Joelho,Brasil",Aprenda a barra de joelho com posicionamento correto.,"Aprenda,barra,joelho,posicionamento,correto"
bjj-knee-bar,CRITICAL,Kneebar no BJJ: Setup e Mecânica | BJJ Wiki,"Kneebar,Setup",🦵 Kneebar no BJJ,Kneebar,"Aprenda o kneebar no BJJ: posições legais, setup de cima e de baixo, aplicação mecânica e considerações de segurança par","Aprenda,kneebar,legais,setup,baixo"
bjj-knee-cut-details,CRITICAL,Guia de Detalhes da Passagem de Joelho,"Detalhes,Joelho",Guia de Detalhes da Passagem de Joelho | BJJ Wiki Brasil,"Detalhes,Joelho,Brasil",Aprenda os mecanismos precisos da passagem de joelho.,"Aprenda,mecanismos,precisos,joelho"
bjj-knee-cut-pass-guide,CRITICAL,Knee Cut Pass Guide | BJJ Wiki Brasil | BJJ Wiki,"Guide,Brasil",Knee Cut Pass Guide,Guide,Knee cut pass system and variations.,"system,variations"
bjj-knee-health-bjj,CRITICAL,Knee Health for BJJ Grapplers | BJJ Wiki Brasil,"Health,Grapplers,Brasil",Knee Health for BJJ Grapplers,"Health,Grapplers","Knee injury prevention, strengthening, and leg lock defense strategies","injury,prevention,strengthening,defense,strategies"
bjj-knee-injury-prevention,CRITICAL,"Guia de Prevenção de Lesões no Joelho no BJJ | Proteção de LCA, LCM e Menisco","Joelho,Menisco",BJJ Knee Injury Prevention Guide,"Injury,Prevention,Guide","Prevenção abrangente de lesões no joelho para atletas de BJJ. Proteja seu LCA, LCM e menisco com exercícios direcionados","abrangente,joelho,atletas,Proteja,menisco"
bjj-knee-on-belly-attacks,CRITICAL,Attacks from Knee on Belly | BJJ Wiki Brasil | BJJ Wiki,"Attacks,Belly,Brasil",Attacks from Knee on Belly,"Attacks,Belly",Submission and attack techniques from KOB.,"Submission,attack,techniques"
bjj-knee-on-belly-control,CRITICAL,Controle de Joelho na Barriga no BJJ - Guia Completo,"Controle,Joelho,Barriga,Completo",Controle de Joelho na Barriga no BJJ,"Controle,Joelho,Barriga","Domine o joelho na barriga (KOB) no BJJ. Controle, ataques, transições para montada e costas, e setups de finalizações.","joelho,barriga,Controle,ataques,montada"
bjj-knee-on-belly-escape-system,CRITICAL,Sistema de Escape do Joelho no Barriga: Guia Completo de Defesa,"Sistema,Escape,Joelho,Barriga,Completo",Sistema de Escape do Joelho no Barriga: Guia Completo de Defesa,"Sistema,Escape,Joelho,Barriga,Completo","Domine escapes do joelho no barriga com técnicas de frame, tentativas de reversão e estratégias defensivas posicionais.","escapes,joelho,barriga,frame,tentativas"
bjj-knee-on-belly-escape,CRITICAL,Sistema Completo de Escape de Knee on Belly,"Sistema,Completo,Escape,Belly",Sistema Completo de Escape de Knee on Belly,"Sistema,Completo,Escape,Belly","Domine escapes de knee on belly, transições e controle posicional contra este position de pressão.","escapes,belly,controle,posicional,contra"
bjj-knee-on-belly-guide,CRITICAL,Guia do Sistema Joelho na Barriga | BJJ Wiki,"Sistema,Joelho,Barriga",🦵 Guia do Sistema Joelho na Barriga,"Sistema,Joelho,Barriga","BJJ joelho na barriga: posicionamento, mecânica de pressão, ataques, transições para monte e controle lateral e defenden","joelho,barriga,posicionamento,ataques,monte"
bjj-knee-on-belly-system,CRITICAL,Sistema Knee on Belly no BJJ | Controle e Finalizações,"Sistema,Belly,Controle",Sistema Knee on Belly no BJJ,"Sistema,Belly","Guia completo de knee on belly no BJJ: estabelecendo controle, cross choke, setups de armbar, transições e counters.","completo,belly,estabelecendo,controle,cross"
bjj-knee-on-belly-transitions,CRITICAL,Transitions from Knee on Belly | BJJ Wiki Brasil | BJJ Wiki,"Transitions,Belly,Brasil",Transitions from Knee on Belly,"Transitions,Belly",Transições de posição from knee on belly.,belly
bjj-knee-on-belly,CRITICAL,"BJJ Joelho na Barriga: Controle, Pontos e Finalizações | BJJ Wiki","Joelho,Barriga,Controle,Pontos",🦵 BJJ Joelho na Barriga,"Joelho,Barriga","Domine o joelho na barriga no BJJ: pressão, pontos, entradas de kimura, configurações de armbar e transições para o mont","joelho,barriga,pontos,entradas,monte"
bjj-knee-on-neck-passing,CRITICAL,Knee on Neck / Headquarters | BJJ Wiki Brasil,"Headquarters,Brasil",Knee on Neck / Headquarters,Headquarters,Master knee on neck and headquarters position. Modern pressure passing technique.,"Master,headquarters,position,Modern,pressure"
bjj-knee-pick-guide,CRITICAL,Guia de Derrubada com Joelho,"Derrubada,Joelho",Guia de Derrubada com Joelho | BJJ Wiki Brasil,"Derrubada,Joelho,Brasil",Aprenda o knee pick com setup adequado.,"Aprenda,setup,adequado"
bjj-knee-reap-from-top,CRITICAL,Knee Reap Entries | BJJ Wiki Brasil,"Entries,Brasil",Knee Reap Entries,Entries,Complete knee reap guide. Leg lock entry from multiple top positions.,"Complete,guide,entry,multiple,positions"
bjj-knee-shield-details,CRITICAL,Detalhes do Escudo de Joelho | BJJ Wiki Brasil,"Detalhes,Escudo,Joelho,Brasil",Detalhes do Escudo de Joelho | BJJ Wiki Brasil,"Detalhes,Escudo,Joelho,Brasil",Detalhes do Escudo de Joelho técnica BJJ,"Detalhes,Escudo,Joelho"
bjj-knee-slice-pass-system,CRITICAL,Sistema Knee Slice Pass no BJJ | Detalhes e Combos,"Sistema,Slice,Detalhes,Combos",Sistema Knee Slice Pass no BJJ,"Sistema,Slice","Domine o knee slice pass no BJJ: conexão de ombro, distribuição de peso, combo com leg drag e counters do topo.","slice,ombro,combo,counters"
bjj-knee-slide-pass-guide,CRITICAL,Knee Slide Pass Guide Guide | BJJ Wiki Brasil | BJJ Wiki Brasil,"Slide,Guide,Guide,Brasil,Brasil",Knee Slide Pass Guide Guide,"Slide,Guide,Guide",Master knee slide pass guide in BJJ.,"Master,slide,guide"
bjj-kneebar-finish-guide,CRITICAL,Kneebar Finishing Details | BJJ Wiki Brasil,"Kneebar,Finishing,Details,Brasil",Kneebar Finishing Details | BJJ Wiki Brasil,"Kneebar,Finishing,Details,Brasil",Master kneebar finishing for knee attacks.,"Master,kneebar,finishing,attacks"
bjj-kneebar-system,CRITICAL,Guia Completo de Kneebar no BJJ | Setups e Defesa,"Completo,Kneebar,Setups",Guia Completo de Kneebar no BJJ,"Completo,Kneebar","Guia completo de kneebar no BJJ: setups da guarda, do topo e de emaranhamentos de perna, mecânica e defesas.","completo,kneebar,setups,emaranhamentos,perna"
bjj-kneebar,CRITICAL,"Kneebar no BJJ: Mecânica, Setups e Regras de Competição | BJJ Wiki","Kneebar,Setups,Regras",🦴 Guia do Kneebar,Kneebar,"Aprenda mecânica do kneebar no BJJ: setups, detalhes de finalização e legalidade em competição.","Aprenda,kneebar,setups,detalhes,legalidade"
bjj-kouchi-gari-bjj,CRITICAL,Kouchi Gari for BJJ | BJJ Wiki Brasil | BJJ Wiki,"Kouchi,Brasil",Kouchi Gari for BJJ,Kouchi,Judo throw: kouchi gari in BJJ context.,"throw,kouchi,context"
bjj-kuzushi-bjj,CRITICAL,Kuzushi Bjj.Html Guide | BJJ Wiki Brasil | BJJ Wiki Brasil,"Kuzushi,Guide,Brasil,Brasil",Kuzushi Bjj.Html Guide,"Kuzushi,Guide",Master kuzushi bjj.html techniques.,"Master,kuzushi,techniques"
bjj-lapel-choke-details,CRITICAL,Detalhes do Lapel Choke | BJJ Wiki Brasil,"Detalhes,Lapel,Choke,Brasil",Detalhes do Lapel Choke | BJJ Wiki Brasil,"Detalhes,Lapel,Choke,Brasil",Detalhes do Lapel Choke técnica BJJ,"Detalhes,Lapel,Choke"
bjj-lapel-guard-guide,CRITICAL,Guia da Guarda de Lapela | BJJ Wiki Brasil,"Lapela,Brasil",Guia da Guarda de Lapela,Lapela,"Sistemas de guarda de lapela: worm guard, reverse de la worm, armações e varreduras.","Sistemas,lapela,guard,reverse,varreduras"
bjj-lapel-guard-system,CRITICAL,Sistema Lapel Guard | Lapel Entanglement | BJJ Wiki Brasil,"Sistema,Lapel,Guard,Lapel,Entanglement",Domine Esta Técnica,,Master lapel guard control system. Learn submissions and sweeps using lapel entanglement.,"Master,lapel,guard,control,system"
bjj-lasso-guard-system,CRITICAL,Lasso Guard System | BJJ Wiki Brasil,"Lasso,Guard,System,Brasil",Lasso Guard System | BJJ Wiki Brasil,"Lasso,Guard,System,Brasil",Complete lasso guard system with sweeps and submissions.,"Complete,lasso,guard,system,sweeps"
bjj-lasso-guard,CRITICAL,"Guarda Lasso no BJJ: Controle, Varridas e Finalizações | BJJ Wiki","Lasso,Controle,Varridas",🌀 Guarda Lasso no BJJ,Lasso,"Domine a guarda lasso no BJJ: mecânica do gancho lasso, varridas, entradas de triângulo e omoplata para jogadores de gi.","lasso,gancho,lasso,varridas,entradas"
bjj-late-defense-bjj,CRITICAL,Late Defensive Techniques in BJJ | BJJ Wiki Brasil,"Defensive,Techniques,Brasil",Late Defensive Techniques in BJJ,"Defensive,Techniques",Last-resort escapes and defensive positions when early defense fails,"resort,escapes,defensive,positions,early"
bjj-learning-bjj-faster,CRITICAL,Learning BJJ Faster | BJJ Wiki Brasil | BJJ Wiki,"Learning,Faster,Brasil",Learning BJJ Faster,"Learning,Faster",Accelerating your BJJ learning and progress.,"Accelerating,learning,progress"
bjj-learning-styles-bjj,CRITICAL,Guia de Estilos de Aprendizado no BJJ,"Estilos,Aprendizado",Guia de Estilos de Aprendizado no BJJ | BJJ Wiki Brasil,"Estilos,Aprendizado,Brasil",Entenda diferentes estilos de aprendizado no BJJ.,"Entenda,diferentes,estilos,aprendizado"
bjj-leg-drag-pass-complete,CRITICAL,Leg Drag Pass: Sistema Completo,"Sistema,Completo",Leg Drag Pass: Sistema Completo,"Sistema,Completo","Domine leg drag pass — setup, controle, tempo.","setup,controle,tempo"
bjj-leg-drag-passing,CRITICAL,Leg Drag Pass | Passagem de Guarda Moderna | BJJ Wiki Brasil,Brasil,🌊 Leg Drag Pass: Sistema Moderno de Guard Passing,"Sistema,Moderno,Guard,Passing","Domine o leg drag pass no BJJ. Aprenda setup, controle e finalização para um dos sistemas de passagem mais populares.","Aprenda,setup,controle,sistemas,populares"
bjj-leg-drag-to-heel-hook,CRITICAL,Leg Drag to Heel Hook | BJJ Wiki Brasil,Brasil,Leg Drag to Heel Hook,,Master leg drag to heel hook transition. Passing to leg lock setup.,"Master,transition,Passing,setup"
bjj-leg-entanglement-entries,CRITICAL,"Entradas de Leg Entanglement — Da Guarda, Scrambles e Passagens","Entradas,Entanglement,Scrambles,Passagens",Entradas de Leg Entanglement,"Entradas,Entanglement","Técnicas sistemáticas de entrada em leg entanglement da guarda fechada, guarda aberta, scrambles e situações de passagem","entrada,entanglement,fechada,aberta,scrambles"
bjj-leg-entanglement,CRITICAL,Sistemas de Emaranhamento de Pernas | BJJ Wiki,"Sistemas,Emaranhamento,Pernas",Sistemas de Emaranhamento de Pernas,"Sistemas,Emaranhamento,Pernas","Guia de emaranhamento de pernas no BJJ — ashi garami, heel hook interno, heel hook externo, toe hold e hierarquia posici","emaranhamento,pernas,garami,interno,externo"
bjj-leg-lock-chain-attacks,CRITICAL,Ataques em Cadeia de Chave de Perna | BJJ Wiki Brasil,"Ataques,Cadeia,Chave,Perna,Brasil",Ataques em Cadeia de Chave de Perna,"Ataques,Cadeia,Chave,Perna","Cadeias de chave de perna: sistemas de heel hook, combinações e ataques avançados de perna.","Cadeias,chave,perna,sistemas,ataques"
bjj-leg-lock-chains,CRITICAL,Leg Lock Combination Chains | BJJ Wiki Brasil,"Combination,Chains,Brasil",Leg Lock Combination Chains | BJJ Wiki Brasil,"Combination,Chains,Brasil",Develop chained leg lock attacks for maximum control.,"Develop,chained,attacks,maximum,control"
bjj-leg-lock-concepts,CRITICAL,"Conceitos de Leg Locks de BJJ: Posições, Mecânica e Treino Seguro","Conceitos,Locks,Treino,Seguro",Conceitos de Leg Locks de BJJ,"Conceitos,Locks","Os conceitos fundamentais de leg locks no BJJ — heel hook vs ankle lock, posições de emaranhamento, mecânica de finaliza","conceitos,fundamentais,locks,ankle,emaranhamento"
bjj-leg-lock-defense-system,CRITICAL,Leg Lock Defense System Guide | BJJ Wiki Brasil | BJJ Wiki Brasil,"Defense,System,Guide,Brasil,Brasil",Leg Lock Defense System Guide,"Defense,System,Guide",Master leg lock defense system for BJJ training and competition.,"Master,defense,system,training,competition"
bjj-leg-lock-defense,CRITICAL,Defesa de Leg Lock no BJJ: Proteja Suas Pernas e Escape de Entanglements | BJJ W,"Proteja,Pernas,Escape,Entanglements",🦵 Guia de Defesa de Leg Lock no BJJ,,"Domine a defesa de leg lock no BJJ: escapes de heel hook, defesa de ashi garami e regras para proteger seus joelhos.","escapes,garami,regras,proteger,joelhos"
bjj-leg-lock-entry-systems,CRITICAL,"Sistemas de Entrada para Leg Locks no BJJ — Guia Completo de Ashi Garami, Saddle","Sistemas,Entrada,Locks,Completo,Garami","Sistemas de Entrada para Leg Locks no BJJ — Guia Completo de Ashi Garami, Saddle","Sistemas,Entrada,Locks,Completo,Garami","Aprenda os principais sistemas de entrada para leg locks no BJJ incluindo ashi garami, posição saddle e entradas de outs","Aprenda,principais,sistemas,entrada,locks"
bjj-leg-lock-exchanges,CRITICAL,Jogo de Trocas de Gravatas | BJJ Wiki Brasil,"Trocas,Gravatas,Brasil",Jogo de Trocas de Gravatas | BJJ Wiki Brasil,"Trocas,Gravatas,Brasil",Jogo de Trocas de Gravatas técnica BJJ,"Trocas,Gravatas"
bjj-leg-lock-from-guard,CRITICAL,Gravata de Perna da Guarda | BJJ Wiki Brasil,"Gravata,Perna,Brasil",Gravata de Perna da Guarda | BJJ Wiki Brasil,"Gravata,Perna,Brasil",Gravata de Perna da Guarda técnica BJJ,"Gravata,Perna"
bjj-leg-lock-fundamentals,CRITICAL,"Fundamentos de Leg Locks no BJJ: Heel Hooks, Ankle Locks e Kneebars | BJJ Wiki","Fundamentos,Locks,Hooks,Ankle,Locks",🦵 Fundamentos de Leg Locks no BJJ,"Fundamentos,Locks","Aprenda fundamentos de leg locks no BJJ: inside heel hook, outside heel hook, straight ankle lock, entradas de kneebar e","Aprenda,fundamentos,locks,inside,outside"
bjj-leg-lock-safety-bjj,CRITICAL,Leg Lock Safety in Training | BJJ Wiki Brasil,"Safety,Training,Brasil",Leg Lock Safety in Training | BJJ Wiki Brasil,"Safety,Training,Brasil",Injury prevention and safe leg lock practice techniques.,"Injury,prevention,practice,techniques"
bjj-leg-pummeling-bjj,CRITICAL,Leg Pummeling in Guard | BJJ Wiki Brasil,"Pummeling,Guard,Brasil",Leg Pummeling in Guard | BJJ Wiki Brasil,"Pummeling,Guard,Brasil",Domine leg pummeling to improve guard transitions.,"pummeling,improve,guard,transitions"
bjj-leg-weave-pass,CRITICAL,Leg Weave Pass Technique | BJJ Wiki Brasil,"Weave,Technique,Brasil",Leg Weave Pass Technique,"Weave,Technique",Learn leg weave guard pass. Modern footlock-adjacent passing technique.,"Learn,weave,guard,Modern,footlock"
bjj-leg-weave-passing-guide,CRITICAL,Guia Leg Weave | BJJ Wiki Brasil,"Weave,Brasil",Leg Weave Passing,"Weave,Passing",Master leg weave passes for controlling position and preventing reversals.,"Master,weave,passes,controlling,position"
bjj-legacy-in-bjj,CRITICAL,Legacy and Contribution in BJJ | BJJ Wiki Brasil,"Legacy,Contribution,Brasil",Legacy and Contribution in BJJ | BJJ Wiki Brasil,"Legacy,Contribution,Brasil",Construa your legacy and contribute to BJJ community.,"Construa,legacy,contribute,community"
bjj-leverage-principles-bjj,CRITICAL,Leverage Principles in BJJ | BJJ Wiki Brasil,"Leverage,Principles,Brasil",Leverage Principles in BJJ,"Leverage,Principles",Mechanical advantage and leverage application in all positions,"Mechanical,advantage,leverage,application,positions"
bjj-lineage-guide,CRITICAL,Guia de Linhagem do BJJ | BJJ Wiki,Linhagem,🌳 Guia de Linhagem do BJJ,Linhagem,"Linhagem do BJJ explicada: árvore genealógica Gracie, ramificações Carlson vs Hélio, principais linhagens no BJJ moderno","Linhagem,explicada,Carlson,principais,linhagens"
bjj-lockdown-guard-guide,CRITICAL,Guia de Guarda Lockdown,Lockdown,Guia de Guarda Lockdown | BJJ Wiki Brasil,"Lockdown,Brasil",Domine a posição de guarda lockdown.,lockdown
bjj-lockdown-guard-system,CRITICAL,Lockdown Guard in Half Guard | BJJ Wiki Brasil,"Lockdown,Guard,Guard,Brasil",Lockdown Guard in Half Guard,"Lockdown,Guard,Guard",Eddie Bravo leg lock system with lockdown control,"Eddie,Bravo,system,lockdown,control"
bjj-lockdown-guide,CRITICAL,Guia do Lockdown (Meia Guarda) | BJJ Wiki,Lockdown,🔒 Guia do Lockdown (Meia Guarda),Lockdown,"O lockdown no BJJ: como travar a posição, opções de sweep, conexão com electric chair e sistema de meia guarda de Eddie ","lockdown,travar,sweep,electric,chair"
bjj-lockdown-half-guard,CRITICAL,Lockdown Position in Half Guard | BJJ Wiki Brasil | BJJ Wiki,"Lockdown,Position,Guard,Brasil",Lockdown Position in Half Guard,"Lockdown,Position,Guard",Eddie Bravo lockdown position from half guard.,"Eddie,Bravo,lockdown,position,guard"
bjj-lockdown-system-guide,CRITICAL,Lockdown System in BJJ | BJJ Wiki Brasil | BJJ Wiki,"Lockdown,System,Brasil",Lockdown System in BJJ,"Lockdown,System",Lockdown position system for control.,"Lockdown,position,system,control"
bjj-log-splitter-pass,CRITICAL,Log Splitter Pass Guide | BJJ Wiki Brasil | BJJ Wiki Brasil,"Splitter,Guide,Brasil,Brasil",Log Splitter Pass Guide,"Splitter,Guide",Master log splitter pass in BJJ.,"Master,splitter"
bjj-long-game-bjj,CRITICAL,Long Game in BJJ | BJJ Wiki Brasil | BJJ Wiki,Brasil,Long Game in BJJ,,Long-term BJJ development and career planning.,"development,career,planning"
bjj-long-game-development,CRITICAL,Desenvolvimento do Jogo de Longo Prazo no BJJ | Plano de 10 Anos,"Desenvolvimento,Longo,Prazo,Plano",Desenvolvimento do Jogo de Longo Prazo no BJJ,"Desenvolvimento,Longo,Prazo","Planejando seu jogo de longo prazo no BJJ: construção sistemática de habilidades ao longo de anos, evitando platôs, adap","Planejando,longo,prazo,habilidades,longo"
bjj-long-step-pass-guide,CRITICAL,Guia de Passagem de Passo Longo,"Passo,Longo",Guia de Passagem de Passo Longo | BJJ Wiki Brasil,"Passo,Longo,Brasil",Domine a passagem de passo longo agressiva que contorna a guarda.,"passo,longo,agressiva,contorna"
bjj-long-step-pass,CRITICAL,Guia do Long Step Pass: Footwork & Posicionamento,"Footwork,Posicionamento",Guia do Long Step Pass: Footwork & Posicionamento,"Footwork,Posicionamento","Mecânica do long step pass — posição de pé, controle de nível, transição de quadril, finalizações e variações, defendend","controle,quadril,defendendo"
bjj-longevity-bjj,CRITICAL,Longevity Bjj Guide | BJJ Wiki Brasil | BJJ Wiki Brasil,"Longevity,Guide,Brasil,Brasil",Longevity Bjj Guide,"Longevity,Guide",Master longevity bjj for BJJ training and competition.,"Master,longevity,training,competition"
bjj-longevity-guide,CRITICAL,"Guia de Longevidade no BJJ | Treinar até os 50, 60 anos e Além","Longevidade,Treinar",Guia de Longevidade no BJJ,Longevidade,"Como continuar treinando BJJ à medida que envelhece: prevenção de lesões, volume reduzido, técnica sobre força e dicas d","continuar,treinando,medida,envelhece,volume"
bjj-loop-choke-guide,INFO,Choke de Loop: Submissão de Open Guard,"Choke,Guard",Choke de Loop: Submissão de Open Guard,"Choke,Guard",Domine o choke de loop do open guard.,"choke,guard"
bjj-losing-in-bjj,CRITICAL,Losing Gracefully in BJJ | BJJ Wiki Brasil,"Losing,Gracefully,Brasil",Losing Gracefully in BJJ | BJJ Wiki Brasil,"Losing,Gracefully,Brasil",Aprenda from losses and maintain mental resilience in BJJ.,"Aprenda,losses,maintain,mental,resilience"
bjj-low-mount-system,CRITICAL,Low Mount Position Guide | BJJ Wiki Brasil,"Mount,Position,Guide,Brasil",Low Mount Position Guide,"Mount,Position,Guide","Low mount mechanics, control, and attack systems","mount,mechanics,control,attack,systems"
bjj-lumberjack-sweep,CRITICAL,Lumberjack Sweep | BJJ Wiki Brasil,"Lumberjack,Sweep,Brasil",Lumberjack Sweep | BJJ Wiki Brasil,"Lumberjack,Sweep,Brasil",Execute lumberjack sweep to escape difficult bottom positions.,"Execute,lumberjack,sweep,escape,difficult"
bjj-marcelo-garcia-system-guide,CRITICAL,Guia do Sistema Marcelo Garcia | BJJ Wiki Brasil,"Sistema,Marcelo,Garcia,Brasil",Guia do Sistema Marcelo Garcia,"Sistema,Marcelo,Garcia","Domine o sistema Marcelo Garcia: domínio de guarda, varreduras agressivas, controle de pressão de passagem.","sistema,Marcelo,Garcia,varreduras,agressivas"
bjj-marcelo-garcia-system,CRITICAL,"Sistema de BJJ do Marcelo Garcia | Guilhotina, X-Guard e Back Takes","Sistema,Marcelo,Garcia,Guilhotina,Guard",Sistema de BJJ do Marcelo Garcia,"Sistema,Marcelo,Garcia","O sistema Marcelo Garcia: detalhes do arm-in guillotine, desenvolvimento do X-guard, butterfly hook sweeps e finalizaçõe","sistema,Marcelo,Garcia,detalhes,guillotine"
bjj-massage-therapy-bjj,CRITICAL,Terapia de Massagem para BJJ | BJJ Wiki Brasil,"Terapia,Massagem,Brasil",Terapia de Massagem para BJJ | BJJ Wiki Brasil,"Terapia,Massagem,Brasil",Terapia de Massagem para BJJ técnica BJJ,"Terapia,Massagem"
bjj-mastery-concepts,CRITICAL,BJJ Mastery Framework | BJJ Wiki Brasil,"Mastery,Framework,Brasil",BJJ Mastery Framework,"Mastery,Framework",Advanced conceptual framework for understanding BJJ principles,"Advanced,conceptual,framework,understanding,principles"
bjj-mat-culture-etiquette,CRITICAL,Cultura do Tatami e Etiqueta no BJJ — Guia Completo,"Cultura,Tatami,Etiqueta,Completo",Cultura do Tatami e Etiqueta no BJJ,"Cultura,Tatami,Etiqueta","Entenda a cultura do tatami no BJJ, etiqueta de treino, regras da academia e códigos não escritos de conduta. Conhecimen","Entenda,cultura,tatami,etiqueta,treino"
bjj-mat-etiquette,CRITICAL,Etiqueta do Tatame de BJJ: As Regras Não Escritas que Todo Grappler Deve Conhece,"Etiqueta,Tatame,Regras,Escritas,Grappler",Etiqueta do Tatame de BJJ,"Etiqueta,Tatame","Guia completo de etiqueta do tatame de BJJ — costumes de reverência, higiene, cultura do tap, comunicação e códigos não ","completo,etiqueta,tatame,costumes,higiene"
bjj-mat-hygiene-guide,INFO,Higiene de Mat: Saúde de Pele e Prevenção,Higiene,Higiene de Mat: Saúde de Pele e Prevenção,Higiene,Guia completo de higiene de mat.,"completo,higiene"
bjj-mat-time-importance,CRITICAL,Importance of Mat Time | BJJ Wiki Brasil,"Importance,Brasil",Importance of Mat Time,Importance,"Why mat time is critical. Hours on the mat build intuition, skills, and confidence.","critical,Hours,build,intuition,skills"
bjj-match-review-guide,INFO,Guia de Revisão e Análise de Luta,,Guia de Revisão e Análise de Luta | BJJ Wiki Brasil,Brasil,Aprenda a revisar e analisar lutas sistematicamente.,"Aprenda,revisar,analisar,lutas,sistematicamente"
bjj-mental-game,CRITICAL,Jogo Mental no BJJ — Psicologia e Mindset para Lutadores,"Mental,Psicologia,Mindset,Lutadores",O Jogo Mental do BJJ: Psicologia para Grapplers,"Mental,Psicologia,Grapplers","Domine o jogo mental no BJJ. Supere a ansiedade de competição, desenvolva um mindset de crescimento e fortaleça a resili","mental,Supere,ansiedade,desenvolva,mindset"
bjj-mental-performance,CRITICAL,Desempenho Mental no BJJ,"Desempenho,Mental",Desempenho Mental no BJJ,"Desempenho,Mental","Desenvolver resiliência mental: visualização, gerenciamento de ansiedade de luta, construir confiança, preparação psicol","Desenvolver,mental,gerenciamento,ansiedade,construir"
bjj-mikey-musumeci-game-plan,CRITICAL,Mikey Musumeci Game Plan | BJJ Wiki,"Mikey,Musumeci",Mikey Musumeci Game Plan,"Mikey,Musumeci",Mikey Musumeci Game Plan BJJ technique guide,"Mikey,Musumeci,technique,guide"
bjj-mindfulness-bjj,CRITICAL,Mindfulness Bjj Guide | BJJ Wiki Brasil | BJJ Wiki Brasil,"Mindfulness,Guide,Brasil,Brasil",Mindfulness Bjj Guide,"Mindfulness,Guide",Master mindfulness bjj for BJJ training and competition.,"Master,mindfulness,training,competition"
bjj-mindfulness,CRITICAL,Mindfulness no BJJ | BJJ Wiki,Mindfulness,🧠 Mindfulness no BJJ,Mindfulness,"Práticas de mindfulness para BJJ: foco no momento presente, consciência da respiração e técnicas de reset mental para me","mindfulness,momento,presente,reset,mental"
bjj-mindset-for-beginners,CRITICAL,Mentalidade de BJJ para Iniciantes: Aceite o Tap e Progrida | BJJ Wiki,"Mentalidade,Iniciantes,Aceite,Progrida",🧘 Mentalidade de BJJ para Iniciantes: Abrace o Processo,"Mentalidade,Iniciantes,Abrace,Processo","Desenvolva a mentalidade correta de BJJ: tape frequentemente, abrace o fracasso, rastreie o progresso e mantenha-se moti","Desenvolva,mentalidade,correta,frequentemente,abrace"
bjj-mission-control-guide,CRITICAL,Mission Control Guide | BJJ Wiki Brasil | BJJ Wiki Brasil,"Mission,Control,Guide,Brasil,Brasil",Mission Control Guide,"Mission,Control,Guide",Master mission control techniques.,"Master,mission,control,techniques"
bjj-modern-guard-systems,CRITICAL,Modern Guard Systems | BJJ Wiki,"Modern,Guard,Systems",Modern Guard Systems,"Modern,Guard,Systems",Modern Guard Systems BJJ technique guide,"Modern,Guard,Systems,technique,guide"
bjj-motivation-bjj,CRITICAL,Staying Motivated in BJJ | BJJ Wiki Brasil,"Staying,Motivated,Brasil",Staying Motivated in BJJ | BJJ Wiki Brasil,"Staying,Motivated,Brasil",Strategies to stay motivated through plateaus and challenges.,"Strategies,motivated,through,plateaus,challenges"
bjj-mount-arm-attacks,CRITICAL,Arm Attacks from Mount Position | BJJ Wiki Brasil,"Attacks,Mount,Position,Brasil",Arm Attacks from Mount Position,"Attacks,Mount,Position","Armbar, kimura, and arm triangle setups from mount","setups,mount"
bjj-mount-attacks,CRITICAL,Ataques do Mount no BJJ: Finalizações e Transições do Mount | BJJ Wiki,"Ataques,Mount,Mount",👑 Guia de Ataques do Mount no BJJ,"Ataques,Mount","Domine ataques do mount no BJJ: estrangulamento cruzado de lapela, arm triangle, Ezekiel e setups de armbar do mount ple","ataques,mount,estrangulamento,cruzado,lapela"
bjj-mount-control-concepts,CRITICAL,Controle do Mount no BJJ: Como Segurar e Atacar pelo Mount | BJJ Wiki,"Controle,Mount,Segurar,Atacar,Mount",⬆️ Conceitos de Controle do Mount no BJJ,"Conceitos,Controle,Mount","Domine o controle do mount no BJJ: high mount vs low mount, prevenir escapes, avançar para as costas e atacar com armbar","controle,mount,mount,mount,prevenir"
bjj-mount-control-details,CRITICAL,Detalhes do Controle de Monte no BJJ,"Detalhes,Controle,Monte",Controle de Monte no BJJ — Mecânica Detalhada,"Controle,Monte,Detalhada","Aprenda a mecânica detalhada do controle de monte no BJJ. Domine distribuição de peso, posição de quadril, controle de b","Aprenda,detalhada,controle,monte,quadril"
bjj-mount-control-guide,CRITICAL,Guia de Controle da Montada | BJJ Wiki Brasil,"Controle,Montada,Brasil",Guia de Controle da Montada,"Controle,Montada","Controle perfeito da montada: manutenção de posição, pressão e submissões executadas.","Controle,perfeito,montada,executadas"
bjj-mount-control,CRITICAL,"Controle de Montada no BJJ: Como Manter, Melhorar e Finalizar | BJJ Wiki","Controle,Montada,Manter,Melhorar,Finalizar",👑 Guia de Controle de Montada no BJJ,"Controle,Montada","Domine o controle de montada no BJJ: como manter a montada alta, prevenir escapadas e finalizar com chave de braço, triâ","controle,montada,manter,montada,prevenir"
bjj-mount-escape-bridge-guide,CRITICAL,Mount Escape Bridge Guide | BJJ Wiki Brasil,"Mount,Escape,Bridge,Guide,Brasil",Mount Escape Bridge Guide,"Mount,Escape,Bridge,Guide",Master mount escape using bridge and trap techniques with proper timing and momentum.,"Master,mount,escape,using,bridge"
bjj-mount-escape-drills,CRITICAL,Mount Escape Drills | BJJ Wiki Brasil,"Mount,Escape,Drills,Brasil",Mount Escape Drills,"Mount,Escape,Drills",Develop mount escape proficiency through specific drilling progressions and partner training systems.,"Develop,mount,escape,proficiency,through"
bjj-mount-escape-elbow-guide,CRITICAL,Mount Escape Elbow Guide | BJJ Wiki Brasil,"Mount,Escape,Elbow,Guide,Brasil",Mount Escape Elbow Guide,"Mount,Escape,Elbow,Guide",Execute mount escape using elbow escape technique with proper frame placement and hip positioning.,"Execute,mount,escape,using,elbow"
bjj-mount-escape-elbow-knee,CRITICAL,Elbow-Knee Escape Variations | BJJ Wiki Brasil,"Elbow,Escape,Variations,Brasil",Elbow-Knee Escape Variations | BJJ Wiki Brasil,"Elbow,Escape,Variations,Brasil",Master variations of the fundamental elbow-knee escape.,"Master,variations,elbow,escape"
bjj-mount-escape-timing-guide,CRITICAL,Mount Escape Timing Guide | BJJ Wiki Brasil,"Mount,Escape,Timing,Guide,Brasil",Mount Escape Timing Guide,"Mount,Escape,Timing,Guide",Master timing principles for mount escapes including weight distribution and momentum management.,"Master,timing,principles,mount,escapes"
bjj-mount-escape-to-guard,CRITICAL,Mount Escape to Guard | BJJ Wiki Brasil,"Mount,Escape,Guard,Brasil",Mount Escape to Guard,"Mount,Escape,Guard",Escape mount position directly into closed guard using proper leg control and positioning.,"Escape,mount,position,directly,closed"
bjj-mount-escapes-guide,CRITICAL,Guia de Escapadas do Monte | BJJ Wiki,"Escapadas,Monte",🔄 Guia de Escapadas do Monte,"Escapadas,Monte","Guia completo de escapadas do monte no BJJ: upa (bridge and roll), escapada cotovelo-joelho, trap and roll e prevenção p","completo,escapadas,monte,bridge,escapada"
bjj-mount-escapes,CRITICAL,"Escapes do Mount no BJJ: Bridge and Roll, Elbow-Knee, Trap and Roll | BJJ Wiki","Escapes,Mount,Bridge,Elbow",🏃 Guia de Escapes do Mount,"Escapes,Mount","Domine escapes do mount no BJJ: bridge and roll, escape elbow-knee e trap and roll.","escapes,mount,bridge,escape,elbow"
bjj-mount-pressure-guide,CRITICAL,Mount Pressure Techniques | BJJ Wiki Brasil,"Mount,Pressure,Techniques,Brasil",Mount Pressure Techniques,"Mount,Pressure,Techniques",Effective mount pressure with hip control and cross-face,"Effective,mount,pressure,control,cross"
bjj-mount-pressure-system,CRITICAL,Mount Pressure System | BJJ Wiki,"Mount,Pressure,System",Mount Pressure System,"Mount,Pressure,System",Mount Pressure System BJJ technique guide,"Mount,Pressure,System,technique,guide"
bjj-mount-to-back-guide,CRITICAL,Mount to Back Transition | BJJ Wiki Brasil,"Mount,Transition,Brasil",Mount to Back Transition,"Mount,Transition",Transitioning from mount to back control effectively,"Transitioning,mount,control,effectively"
bjj-mount-to-side-control,CRITICAL,Mount to Side Control Transition | BJJ Wiki Brasil,"Mount,Control,Transition,Brasil",Mount to Side Control Transition | BJJ Wiki Brasil,"Mount,Control,Transition,Brasil",Shift from mount to side control while maintaining dominant pressure.,"Shift,mount,control,while,maintaining"
bjj-mounted-armbar-detail,CRITICAL,Detalhes da Armadura na Montada | BJJ Wiki Brasil,"Detalhes,Armadura,Montada,Brasil",Detalhes da Armadura na Montada | BJJ Wiki Brasil,"Detalhes,Armadura,Montada,Brasil",Detalhes da Armadura na Montada técnica BJJ,"Detalhes,Armadura,Montada"
bjj-mounted-armbar-guide,CRITICAL,Guia Completo de Armbar Montado,"Completo,Montado",Guia Completo de Armbar Montado,"Completo,Montado","Domine o armbar montado — setup de grip, colocação de quadril.","montado,setup,quadril"
bjj-naga-rules-guide,CRITICAL,NAGA Rules Guide | BJJ Wiki Brasil,"Rules,Guide,Brasil",NAGA Rules Guide,"Rules,Guide",NAGA competition rules complete guide. No-gi grappling format and scoring.,"competition,rules,complete,guide,grappling"
bjj-neck-defense-guide,CRITICAL,Neck and Choke Defense | BJJ Wiki Brasil,"Choke,Defense,Brasil",Neck and Choke Defense | BJJ Wiki Brasil,"Choke,Defense,Brasil",Comprehensive guide to defending neck attacks and chokes.,"Comprehensive,guide,defending,attacks,chokes"
bjj-neck-spine-injury-guide,CRITICAL,Prevenção de Lesões no Pescoço e Coluna no BJJ | Saúde Cervical e Lombar,"Coluna,Cervical,Lombar",BJJ Neck & Spine Injury Prevention,"Spine,Injury,Prevention","Proteja seu pescoço e coluna no treino de BJJ. Aprenda práticas seguras de defesa de estrangulamentos, fortalecimento ce","Proteja,coluna,treino,Aprenda,seguras"
bjj-neck-ties-guide,CRITICAL,Guia Completo de Neck Ties | BJJ Wiki Brasil,"Completo,Brasil",Guia Completo de Neck Ties | BJJ Wiki Brasil,"Completo,Brasil",Guia Completo de Neck Ties técnica BJJ,Completo
bjj-never-stop-learning-bjj,CRITICAL,Continuous Learning in BJJ | BJJ Wiki Brasil,"Continuous,Learning,Brasil",Continuous Learning in BJJ,"Continuous,Learning",Never stop learning. Lifelong learning philosophy in BJJ training and competition.,"Never,learning,Lifelong,learning,philosophy"
bjj-new-york-guard,CRITICAL,New York Position | BJJ Wiki Brasil | BJJ Wiki,"Position,Brasil",New York Position,Position,New York guard position in rubber guard.,"guard,position,rubber,guard"
bjj-nicholas-meregali-game-plan,CRITICAL,Nicholas Meregali Game Plan | BJJ Wiki,"Nicholas,Meregali",Nicholas Meregali Game Plan,"Nicholas,Meregali",Nicholas Meregali Game Plan BJJ technique guide,"Nicholas,Meregali,technique,guide"
bjj-no-gi-back-attacks,CRITICAL,Ataques de Costas Sem Gi | BJJ Wiki Brasil,"Ataques,Costas,Brasil",Ataques de Costas Sem Gi,"Ataques,Costas","Controle de costas sem gi: técnicas de body lock, seat belt e gerenciamento de ganchos.","Controle,costas,gerenciamento,ganchos"
bjj-no-gi-clinch-guide,CRITICAL,No-Gi Clinch Work Complete Guide | BJJ Wiki Brasil,"Clinch,Complete,Guide,Brasil",No-Gi Clinch Work Complete Guide,"Clinch,Complete,Guide","Master underhook, overhook, and collar tie clinch positions for no-gi grappling","Master,underhook,overhook,collar,clinch"
bjj-no-gi-concepts,CRITICAL,Conceitos de BJJ No-Gi | BJJ Wiki,Conceitos,Conceitos de BJJ No-Gi,Conceitos,"Conceitos fundamentais de BJJ no-gi — controle por fricção, pummel, hierarquia de underhook, luta de pescoço e adaptaçõe","Conceitos,fundamentais,controle,pummel,hierarquia"
bjj-no-gi-fundamentals,CRITICAL,"Fundamentos do BJJ No-Gi: Grips, Guardas e Finalizações Sem o Kimono | BJJ Wiki","Fundamentos,Grips,Guardas,Kimono",🩳 Fundamentos do BJJ No-Gi,Fundamentos,"Domine fundamentos do BJJ no-gi: controle de pulso, underhooks, body lock, cadeias de finalização e melhores guardas par","fundamentos,controle,pulso,underhooks,cadeias"
bjj-no-gi-grip-fighting,CRITICAL,No-Gi Grip Fighting Guide | BJJ Wiki Brasil | BJJ Wiki,"Fighting,Guide,Brasil",No-Gi Grip Fighting Guide,"Fighting,Guide",No-gi grip fighting and wrist control.,"fighting,wrist,control"
bjj-no-gi-guard-game,CRITICAL,Jogo de Guarda Sem Gi | BJJ Wiki Brasil,Brasil,Jogo de Guarda Sem Gi,,"Domine guarda sem gi: controle de pulso, overhooks, guarda borboleta e entradas de submissão.","controle,pulso,overhooks,borboleta,entradas"
bjj-no-gi-guard-guide,CRITICAL,No-Gi Guard Game | BJJ Wiki Brasil | BJJ Wiki,"Guard,Brasil",No-Gi Guard Game,Guard,Master guard positioning without the gi.,"Master,guard,positioning,without"
bjj-no-gi-guard-passing,CRITICAL,Sistema de Guard Passing No-Gi,"Sistema,Guard,Passing",Sistema de Guard Passing No-Gi,"Sistema,Guard,Passing",Domine técnicas de guard passing no-gi — adaptando passes para grips e leverage no-gi.,"guard,passing,adaptando,passes,grips"
bjj-no-gi-passing-guide,CRITICAL,Guia de Passagem Sem Gi | BJJ Wiki Brasil,Brasil,Guia de Passagem Sem Gi,,"Técnicas de passagem sem gi: body fold, torreando, leg weave e sistemas de pressão.","torreando,weave,sistemas"
bjj-no-gi-strategy-guide,CRITICAL,No-Gi Competition Strategy | BJJ Wiki Brasil | BJJ Wiki,"Competition,Strategy,Brasil",No-Gi Competition Strategy,"Competition,Strategy",Game planning for no-gi competition.,"planning,competition"
bjj-no-gi-takedowns-guide,CRITICAL,Guia de Derrubadas Sem Gi | BJJ Wiki Brasil,"Derrubadas,Brasil",Guia de Derrubadas Sem Gi,Derrubadas,"Derrubadas sem gi: double leg, single leg, derrubadas de clinch e técnicas de queda.","Derrubadas,double,single,derrubadas,clinch"
bjj-no-gi-wrestling,CRITICAL,Fundamentos de Wrestling No-Gi,"Fundamentos,Wrestling",Fundamentos de Wrestling No-Gi,"Fundamentos,Wrestling","Aprenda fundamentos de wrestling no-gi para BJJ — takedowns, controle e transições.","Aprenda,fundamentos,wrestling,takedowns,controle"
bjj-nogi-chokes-guide,CRITICAL,Nogi Chokes Guide | BJJ Wiki Brasil | BJJ Wiki Brasil,"Chokes,Guide,Brasil,Brasil",Nogi Chokes Guide,"Chokes,Guide",Master nogi chokes techniques.,"Master,chokes,techniques"
bjj-nogi-gear-guide,CRITICAL,"Guia de Equipamento No-Gi BJJ: Rashguards, Shorts, Spats | BJJ Wiki","Equipamento,Rashguards,Shorts,Spats","Guia de Equipamento No-Gi BJJ: Rashguards, Shorts, Spats","Equipamento,Rashguards,Shorts,Spats","Guia completo de equipamento no-gi: melhores rashguards, shorts de compressão, spats e onde comprar roupas no-gi de qual","completo,equipamento,melhores,rashguards,shorts"
bjj-nogi-guard-guide,CRITICAL,Nogi Guard Guide | BJJ Wiki Brasil | BJJ Wiki Brasil,"Guard,Guide,Brasil,Brasil",Nogi Guard Guide,"Guard,Guide",Master nogi guard techniques.,"Master,guard,techniques"
bjj-nogi-guard-systems,CRITICAL,"Sistemas de Guarda No-Gi no BJJ | Butterfly, Half, SLX e Mais","Sistemas,Butterfly",Sistemas de Guarda No-Gi no BJJ,Sistemas,"Guia completo de guarda no-gi: butterfly guard, half guard, single leg X, guarda sentada e guarda do wrestler.","completo,butterfly,guard,guard,single"
bjj-nogi-leg-entanglements-deep,CRITICAL,Aprofundamento em Entrelacamentos de Perna No-Gi | BJJ Wiki,"Aprofundamento,Entrelacamentos,Perna",Entrelacamentos de Perna No-Gi: Sistema Avançado,"Entrelacamentos,Perna,Sistema",Entrelacamentos avançados de perna sem-gi e escapes.,"Entrelacamentos,perna,escapes"
bjj-nogi-leg-locks-guide,CRITICAL,Nogi Leg Locks Guide | BJJ Wiki Brasil | BJJ Wiki Brasil,"Locks,Guide,Brasil,Brasil",Nogi Leg Locks Guide,"Locks,Guide",Master nogi leg locks techniques.,"Master,locks,techniques"
bjj-nogi-passing-guide,CRITICAL,Nogi Passing Guide | BJJ Wiki Brasil | BJJ Wiki Brasil,"Passing,Guide,Brasil,Brasil",Nogi Passing Guide,"Passing,Guide",Master nogi passing techniques.,"Master,passing,techniques"
bjj-nogi-wrestling-guide,CRITICAL,Nogi Wrestling Guide | BJJ Wiki Brasil | BJJ Wiki Brasil,"Wrestling,Guide,Brasil,Brasil",Nogi Wrestling Guide,"Wrestling,Guide",Master nogi wrestling techniques.,"Master,wrestling,techniques"
bjj-north-south-attacks,CRITICAL,"Ataques Norte-Sul no BJJ — Kimura, Chokes e Pegada das Costas","Ataques,Norte,Chokes,Pegada,Costas","Ataques Norte-Sul no BJJ — Kimura, Chokes e Pegada das Costas","Ataques,Norte,Chokes,Pegada,Costas","Atacando da posição norte-sul no BJJ — kimura, choke norte-sul, transição de triângulo de braço e sequências de pegada d","Atacando,norte,choke,norte,pegada"
bjj-north-south-system,CRITICAL,Sistema Norte-Sul | BJJ Wiki Brasil,"Sistema,Norte,Brasil",Sistema Norte-Sul,"Sistema,Norte","Sistema de posição norte-sul no BJJ — setup, distribuição de peso, mecânica do north-south choke e ataques de kimura.","Sistema,norte,setup,north,south"
bjj-off-balancing-guide,CRITICAL,Off-Balancing Opponents | BJJ Wiki Brasil,"Balancing,Opponents,Brasil",Off-Balancing Opponents,"Balancing,Opponents",Master off-balancing in guard. Break posture and balance to enable sweeps and submissions.,"Master,balancing,guard,Break,posture"
bjj-offense-first-bjj,CRITICAL,BJJ com Prioridade Ofensiva | Construindo uma Mentalidade de Ataque,"Prioridade,Ofensiva,Construindo,Mentalidade",BJJ com Prioridade Ofensiva,"Prioridade,Ofensiva",O BJJ com prioridade ofensiva é uma abordagem estratégica que prioriza criar e manter sequências de ataque em vez de esp,"prioridade,ofensiva,abordagem,prioriza,criar"
bjj-offensive-bjj-guide,CRITICAL,Guia Ofensivo BJJ | BJJ Wiki Brasil,"Ofensivo,Brasil",Offensive BJJ Guide,"Offensive,Guide","Pressão ofensiva, ataques em cadeia, ameaças constantes, posicionamento agressivo","ofensiva,ataques,cadeia,constantes,posicionamento"
bjj-old-school-half-guard,CRITICAL,Guard Meia-Guarda Old School | BJJ Wiki Brasil,"Guard,School,Brasil",Guard Meia-Guarda Old School | BJJ Wiki Brasil,"Guard,School,Brasil",Guard Meia-Guarda Old School técnica BJJ,"Guard,School"
bjj-omoplata-details,CRITICAL,Guia de Detalhes de Omoplata,"Detalhes,Omoplata",Guia de Detalhes de Omoplata | BJJ Wiki Brasil,"Detalhes,Omoplata,Brasil",Domine o omoplata com posicionamento adequado.,"omoplata,posicionamento,adequado"
bjj-omoplata-system,CRITICAL,Sistema Omoplata: Guia Completo de Ataque BJJ,"Sistema,Omoplata,Completo",Sistema Omoplata: Guia Completo de Ataque BJJ,"Sistema,Omoplata,Completo","Sistema omoplata completo — entradas da guarda e spider guard, mecânica de finish, sweeps quando rolam e conexões omopla","Sistema,omoplata,completo,entradas,spider"
bjj-omoplata-to-triangle,CRITICAL,Omoplata To Triangle Guide | BJJ Wiki Brasil | BJJ Wiki Brasil,"Omoplata,Guide,Brasil,Brasil",Omoplata To Triangle Guide,"Omoplata,Guide",Master omoplata to triangle in BJJ.,"Master,omoplata"
bjj-omoplata,CRITICAL,Omoplata no BJJ: Guia Completo do Shoulder Lock | BJJ Wiki,"Omoplata,Completo,Shoulder",🌀 Guia do Omoplata,Omoplata,"Domine o omoplata no BJJ: setups, mecânica de finalização e opções de varrida.","omoplata,setups,varrida"
bjj-online-coaching-guide,CRITICAL,Guia de Coaching Online de BJJ | Construa seu Negócio Digital de BJJ,"Coaching,Online,Construa,Digital",BJJ Online Coaching Guide,"Online,Coaching,Guide","Guia completo de coaching online de BJJ. Crie conteúdo instrucional, construa uma audiência, monetize seu conhecimento e","completo,coaching,online,instrucional,construa"
bjj-open-guard-concepts,CRITICAL,"Conceitos de Guarda Aberta no BJJ: Grips, Quadros e Quadris | BJJ Wiki","Conceitos,Aberta,Grips,Quadros,Quadris",🌐 Conceitos de Guarda Aberta: A Fundação,"Conceitos,Aberta","Domine os conceitos de guarda aberta no BJJ: grips, frames, movimento de quadril, retenção de guarda e transições.","conceitos,aberta,grips,frames,movimento"
bjj-open-guard-fundamentals,CRITICAL,Fundamentos da Guarda Aberta no BJJ: Defesa e Ataque Ativos | BJJ Wiki,"Fundamentos,Aberta,Ativos",🛡️ Fundamentos da Guarda Aberta,"Fundamentos,Aberta","Aprenda fundamentos da guarda aberta no BJJ: movimento de quadril, frames, grips e princípios de guarda ativa.","Aprenda,fundamentos,aberta,movimento,quadril"
bjj-open-guard-mastery,CRITICAL,Maestria na Guarda Aberta de BJJ,"Maestria,Aberta",Maestria na Guarda Aberta de BJJ,"Maestria,Aberta","Domine a guarda aberta no BJJ com um sistema completo cobrindo manutenção, raspagens, ataques e transições entre posiçõe","aberta,sistema,completo,cobrindo,raspagens"
bjj-open-guard-passing,CRITICAL,"Passagem de Guarda Aberta no BJJ: Torreando, Leg Weave e Passagens de Velocidade","Aberta,Torreando,Weave,Passagens,Velocidade",🏃 Passagem de Guarda Aberta no BJJ,Aberta,"Domine passagem de guarda aberta no BJJ: torreando, leg weave, bullfighter e passagens de joelho para derrotar guardas a","aberta,torreando,weave,bullfighter,passagens"
bjj-opening-gym-guide,CRITICAL,Abrindo uma Academia de BJJ | Guia de Negócios para Artes Marciais,"Abrindo,Academia,Artes,Marciais",Abrindo uma Academia de BJJ,"Abrindo,Academia","Guia completo para abrir uma academia de BJJ: seleção de local, requisitos de seguro, estrutura de currículo, preços e m","completo,abrir,academia,local,requisitos"
bjj-osoto-gari-bjj,CRITICAL,Osoto Gari for BJJ | BJJ Wiki Brasil | BJJ Wiki,"Osoto,Brasil",Osoto Gari for BJJ,Osoto,Judo throw: osoto gari applied in BJJ.,"throw,osoto,applied"
bjj-outside-ashi-defense,CRITICAL,Outside Ashi Defense | BJJ Wiki Brasil,"Outside,Defense,Brasil",Outside Ashi Defense | BJJ Wiki Brasil,"Outside,Defense,Brasil",Escape outside ashi position and prevent leg lock submissions.,"Escape,outside,position,prevent,submissions"
bjj-outside-ashi-garami,CRITICAL,Outside Ashi Garami | BJJ Wiki Brasil | BJJ Wiki,"Outside,Garami,Brasil",Outside Ashi Garami,"Outside,Garami",Outside ashi garami leg lock position.,"Outside,garami,position"
bjj-outside-heel-hook-guide,CRITICAL,Guia de Hook de Calcanhar Externo,"Calcanhar,Externo",Guia de Hook de Calcanhar Externo | BJJ Wiki Brasil,"Calcanhar,Externo,Brasil",Domine o hook de calcanhar externo com posicionamento adequado.,"calcanhar,externo,posicionamento,adequado"
bjj-outside-heel-hook-system,CRITICAL,Outside Heel Hook no BJJ | Sistema Avançado de Leg Lock,"Outside,Sistema",Outside Heel Hook no BJJ,Outside,"O sistema de outside heel hook no BJJ: entradas do ashi garami, posição de sela, mecânica de rotação do quadril.","sistema,outside,entradas,garami,quadril"
bjj-outside-trip-guide,CRITICAL,Outside Trip from Clinch | BJJ Wiki Brasil,"Outside,Clinch,Brasil",Outside Trip from Clinch | BJJ Wiki Brasil,"Outside,Clinch,Brasil",Execute outside trip takedowns with proper clinch control.,"Execute,outside,takedowns,proper,clinch"
bjj-over-collar-tie,CRITICAL,Controle Over Collar Tie | BJJ Wiki Brasil,"Controle,Collar,Brasil",Controle Over Collar Tie | BJJ Wiki Brasil,"Controle,Collar,Brasil",Controle Over Collar Tie técnica BJJ,"Controle,Collar"
bjj-over-under-details,CRITICAL,Guia de Detalhes da Passagem Over-Under,"Detalhes,Under",Guia de Detalhes da Passagem Over-Under | BJJ Wiki Brasil,"Detalhes,Under,Brasil",Aprenda a passagem clássica over-under com gerenciamento de frame.,"Aprenda,under,gerenciamento,frame"
bjj-over-under-pass-details,CRITICAL,Over-Under Pass: Breakdown Completo,"Under,Breakdown,Completo",Over-Under Pass: Breakdown Completo,"Under,Breakdown,Completo",Aprenda over-under pass.,"Aprenda,under"
bjj-over-under-pass-guide,CRITICAL,Over-Under Pass System | BJJ Wiki Brasil | BJJ Wiki,"Under,System,Brasil",Over-Under Pass System,"Under,System",Over-under guard passing system.,"under,guard,passing,system"
bjj-over-under-pass,CRITICAL,Over-Under Pass no BJJ | Sistema de Passagem com Pressão,"Under,Sistema",Over-Under Pass no BJJ,Under,"O over-under pass no BJJ: setup de pegada, mecânica de pressão, ameaça do Marcelotine, posicionamento das pernas.","under,setup,pegada,Marcelotine,posicionamento"
bjj-overhead-sweep-bjj,CRITICAL,Overhead Sweep Technique | BJJ Wiki Brasil,"Overhead,Sweep,Technique,Brasil",Overhead Sweep Technique | BJJ Wiki Brasil,"Overhead,Sweep,Technique,Brasil",Domine overhead sweep from guard with proper foot placement.,"overhead,sweep,guard,proper,placement"
bjj-overhook-guard,CRITICAL,Overhook Guard Position | BJJ Wiki Brasil,"Overhook,Guard,Position,Brasil",Overhook Guard Position,"Overhook,Guard,Position",Overhook guard control for sweeps and submission entries,"Overhook,guard,control,sweeps,submission"
bjj-overhook-system-bjj,CRITICAL,Overhook System (Whizzer) | BJJ Wiki Brasil,"Overhook,System,Whizzer,Brasil",Overhook System (Whizzer),"Overhook,System,Whizzer",Complete overhook/whizzer guide. Defend and control from multiple positions.,"Complete,overhook,whizzer,guide,Defend"
bjj-overtime-strategy-bjj,INFO,Estratégia de Overtime | EBI & IBJJF | BJJ Wiki Brasil,"Overtime,Brasil",Domine Esta Técnica,,Learn overtime and sudden death strategies. Master EBI rules and submission-only matches.,"Learn,overtime,sudden,death,strategies"
bjj-overtraining-signs-bjj,CRITICAL,Recognizing Overtraining in BJJ | BJJ Wiki Brasil,"Recognizing,Overtraining,Brasil",Recognizing Overtraining in BJJ | BJJ Wiki Brasil,"Recognizing,Overtraining,Brasil",Identify signs of overtraining and plan recovery properly.,"Identify,signs,overtraining,recovery,properly"
bjj-parterre-escapes,CRITICAL,Parterre Position Escapes | BJJ Wiki Brasil,"Parterre,Position,Escapes,Brasil",Parterre Position Escapes,"Parterre,Position,Escapes",Defending and escaping parterre (bottom turtle) in gi and no-gi,"Defending,escaping,parterre,bottom,turtle"
bjj-partner-drilling-guide,CRITICAL,Partner Drilling Methods | BJJ Wiki Brasil,"Partner,Drilling,Methods,Brasil",Partner Drilling Methods | BJJ Wiki Brasil,"Partner,Drilling,Methods,Brasil",Structure partner drilling sessions for maximum learning.,"Structure,partner,drilling,sessions,maximum"
bjj-partner-drills,CRITICAL,Drills com Parceiro para BJJ | BJJ Wiki,"Drills,Parceiro",🤼 Drills com Parceiro para BJJ,"Drills,Parceiro","Drills essenciais de parceiro para BJJ: flow drills, progressões de resistência, setups de sparring específico e como es","Drills,essenciais,parceiro,drills,setups"
bjj-passing-butterfly-details,CRITICAL,Passing Butterfly Guard Details | BJJ Wiki Brasil,"Passing,Butterfly,Guard,Details,Brasil",Passing Butterfly Guard Details,"Passing,Butterfly,Guard,Details",Counter butterfly guard with advanced passing techniques and pressure control systems.,"Counter,butterfly,guard,advanced,passing"
bjj-passing-butterfly-guard,CRITICAL,Passing Butterfly Guard | BJJ Wiki Brasil,"Passing,Butterfly,Guard,Brasil",Passing Butterfly Guard,"Passing,Butterfly,Guard",Butterfly guard passing fundamentals including heavy pressure and cross-face control,"Butterfly,guard,passing,fundamentals,including"
bjj-passing-closed-guard,CRITICAL,Passing Closed Guard Effectively | BJJ Wiki Brasil,"Passing,Closed,Guard,Effectively,Brasil",Passing Closed Guard Effectively,"Passing,Closed,Guard,Effectively","Master techniques to open and pass closed guard position with pressure, timing, and control","Master,techniques,closed,guard,position"
bjj-passing-concepts-bjj,CRITICAL,Core Guard Passing Concepts | BJJ Wiki Brasil,"Guard,Passing,Concepts,Brasil",Core Guard Passing Concepts,"Guard,Passing,Concepts","Understand core guard passing concepts. Pressure, positioning, and timing for successful passes.","Understand,guard,passing,concepts,Pressure"
bjj-passing-concepts,CRITICAL,"Conceitos de Passagem de Guarda de BJJ: Pressão, Velocidade e Abordagem Sistemát","Conceitos,Velocidade,Abordagem",Conceitos de Passagem de Guarda de BJJ,Conceitos,"Os conceitos centrais de passagem de guarda no BJJ — pressão vs. velocidade, distribuição de peso, controle de pernas e ","conceitos,centrais,velocidade,controle,pernas"
bjj-passing-dlr-guard,CRITICAL,Passing De La Riva Guard | BJJ Wiki Brasil,"Passing,Guard,Brasil",Passing De La Riva Guard,"Passing,Guard","DLR passing methods including backstep, pressure, and counter-DLR systems","passing,methods,including,backstep,pressure"
bjj-passing-from-standing,CRITICAL,Passing From Standing | BJJ Wiki Brasil,"Passing,Standing,Brasil",Passing From Standing,"Passing,Standing",Master guard passing techniques from standing position using proper grip and leg placement.,"Master,guard,passing,techniques,standing"
bjj-passing-guard-fundamentals,CRITICAL,Fundamentos de Passagem de Guarda no BJJ - Guia Completo,"Fundamentos,Completo",Fundamentos de Passagem de Guarda no BJJ,Fundamentos,"Domine os fundamentos da passagem de guarda no BJJ. Aprenda pressão, knee cut, leg drag e outras técnicas essenciais.","fundamentos,Aprenda,outras,essenciais"
bjj-passing-half-guard,CRITICAL,Passing Half Guard Position | BJJ Wiki Brasil,"Passing,Guard,Position,Brasil",Passing Half Guard Position,"Passing,Guard,Position","Learn half guard passing strategies including knee slice, leg drag, and pressure-based approaches","Learn,guard,passing,strategies,including"
bjj-passing-spider-details,CRITICAL,Passing Spider Guard Details | BJJ Wiki Brasil,"Passing,Spider,Guard,Details,Brasil",Passing Spider Guard Details,"Passing,Spider,Guard,Details","Pass spider guard effectively using grip breaking, hip positioning, and proper footwork sequences.","spider,guard,effectively,using,breaking"
bjj-passing-spider-guard,CRITICAL,Passing Spider Guard Defense | BJJ Wiki Brasil,"Passing,Spider,Guard,Defense,Brasil",Passing Spider Guard Defense,"Passing,Spider,Guard,Defense","Techniques to pass spider guard using inside control, pressure, and footwork","Techniques,spider,guard,using,inside"
bjj-passing-styles-guide,CRITICAL,Guia dos Estilos de Passagem de Guarda no BJJ | BJJ Wiki,Estilos,⚔️ Guia dos Estilos de Passagem de Guarda no BJJ,Estilos,"Cada estilo de passagem de guarda de BJJ explicado: passagem por pressão, passagem por velocidade, leg drag e torreando.","estilo,explicado,velocidade,torreando,Encontre"
bjj-passing-systems-complete,CRITICAL,Guia Completo de Sistemas de Passagem no BJJ | BJJ Wiki,"Completo,Sistemas",Guia Completo de Sistemas de Passagem no BJJ,"Completo,Sistemas","Domine os sistemas completos de passagem no BJJ: passagem de pressão, passagem de velocidade, leg drag, corte de joelho,","sistemas,completos,velocidade,corte,joelho"
bjj-peak-performance-guide,CRITICAL,Guia de Pico de Performance BJJ | BJJ Wiki Brasil,"Performance,Brasil",Guia de Pico de Performance BJJ,Performance,"Alcance pico de performance em competições BJJ: preparação mental, estratégias de taper, protocolos pré-competição.","Alcance,performance,mental,taper,protocolos"
bjj-peak-performance,CRITICAL,Timing do Pico de Performance no BJJ | BJJ Wiki,"Timing,Performance",Timing do Pico de Performance no BJJ,"Timing,Performance","Pico de performance para competição de BJJ — periodização, tapering, preparação da semana de competição e como sincroniz","performance,tapering,semana,sincronizar,torneio"
bjj-penalty-avoidance-bjj,CRITICAL,Avoiding Penalties in BJJ | BJJ Wiki Brasil,"Avoiding,Penalties,Brasil",Avoiding Penalties in BJJ,"Avoiding,Penalties",Illegal technique awareness and penalty prevention strategies,"Illegal,technique,awareness,penalty,prevention"
bjj-pendulum-sweep-bjj,CRITICAL,Pendulum Sweep Details | BJJ Wiki Brasil,"Pendulum,Sweep,Details,Brasil",Pendulum Sweep Details | BJJ Wiki Brasil,"Pendulum,Sweep,Details,Brasil",Advanced pendulum sweep mechanics and timing.,"Advanced,pendulum,sweep,mechanics,timing"
bjj-penetration-step-guide,CRITICAL,Penetration Step Mechanics | BJJ Wiki Brasil | BJJ Wiki,"Penetration,Mechanics,Brasil",Penetration Step Mechanics,"Penetration,Mechanics",Wrestling foundation: penetration step technique.,"Wrestling,foundation,penetration,technique"
bjj-periodization-bjj,CRITICAL,Periodization for BJJ Athletes | BJJ Wiki Brasil,"Periodization,Athletes,Brasil",Periodization for BJJ Athletes | BJJ Wiki Brasil,"Periodization,Athletes,Brasil",Structure your training year for peak performance.,"Structure,training,performance"
bjj-pin-escape-fundamentals,INFO,Fundamentos Pin Escape | Princípios Principais | BJJ Wiki Brasil,"Fundamentos,Escape,Principais,Brasil",Domine Esta Técnica,,"Master fundamental pin escape principles. Learn bridging, framing, and explosive escapes from pinned positions.","Master,escape,principles,Learn,bridging"
bjj-plateaus-bjj,CRITICAL,Overcoming BJJ Plateaus | BJJ Wiki Brasil,"Overcoming,Plateaus,Brasil",Overcoming BJJ Plateaus | BJJ Wiki Brasil,"Overcoming,Plateaus,Brasil",Break through skill plateaus with strategic training.,"Break,through,skill,plateaus,strategic"
bjj-points-strategy-guide,INFO,Guia Points Strategy | Sistema de Pontuação | BJJ Wiki Brasil,"Points,Strategy,Sistema,Brasil",Domine Esta Técnica,,Learn points strategy in BJJ competition. Master scoring techniques and positional advantages.,"Learn,points,strategy,competition,Master"
bjj-points-system-guide,CRITICAL,Guia do Sistema de Pontos do BJJ: IBJJF Explicado,"Sistema,Pontos,Explicado",Guia do Sistema de Pontos do BJJ: IBJJF Explicado,"Sistema,Pontos,Explicado","Guia completo do sistema de pontos IBJJF — como quedas, sweeps, passagens de guarda, montes e controle de costas são pon","completo,sistema,pontos,quedas,sweeps"
bjj-polaris-rules-strategy,CRITICAL,Polaris Rules Strategy | BJJ Wiki,"Polaris,Rules,Strategy",Polaris Rules Strategy,"Polaris,Rules,Strategy",Polaris Rules Strategy BJJ technique guide,"Polaris,Rules,Strategy,technique,guide"
bjj-positional-control-fundamentals,CRITICAL,Fundamentos do Controle Posicional no BJJ: A Arte de Ficar por Cima | BJJ Wiki,"Fundamentos,Controle,Posicional,Ficar",Fundamentos do Controle Posicional no BJJ: A Arte de Ficar por Cima,"Fundamentos,Controle,Posicional,Ficar","Domine os princípios fundamentais do controle posicional no BJJ. Aprenda como manter posições dominantes, prevenir escap","fundamentais,controle,posicional,Aprenda,manter"
bjj-positional-drilling-system,CRITICAL,Sistema de Drilling Posicional no BJJ | BJJ Wiki,"Sistema,Drilling,Posicional",Sistema de Drilling Posicional no BJJ,"Sistema,Drilling,Posicional","Construa uma prática sistemática de drilling posicional: como projetar drills, escolher posições, medir o progresso e tr","Construa,drilling,posicional,projetar,drills"
bjj-positional-drilling,CRITICAL,Drilling Posicional para BJJ | BJJ Wiki,"Drilling,Posicional",🎯 Drilling Posicional para BJJ,"Drilling,Posicional","Guia de drilling posicional para BJJ: como estruturar shark tanks, sparring específico e drilling situacional para acele","drilling,posicional,estruturar,shark,tanks"
bjj-positional-hierarchy,CRITICAL,Positional Hierarchy Guide | BJJ Wiki Brasil | BJJ Wiki Brasil,"Positional,Hierarchy,Guide,Brasil,Brasil",Positional Hierarchy Guide,"Positional,Hierarchy,Guide",Master positional hierarchy for BJJ training and competition.,"Master,positional,hierarchy,training,competition"
bjj-positional-sparring-guide,CRITICAL,Guia de Sparring Posicional | BJJ Wiki Brasil,"Sparring,Posicional,Brasil",Guia de Sparring Posicional,"Sparring,Posicional","Sparring posicional: métodos de sparring posicional, drills de cenário, rolling controlado.","Sparring,posicional,sparring,posicional,drills"
bjj-positional-sparring,CRITICAL,Sparring Posicional no BJJ: A Forma Mais Rápida de Melhorar Habilidades Específi,"Sparring,Posicional,Forma,Melhorar,Habilidades",🎯 Sparring Posicional no BJJ,"Sparring,Posicional",Use sparring posicional no BJJ para treinar posições específicas com resistência ao vivo — o método de treino mais efici,"sparring,posicional,treinar,treino,eficiente"
bjj-posture-break-defense,CRITICAL,Guia de Defesa contra Postura Quebrada,"contra,Postura,Quebrada",Guia de Defesa contra Postura Quebrada | BJJ Wiki Brasil,"contra,Postura,Quebrada,Brasil",Entenda como se defender contra quebras de postura na posição de guarda.,"Entenda,defender,contra,quebras,postura"
bjj-posture-in-closed-guard,CRITICAL,Posture to Prevent Submissions | BJJ Wiki Brasil,"Posture,Prevent,Submissions,Brasil",Posture to Prevent Submissions | BJJ Wiki Brasil,"Posture,Prevent,Submissions,Brasil",Maintain strong posture in closed guard to prevent arm locks and chokes.,"Maintain,strong,posture,closed,guard"
bjj-posture-in-guard,CRITICAL,Postura na Guarda no BJJ: Guia Completo,"Postura,Completo",Postura na Guarda no BJJ: Guia Completo,"Postura,Completo","Como manter postura na guarda fechada, quebrar grips, criar distância para passar e por que a postura é a habilidade mai","manter,postura,fechada,quebrar,grips"
bjj-pre-tournament-routine,CRITICAL,Pre-Tournament Routine | BJJ Wiki Brasil,"Tournament,Routine,Brasil",Pre-Tournament Routine | BJJ Wiki Brasil,"Tournament,Routine,Brasil",Create optimal pre-tournament routines for peak performance.,"Create,optimal,tournament,routines,performance"
bjj-prehab-routine,CRITICAL,Prehab Routine | BJJ Wiki,"Prehab,Routine",Prehab Routine,"Prehab,Routine",Prehab Routine BJJ technique guide,"Prehab,Routine,technique,guide"
bjj-pressure-fundamentals,INFO,Fundamentos de Pressão | Mecânica Principal | BJJ Wiki Brasil,"Fundamentos,Principal,Brasil",Domine Esta Técnica,,Learn pressure passing and control fundamentals. Master weight distribution and body mechanics.,"Learn,pressure,passing,control,fundamentals"
bjj-pressure-passing-concepts,CRITICAL,Conceitos e Filosofia de Pressure Passing,"Conceitos,Filosofia,Pressure,Passing",Conceitos e Filosofia de Pressure Passing,"Conceitos,Filosofia,Pressure,Passing","Entenda a filosofia de pressure passing — distribuição de peso, timing e posição.","Entenda,filosofia,pressure,passing,timing"
bjj-pressure-passing-guide,CRITICAL,Guia de Pressure Passing | Controle de Top Pesado | BJJ Wiki Brasil,"Pressure,Passing,Controle,Pesado,Brasil",💪 Guia de Pressure Passing: Controle de Top Pesado,"Pressure,Passing,Controle,Pesado",Domine pressure passing no BJJ. Aprenda a usar peso e controle para passar guard metodicamente.,"pressure,passing,Aprenda,controle,passar"
bjj-pressure-passing-mechanics,CRITICAL,Mecanica Passagem Pressao | BJJ Wiki Brasil,"Mecanica,Pressao,Brasil",Pressure Passing,"Pressure,Passing",Master pressure-based passing techniques that overwhelm guard-based defenses.,"Master,pressure,based,passing,techniques"
bjj-pressure-pressure-game-guide,CRITICAL,Guia Completo do Jogo de Pressão no BJJ | Controle de Cima Pesado e Passagens,"Completo,Controle,Pesado,Passagens",BJJ Pressure Game Complete Guide,"Pressure,Complete,Guide","Domine o jogo de pressão no BJJ com técnicas de controle de cima pesado, passagens smashing e submissões de pressão. Apr","controle,pesado,passagens,smashing,Aprenda"
bjj-pressure-testing-guide,CRITICAL,Pressure Testing Guide Guide | BJJ Wiki Brasil | BJJ Wiki Brasil,"Pressure,Testing,Guide,Guide,Brasil",Pressure Testing Guide Guide,"Pressure,Testing,Guide,Guide",Master pressure testing guide for BJJ training and competition.,"Master,pressure,testing,guide,training"
bjj-pressure-vs-speed-guide,CRITICAL,Pressao VS Velocidade | BJJ Wiki Brasil,"Pressao,Velocidade,Brasil",Pressure vs Speed,"Pressure,Speed",Balance pressure and speed for optimal passing and position control.,"Balance,pressure,speed,optimal,passing"
bjj-principle-based-bjj,CRITICAL,Principle-Based BJJ Training | BJJ Wiki Brasil,"Principle,Based,Training,Brasil",Principle-Based BJJ Training,"Principle,Based,Training",Training through principles rather than memorization,"Training,through,principles,rather,memorization"
bjj-private-lessons,CRITICAL,Como Maximizar Aulas Particulares de BJJ | BJJ Wiki,"Maximizar,Aulas,Particulares",🎓 Maximize Suas Aulas Particulares de BJJ,"Maximize,Aulas,Particulares","Aproveite ao máximo as aulas particulares de BJJ: como se preparar, o que perguntar, como estruturar sua sessão e integr","Aproveite,aulas,particulares,preparar,perguntar"
bjj-proactive-bjj,CRITICAL,Proactive BJJ Approach | BJJ Wiki Brasil,"Proactive,Approach,Brasil",Proactive BJJ Approach,"Proactive,Approach",Proactive rather than reactive grappling mindset,"Proactive,rather,reactive,grappling,mindset"
bjj-probing-attacks-bjj,CRITICAL,Probing Attacks in BJJ | BJJ Wiki Brasil,"Probing,Attacks,Brasil",Probing Attacks in BJJ | BJJ Wiki Brasil,"Probing,Attacks,Brasil",Use probing movements to read and react to opponent responses.,"probing,movements,react,opponent,responses"
bjj-problem-solving-bjj,CRITICAL,Problem Solving in BJJ | BJJ Wiki Brasil | BJJ Wiki,"Problem,Solving,Brasil",Problem Solving in BJJ,"Problem,Solving",Problem-solving approach to BJJ training.,"Problem,solving,approach,training"
bjj-progressive-overload-bjj,CRITICAL,Sobrecarga Progressiva em BJJ | BJJ Wiki Brasil,"Sobrecarga,Progressiva,Brasil",Sobrecarga Progressiva em BJJ | BJJ Wiki Brasil,"Sobrecarga,Progressiva,Brasil",Sobrecarga Progressiva em BJJ técnica BJJ,"Sobrecarga,Progressiva"
bjj-proprioception-bjj,CRITICAL,Proprioception in Grappling | BJJ Wiki Brasil,"Proprioception,Grappling,Brasil",Proprioception in Grappling | BJJ Wiki Brasil,"Proprioception,Grappling,Brasil",Desenvolva body awareness for better movement control.,"Desenvolva,awareness,better,movement,control"
bjj-pulling-guard-guide,CRITICAL,Guard Pulling Strategy | BJJ Wiki Brasil | BJJ Wiki,"Guard,Pulling,Strategy,Brasil",Guard Pulling Strategy,"Guard,Pulling,Strategy",Guard pulling timing and strategy.,"Guard,pulling,timing,strategy"
bjj-pummel-to-takedown,CRITICAL,Pummeling to Takedown | BJJ Wiki Brasil,"Pummeling,Takedown,Brasil",Pummeling to Takedown | BJJ Wiki Brasil,"Pummeling,Takedown,Brasil",Progress from pummeling grip to effective clinch takedowns.,"Progress,pummeling,effective,clinch,takedowns"
bjj-pummeling-guide,CRITICAL,Guia de Pummeling no BJJ,Pummeling,Guia de Pummeling no BJJ | BJJ Wiki Brasil,"Pummeling,Brasil",Aprenda o pummeling para conseguir posição de underhook.,"Aprenda,pummeling,conseguir,underhook"
bjj-purple-belt-guide,CRITICAL,Guia da Faixa Roxa no BJJ | O Caminho do Meio para a Faixa Preta,"Faixa,Caminho,Faixa,Preta",Guia da Faixa Roxa no BJJ,Faixa,"A jornada da faixa roxa no BJJ: nível de habilidade esperado, desenvolvimento de jogo, ensinar outros e a estrada pela f","jornada,faixa,habilidade,esperado,desenvolvimento"
bjj-purple-belt-refinement,CRITICAL,"Faixa Roxa de BJJ: Refinamento, Profundidade e Construindo um Jogo Completo","Faixa,Refinamento,Profundidade,Construindo,Completo",Refinamento da Faixa Roxa de BJJ,"Refinamento,Faixa","O que a faixa roxa significa no BJJ — refinamento técnico, aprofundamento de especializações, integração do jogo físico ","faixa,significa,refinamento,aprofundamento,conceitual"
bjj-purple-belt-requirements,CRITICAL,Requisitos da Faixa Roxa no BJJ | Tudo que Você Precisa Saber,"Requisitos,Faixa,Precisa,Saber",🟣 Requisitos da Faixa Roxa no BJJ,"Requisitos,Faixa","Tudo sobre a faixa roxa no BJJ. Tempo necessário, checklist técnico, expectativas de competição e mentalidade.","sobre,faixa,Tempo,checklist,expectativas"
bjj-push-pull-guard,CRITICAL,Push Pull Guard Guide | BJJ Wiki Brasil | BJJ Wiki Brasil,"Guard,Guide,Brasil,Brasil",Push Pull Guard Guide,"Guard,Guide",Master push pull guard in BJJ.,"Master,guard"
bjj-rdlr-back-take-guide,CRITICAL,Reverse De La Riva Back Take | BJJ Wiki Brasil,"Reverse,Brasil",Reverse De La Riva Back Take,Reverse,Flow from Reverse De La Riva into back control using proper sequencing and grip systems.,"Reverse,control,using,proper,sequencing"
bjj-rdlr-entries-guide,CRITICAL,Reverse De La Riva Entries | BJJ Wiki Brasil,"Reverse,Entries,Brasil",Reverse De La Riva Entries,"Reverse,Entries",Master entry techniques into Reverse De La Riva guard from multiple positions and transitions.,"Master,entry,techniques,Reverse,guard"
bjj-rdlr-leg-attacks,CRITICAL,Reverse De La Riva Leg Attacks | BJJ Wiki Brasil,"Reverse,Attacks,Brasil",Reverse De La Riva Leg Attacks,"Reverse,Attacks",Attack the leg from Reverse De La Riva using heel hooks and advanced leg lock systems.,"Attack,Reverse,using,hooks,advanced"
bjj-rdlr-sweeps-guide,CRITICAL,Reverse De La Riva Sweeps | BJJ Wiki Brasil,"Reverse,Sweeps,Brasil",Reverse De La Riva Sweeps,"Reverse,Sweeps",Execute powerful Reverse De La Riva sweeps using hip positioning and leg control systems.,"Execute,powerful,Reverse,sweeps,using"
bjj-rdlr-x-guard-combo,CRITICAL,Reverse De La Riva X-Guard Combo | BJJ Wiki Brasil,"Reverse,Guard,Combo,Brasil",Reverse De La Riva X-Guard Combo,"Reverse,Guard,Combo",Combine Reverse De La Riva with X-guard for advanced sweeping and leg attack opportunities.,"Combine,Reverse,guard,advanced,sweeping"
bjj-re-guard-techniques,CRITICAL,Re-Guarding Techniques | BJJ Wiki Brasil,"Guarding,Techniques,Brasil",Re-Guarding Techniques | BJJ Wiki Brasil,"Guarding,Techniques,Brasil",Learn methods to regain guard from unfavorable positions.,"Learn,methods,regain,guard,unfavorable"
bjj-reactive-defense-guide,CRITICAL,Guia de Defesa Reativa | BJJ Wiki Brasil,"Reativa,Brasil",Guia de Defesa Reativa | BJJ Wiki Brasil,"Reativa,Brasil","Domine defesa reativa—leitura de intenção do oponente, bloqueio antecipador e conversão de defesa em contra-ataques imed","reativa,leitura,oponente,bloqueio,antecipador"
bjj-reactive-vs-proactive,CRITICAL,Jogo Reativo vs Proativo no BJJ | Quando Iniciar ou Contra-Atacar,"Reativo,Proativo,Quando,Iniciar,Contra",Jogo Reativo vs Proativo no BJJ,"Reativo,Proativo",A mudança de mentalidade no BJJ: jogar um jogo de ataque proativo vs contra-ataque reativo e como misturar ambos os esti,"mentalidade,jogar,proativo,contra,reativo"
bjj-reading-opponent-bjj,CRITICAL,Reading Your Opponent in BJJ | BJJ Wiki Brasil,"Reading,Opponent,Brasil",Reading Your Opponent in BJJ,"Reading,Opponent",Opponent analysis and tactical adjustment mid-match,"Opponent,analysis,tactical,adjustment,match"
bjj-reading-opponents,CRITICAL,Reading Opponents.Html Guide | BJJ Wiki Brasil | BJJ Wiki Brasil,"Reading,Opponents,Guide,Brasil,Brasil",Reading Opponents.Html Guide,"Reading,Opponents,Guide",Master reading opponents.html techniques.,"Master,reading,opponents,techniques"
bjj-reaping-rules-bjj,CRITICAL,Reaping Rules in BJJ | BJJ Wiki Brasil | BJJ Wiki,"Reaping,Rules,Brasil",Reaping Rules in BJJ,"Reaping,Rules",Understanding reaping legality by belt level.,"Understanding,reaping,legality,level"
bjj-rear-naked-choke-defense,CRITICAL,Defesa do Rear Naked Choke | BJJ Wiki Brasil,"Naked,Choke,Brasil",Defesa do Rear Naked Choke,"Naked,Choke","Defesa do rear naked choke no BJJ — tucada de queixo, criação de frame, elbow pop, sequências de saída e como prevenir o","naked,choke,tucada,queixo,frame"
bjj-rear-naked-choke-detail,CRITICAL,Rear Naked Choke Details | BJJ Wiki Brasil,"Naked,Choke,Details,Brasil",Rear Naked Choke Details | BJJ Wiki Brasil,"Naked,Choke,Details,Brasil",Complete mechanics and variations of the rear naked choke.,"Complete,mechanics,variations,naked,choke"
bjj-rear-naked-choke-guide,CRITICAL,Rear Naked Choke Complete Guide | BJJ Wiki Brasil,"Naked,Choke,Complete,Guide,Brasil",Rear Naked Choke Complete Guide | BJJ Wiki Brasil,"Naked,Choke,Complete,Guide,Brasil",Comprehensive rear naked choke techniques and variations.,"Comprehensive,naked,choke,techniques,variations"
bjj-rear-naked-choke,CRITICAL,Rear Naked Choke no BJJ: Mecânica e Posição de Costas | BJJ Wiki,"Naked,Choke,Costas",🤗 Guia do Rear Naked Choke,"Naked,Choke","Domine o rear naked choke no BJJ: mecânica, grip seatbelt, controle de ganchos e detalhes.","naked,choke,seatbelt,controle,ganchos"
bjj-recovery-protocol-bjj,CRITICAL,Recovery Protocol Bjj Guide | BJJ Wiki Brasil | BJJ Wiki Brasil,"Recovery,Protocol,Guide,Brasil,Brasil",Recovery Protocol Bjj Guide,"Recovery,Protocol,Guide",Master recovery protocol bjj for BJJ training and competition.,"Master,recovery,protocol,training,competition"
bjj-recovery-protocols-bjj,CRITICAL,Recovery Protocols for BJJ Training | BJJ Wiki Brasil,"Recovery,Protocols,Training,Brasil",Recovery Protocols for BJJ Training | BJJ Wiki Brasil,"Recovery,Protocols,Training,Brasil",Optimize recovery between training sessions for long-term gains.,"Optimize,recovery,between,training,sessions"
bjj-referee-position-bjj,CRITICAL,Referee Position Escapes | BJJ Wiki Brasil,"Referee,Position,Escapes,Brasil",Referee Position Escapes,"Referee,Position,Escapes",Escaping referee/turtle position with hip movement and timing,"Escaping,referee,turtle,position,movement"
bjj-resilience-bjj,CRITICAL,Building Resilience in BJJ | BJJ Wiki Brasil,"Building,Resilience,Brasil",Building Resilience in BJJ | BJJ Wiki Brasil,"Building,Resilience,Brasil",Develop mental toughness and the ability to bounce back from losses.,"Develop,mental,toughness,ability,bounce"
bjj-reverse-de-la-riva,CRITICAL,Guarda Reverse De La Riva: Sistema RDLR,"Reverse,Sistema",Guarda Reverse De La Riva: Sistema RDLR,"Reverse,Sistema","Guarda Reverse De La Riva — RDLR para tomada de costas, conexões com berimbolo, entradas de leg lock externo e posição n","Reverse,tomada,costas,berimbolo,entradas"
bjj-reverse-dlr-sweeps,CRITICAL,Varreduras da De La Riva Reversa | BJJ Wiki Brasil,"Varreduras,Reversa,Brasil",Varreduras da De La Riva Reversa | BJJ Wiki Brasil,"Varreduras,Reversa,Brasil",Varreduras da De La Riva Reversa técnica BJJ,"Varreduras,Reversa"
bjj-reverse-kesa-gatame,CRITICAL,Kesa Gatame Reverso | BJJ Wiki Brasil,"Gatame,Reverso,Brasil",Kesa Gatame Reverso,"Gatame,Reverso","Kesa gatame reverso no BJJ — setup do controle lateral, distribuição de peso, ataques de kimura e armbar e escapes.","gatame,reverso,setup,controle,lateral"
bjj-reverse-mount-guide,CRITICAL,Reverse Mount Position | BJJ Wiki Brasil | BJJ Wiki,"Reverse,Mount,Position,Brasil",Reverse Mount Position,"Reverse,Mount,Position",Reverse mount position and applications.,"Reverse,mount,position,applications"
bjj-rickson-gracie-philosophy,CRITICAL,Filosofia Rickson Gracie | BJJ Wiki Brasil,"Filosofia,Rickson,Brasil",Filosofia Rickson Gracie | BJJ Wiki Brasil,"Filosofia,Rickson,Brasil","Entenda filosofia Rickson Gracie—ciência respiratória, dominância mental e maestria completa de posição.","Entenda,filosofia,Rickson,mental,maestria"
bjj-rickson-gracie-system,CRITICAL,Sistema de BJJ do Rickson Gracie | Jiu-Jitsu Invisível e Conexão,"Sistema,Rickson",Sistema de BJJ do Rickson Gracie,"Sistema,Rickson","O Jiu-Jitsu Invisível de Rickson Gracie: princípios de conexão, estrutura, base, respiração e abordagem filosófica ao do","Rickson,estrutura,abordagem"
bjj-roger-gracie-system-guide,CRITICAL,Guia do Sistema Roger Gracie | BJJ Wiki Brasil,"Sistema,Roger,Brasil",Guia do Sistema Roger Gracie,"Sistema,Roger","Estude o sistema Roger Gracie: passagem de guarda precisa, controle de pulso, domínio posicional.","Estude,sistema,Roger,precisa,controle"
bjj-roger-gracie-system,CRITICAL,"Sistema de BJJ do Roger Gracie | Monte, Cross Collar e Domínio dos Fundamentos","Sistema,Roger,Monte,Cross,Collar",Sistema de BJJ do Roger Gracie,"Sistema,Roger","O sistema Roger Gracie: por que os fundamentos vencem tudo, estabelecimento do monte, cross collar choke do monte e simp","sistema,Roger,fundamentos,vencem,estabelecimento"
bjj-rolling-kneebar-guide,CRITICAL,Rolling Kneebar Entry | BJJ Wiki Brasil,"Rolling,Kneebar,Entry,Brasil",Rolling Kneebar Entry | BJJ Wiki Brasil,"Rolling,Kneebar,Entry,Brasil",Master rolling kneebar entry from various positions.,"Master,rolling,kneebar,entry,various"
bjj-rolling-tips,INFO,"Dicas de Rolling de BJJ: Como Fazer Sparring Mais Inteligente, Não Mais Duro | B","Dicas,Rolling,Fazer,Sparring,Inteligente","🔄 Dicas de Rolling de BJJ: Sparring Mais Inteligente, Não Mais Duro","Dicas,Rolling,Sparring,Inteligente","Dicas de rolling para BJJ: controle a intensidade, defina metas por round e gerencie a fadiga no sparring.","Dicas,rolling,controle,intensidade,defina"
bjj-round-robin-training,CRITICAL,Round Robin Training Format | BJJ Wiki Brasil,"Round,Robin,Training,Format,Brasil",Round Robin Training Format | BJJ Wiki Brasil,"Round,Robin,Training,Format,Brasil",Implement round robin training for well-rounded skill development.,"Implement,round,robin,training,rounded"
bjj-royler-gracie-guard-game,CRITICAL,Guard Game Royler Gracie | BJJ Wiki Brasil,"Guard,Royler,Brasil",Guard Game Royler Gracie | BJJ Wiki Brasil,"Guard,Royler,Brasil","Domine guard game Royler Gracie—inovações footlock, pressão de guard e posições defensivas dominantes.","guard,Royler,footlock,guard,defensivas"
bjj-rubber-guard-guide,CRITICAL,Guia de Guarda de Borracha no BJJ,Borracha,Guia de Guarda de Borracha no BJJ | BJJ Wiki Brasil,"Borracha,Brasil",Domine a posição de guarda de borracha.,borracha
bjj-rubber-guard-submissions,CRITICAL,Rubber Guard Submissions | BJJ Wiki Brasil | BJJ Wiki,"Rubber,Guard,Submissions,Brasil",Rubber Guard Submissions,"Rubber,Guard,Submissions",Submission techniques from rubber guard.,"Submission,techniques,rubber,guard"
bjj-rubber-guard-system,CRITICAL,Rubber Guard System Overview | BJJ Wiki Brasil | BJJ Wiki,"Rubber,Guard,System,Overview,Brasil",Rubber Guard System Overview,"Rubber,Guard,System,Overview",Eddie Bravo rubber guard system.,"Eddie,Bravo,rubber,guard,system"
bjj-rubber-guard,CRITICAL,Rubber Guard no BJJ: Guia Completo do Sistema Gogoplata | BJJ Wiki,"Rubber,Guard,Completo,Sistema,Gogoplata",🪢 Guia do Rubber Guard,"Rubber,Guard","Aprenda rubber guard no BJJ: missões, new york, gogoplata e sistema de Eddie Bravo.","Aprenda,rubber,guard,gogoplata,sistema"
bjj-rule-sets-comparison,INFO,Comparação de Regras no BJJ: IBJJF vs ADCC vs EBI vs Submission Only | BJJ Wiki,"Regras,Submission",📋 Comparação de Regras no BJJ,Regras,"Compare regras no BJJ: pontos IBJJF, vantagens ADCC, overtime EBI e formatos submission-only explicados lado a lado.","Compare,regras,pontos,vantagens,overtime"
bjj-rules-for-beginners,CRITICAL,Regras do BJJ para Iniciantes | Pontuação IBJJF e Guia de Competição,"Regras,Iniciantes",Regras do BJJ para Iniciantes: Guia Completo,"Regras,Iniciantes,Completo","Aprenda as regras de competição do BJJ — sistema de pontos IBJJF, vantagens, faltas e técnicas permitidas em cada faixa.","Aprenda,regras,sistema,pontos,vantagens"
bjj-russian-tie-guide,CRITICAL,Russian Tie (2-on-1): Controle de Wrestling no BJJ,"Russian,Controle,Wrestling",Russian Tie (2-on-1): Controle de Wrestling no BJJ,"Russian,Controle,Wrestling","Sistema Russian tie (2-on-1) para BJJ — setup, mecânica de controle de braço, ataques de takedown e transições para sing","Sistema,Russian,setup,controle,ataques"
bjj-s-mount-attacks,CRITICAL,Guia de Ataque S-Mount,Mount,Guia de Ataque S-Mount | BJJ Wiki Brasil,"Mount,Brasil",Domine ataques especificamente da posição S-mount.,"ataques,especificamente,mount"
bjj-safe-training-guide,CRITICAL,Safe BJJ Training Guide | BJJ Wiki Brasil,"Training,Guide,Brasil",Safe BJJ Training Guide | BJJ Wiki Brasil,"Training,Guide,Brasil",Complete guide to safe and injury-free BJJ training.,"Complete,guide,injury,training"
bjj-sambo-for-bjj,CRITICAL,Sambo para BJJ | Leg Locks e Habilidades de Wrestling da Arte Marcial Russa,"Sambo,Locks,Habilidades,Wrestling,Marcial",Sambo para BJJ,Sambo,"Como o sambo melhora o BJJ: leg locks do sambo, grips do kurtka traduzidos para no-gi, quedas do sambo e entradas de hee","sambo,melhora,locks,sambo,grips"
bjj-scissor-sweep-details,CRITICAL,Scissor Sweep Fine Details | BJJ Wiki Brasil,"Scissor,Sweep,Details,Brasil",Scissor Sweep Fine Details,"Scissor,Sweep,Details","Scissor sweep positioning, timing, and troubleshooting","Scissor,sweep,positioning,timing,troubleshooting"
bjj-scissor-sweep-guide,CRITICAL,Scissor Sweep Guide | BJJ Wiki Brasil | BJJ Wiki Brasil,"Scissor,Sweep,Guide,Brasil,Brasil",Scissor Sweep Guide,"Scissor,Sweep,Guide",Master scissor sweep techniques.,"Master,scissor,sweep,techniques"
bjj-scouting-opponents,CRITICAL,Scouting BJJ Opponents | BJJ Wiki Brasil,"Scouting,Opponents,Brasil",Scouting BJJ Opponents | BJJ Wiki Brasil,"Scouting,Opponents,Brasil",Learn opponent analysis and scouting techniques.,"Learn,opponent,analysis,scouting,techniques"
bjj-scramble-concepts,CRITICAL,Conceitos de Scramble no BJJ: Como Vencer o Caos e as Transições | BJJ Wiki,"Conceitos,Scramble,Vencer",🌀 Conceitos de Scramble no BJJ,"Conceitos,Scramble","Domine scrambles no BJJ: como ler scrambles, proteger o pescoço, finalizar o scramble ofensivamente e evitar dar as cost","scrambles,scrambles,proteger,finalizar,scramble"
bjj-scrambles,CRITICAL,Scrambles no BJJ: Vença o Caos e Saia Por Cima | BJJ Wiki,Scrambles,🌪️ Scrambles no BJJ,Scrambles,"Domine scrambles no BJJ: leitura de transições, princípios de scramble, tomadas de costas e como vencer trocas caóticas.","scrambles,leitura,scramble,tomadas,costas"
bjj-seat-belt-control-guide,CRITICAL,Guia Seat Belt Control | Sistema de Grip | BJJ Wiki Brasil,"Control,Sistema,Brasil",Domine Esta Técnica,,Learn seat belt control from back position. Master arm placement and control mechanics.,"Learn,control,position,Master,placement"
bjj-seated-guard-entries,CRITICAL,Seated Guard Entries | BJJ Wiki Brasil,"Seated,Guard,Entries,Brasil",Seated Guard Entries | BJJ Wiki Brasil,"Seated,Guard,Entries,Brasil",Learn seated guard entry techniques and variations.,"Learn,seated,guard,entry,techniques"
bjj-seated-guard-guide,CRITICAL,Guia de Seated Guard: Setup e Ataques,"Seated,Guard,Setup,Ataques",Guia de Seated Guard: Setup e Ataques,"Seated,Guard,Setup,Ataques","Domine a posição seated guard — setup, ataques, sweeps e transições.","seated,guard,setup,ataques,sweeps"
bjj-self-defense-guide,CRITICAL,Guia de Autodefesa com BJJ | Aplicação Prática na Rua,Autodefesa,Guia de Autodefesa com BJJ,Autodefesa,"BJJ para autodefesa real: defesa em pé, trabalho de clinch, controle no chão, escapando de posições perigosas e consciên","autodefesa,trabalho,clinch,controle,escapando"
bjj-self-defense,CRITICAL,BJJ para Autodefesa — Técnicas Mais Eficazes para Situações Reais,"Autodefesa,Eficazes,Reais",BJJ para Autodefesa: O Que Realmente Funciona na Rua,"Autodefesa,Realmente,Funciona","Brazilian Jiu-Jitsu para autodefesa. As técnicas de BJJ mais eficazes para situações reais: controle de clinch, quedas, ","autodefesa,eficazes,reais,controle,clinch"
bjj-sensitivity-training,CRITICAL,Sensitivity Training in BJJ | BJJ Wiki Brasil,"Sensitivity,Training,Brasil",Sensitivity Training in BJJ,"Sensitivity,Training",Developing tactical sensitivity and feel through specific drills,"Developing,tactical,sensitivity,through,specific"
bjj-seoi-nage-bjj,CRITICAL,Seoi Nage for BJJ | BJJ Wiki Brasil | BJJ Wiki,Brasil,Seoi Nage for BJJ,,Judo throw: seoi nage back throw for BJJ.,"throw,throw"
bjj-setup-principles-bjj,CRITICAL,BJJ Attack Setup Principles | BJJ Wiki Brasil,"Attack,Setup,Principles,Brasil",BJJ Attack Setup Principles | BJJ Wiki Brasil,"Attack,Setup,Principles,Brasil",Master foundational principles for setting up attacks in BJJ.,"Master,foundational,principles,setting,attacks"
bjj-setups-and-traps-guide,CRITICAL,Setups And Traps Guide Guide | BJJ Wiki Brasil | BJJ Wiki Brasil,"Setups,Traps,Guide,Guide,Brasil",Setups And Traps Guide Guide,"Setups,Traps,Guide,Guide",Master setups and traps guide for BJJ training and competition.,"Master,setups,traps,guide,training"
bjj-shark-tank-training,CRITICAL,Shark Tank Training Method | BJJ Wiki Brasil,"Shark,Training,Method,Brasil",Shark Tank Training Method | BJJ Wiki Brasil,"Shark,Training,Method,Brasil",Use shark tank training to develop pressure and competition mindset.,"shark,training,develop,pressure,competition"
bjj-shin-to-shin-guard,CRITICAL,Shin to Shin Guard | BJJ Wiki Brasil,"Guard,Brasil",Shin to Shin Guard | BJJ Wiki Brasil,"Guard,Brasil",Advanced shin to shin guard position and attacks.,"Advanced,guard,position,attacks"
bjj-short-grapplers-guide,CRITICAL,BJJ for Shorter Grapplers | BJJ Wiki Brasil,"Shorter,Grapplers,Brasil",BJJ for Shorter Grapplers | BJJ Wiki Brasil,"Shorter,Grapplers,Brasil",Develop techniques suited for smaller frame athletes.,"Develop,techniques,suited,smaller,frame"
bjj-shot-defense-bjj,CRITICAL,Defending Wrestling Shots | BJJ Wiki Brasil | BJJ Wiki,"Defending,Wrestling,Shots,Brasil",Defending Wrestling Shots,"Defending,Wrestling,Shots",Defending against wrestling takedown attempts.,"Defending,against,wrestling,takedown,attempts"
bjj-shoulder-health-bjj,CRITICAL,Shoulder Health for Grapplers | BJJ Wiki Brasil,"Shoulder,Health,Grapplers,Brasil",Shoulder Health for Grapplers,"Shoulder,Health,Grapplers","Prevention, maintenance, and rehabilitation for shoulder injuries","Prevention,maintenance,rehabilitation,shoulder,injuries"
bjj-shoulder-lock-guide,CRITICAL,Guia de Shoulder Locks | BJJ Wiki,"Shoulder,Locks","🦾 Guia de Shoulder Locks (Kimura, Americana, Omoplata)","Shoulder,Locks,Americana,Omoplata","Shoulder locks no BJJ: kimura, americana, omoplata — comparação de mecânica, entradas de cada posição e combinando-os em","Shoulder,locks,americana,omoplata,entradas"
bjj-side-control-attacks,CRITICAL,Ataques do Controle Lateral no BJJ: Finalizações e Transições | BJJ Wiki,"Ataques,Controle,Lateral",⚔️ Ataques do Controle Lateral no BJJ,"Ataques,Controle,Lateral","Guia completo de ataques do controle lateral no BJJ: americana, kimura, triângulo de braço, choke norte-sul e como trans","completo,ataques,controle,lateral,americana"
bjj-side-control-escape-drills,CRITICAL,Side Control Escape Drills | BJJ Wiki Brasil,"Control,Escape,Drills,Brasil",Side Control Escape Drills,"Control,Escape,Drills",Develop side control escape proficiency through structured drilling and partner-based training.,"Develop,control,escape,proficiency,through"
bjj-side-control-escape-far-side,CRITICAL,Side Control Escape Far Side | BJJ Wiki Brasil,"Control,Escape,Brasil",Side Control Escape Far Side,"Control,Escape",Escape side control toward the far side using proper weight distribution and footwork.,"Escape,control,toward,using,proper"
bjj-side-control-escape-frame,CRITICAL,Side Control Escape Frame | BJJ Wiki Brasil,"Control,Escape,Frame,Brasil",Side Control Escape Frame,"Control,Escape,Frame",Master framing techniques for side control escape using proper hand placement and pressure points.,"Master,framing,techniques,control,escape"
bjj-side-control-escape-guard,CRITICAL,Side Control Escape to Guard | BJJ Wiki Brasil,"Control,Escape,Guard,Brasil",Side Control Escape to Guard,"Control,Escape,Guard",Escape side control position into closed guard using proper hip movement and leg control.,"Escape,control,position,closed,guard"
bjj-side-control-escape-guide,CRITICAL,Guia Side Control Escape | Escapar do Side Control | BJJ Wiki Brasil,"Control,Escape,Escapar,Control,Brasil",Domine Esta Técnica,,Learn side control escape strategies. Master guard regain and reversal techniques from side control position.,"Learn,control,escape,strategies,Master"
bjj-side-control-escape-system,CRITICAL,Sistema de Escape do Controle Lateral: Domine Escapes da Montagem Lateral,"Sistema,Escape,Controle,Lateral,Escapes",Sistema de Escape do Controle Lateral,"Sistema,Escape,Controle,Lateral","Guia completo de escape do side control com técnicas de frame, bridge e estratégia de underhook para todos os níveis.","completo,escape,control,frame,bridge"
bjj-side-control-escape-turtle,CRITICAL,Side Control Escape to Turtle | BJJ Wiki Brasil,"Control,Escape,Turtle,Brasil",Side Control Escape to Turtle,"Control,Escape,Turtle",Transition from side control into turtle position using proper body positioning and timing.,"Transition,control,turtle,position,using"
bjj-side-control-escapes,CRITICAL,Guia Completo para Escapar do Controle Lateral,"Completo,Escapar,Controle,Lateral",Guia Completo para Escapar do Controle Lateral,"Completo,Escapar,Controle,Lateral","Domine os escapes de controle lateral: hip escape, underhook escape e técnicas de shoulder drive.","escapes,controle,lateral,escape,underhook"
bjj-side-control-fundamentals,CRITICAL,"Fundamentos do Side Control no BJJ: Controle, Ataques e Transições | BJJ Wiki","Fundamentos,Control,Controle,Ataques",🔲 Fundamentos do Side Control no BJJ,"Fundamentos,Control","Domine o side control no BJJ: distribuição de peso, ataques de finalização, transições para mount e north-south, e preve","control,ataques,mount,north,south"
bjj-side-control-system,CRITICAL,Sistema de Controle Lateral | BJJ Wiki Brasil,"Sistema,Controle,Lateral,Brasil",Sistema de Controle Lateral no BJJ,"Sistema,Controle,Lateral","Sistema completo de controle lateral no BJJ — estabelecer controle, distribuição de peso, transições e finalizações.","Sistema,completo,controle,lateral,estabelecer"
bjj-side-control-top-attacks,CRITICAL,Ataques do Controle Lateral | BJJ Wiki Brasil,"Ataques,Controle,Lateral,Brasil",Ataques do Controle Lateral,"Ataques,Controle,Lateral","Ataques do controle lateral no BJJ — kimura, americana, baseball choke, arm locks e transições para montada e costas.","Ataques,controle,lateral,americana,baseball"
bjj-side-mount-escapes,CRITICAL,Side Mount Escape System | BJJ Wiki Brasil,"Mount,Escape,System,Brasil",Side Mount Escape System | BJJ Wiki Brasil,"Mount,Escape,System,Brasil",Complete system for escaping side mount pressure.,"Complete,system,escaping,mount,pressure"
bjj-side-to-north-south,CRITICAL,Side Control to North-South Position | BJJ Wiki Brasil,"Control,North,South,Position,Brasil",Side Control to North-South Position | BJJ Wiki Brasil,"Control,North,South,Position,Brasil",Transition from side control to north-south for submission setup.,"Transition,control,north,south,submission"
bjj-single-leg-counter-bjj,CRITICAL,Contra Single Leg no BJJ | Técnicas Avançadas | BJJ Wiki Brasil,"Contra,Single,Brasil",Contra Single Leg no BJJ,"Contra,Single","Contra técnicas para single leg: clinch, trips e throws. Pare derrubadas com contraataques.","Contra,single,clinch,trips,throws"
bjj-single-leg-defense-bjj,CRITICAL,Defesa Single Leg no BJJ | Guia Completo | BJJ Wiki Brasil,"Single,Completo,Brasil",Defesa Single Leg no BJJ,Single,"Domine técnicas de defesa single leg, sprawl, whizzer e contras. Aprenda a parar derrubadas.","single,sprawl,whizzer,contras,Aprenda"
bjj-single-leg-guard,CRITICAL,Single Leg Guard Position | BJJ Wiki Brasil,"Single,Guard,Position,Brasil",Single Leg Guard Position,"Single,Guard,Position",Single leg entanglement for leg lock entries and sweeps,"Single,entanglement,entries,sweeps"
bjj-single-leg-takedown,CRITICAL,Single Leg no BJJ: Guia Completo de Finalizações | BJJ Wiki,"Single,Completo",🦵 Guia do Single Leg Takedown,"Single,Takedown","Domine o single leg no BJJ: entradas, finalizações e contra-ataques defensivos.","single,entradas,contra,ataques,defensivos"
bjj-single-leg-x-attacks,CRITICAL,Single Leg X Attacks | BJJ Wiki Brasil,"Single,Attacks,Brasil",Single Leg X Attacks,"Single,Attacks","Master attacking systems from single leg X including sweeps, back takes, and leg attacks.","Master,attacking,systems,single,including"
bjj-single-leg-x-entries,CRITICAL,Single Leg X Entries | BJJ Wiki Brasil,"Single,Entries,Brasil",Single Leg X Entries,"Single,Entries",Enter single leg X-guard from various positions for advanced sweeping and leg attack systems.,"Enter,single,guard,various,positions"
bjj-single-leg-x-guard,CRITICAL,Single Leg X Guard Entries | BJJ Wiki Brasil | BJJ Wiki,"Single,Guard,Entries,Brasil",Single Leg X Guard Entries,"Single,Guard,Entries",How to establish single leg X guard.,"establish,single,guard"
bjj-single-leg-x-system,CRITICAL,Single Leg X System | BJJ Wiki Brasil | BJJ Wiki,"Single,System,Brasil",Single Leg X System,"Single,System",Single leg X guard and leg lock system.,"Single,guard,system"
bjj-single-leg-x,CRITICAL,BJJ Single Leg X (Ashi Garami): A Base dos Ataques de Perna | BJJ Wiki,"Single,Garami,Ataques,Perna",🦵 Single Leg X do BJJ (Ashi Garami),"Single,Garami","Domine o single leg X do BJJ (ashi garami): entrada, controle, ankle lock reto, kneebar e heel hook externo.","single,garami,entrada,controle,ankle"
bjj-sit-up-guard-guide,CRITICAL,Guia Sit Up Guard | Combat Base Guard | BJJ Wiki Brasil,"Guard,Combat,Guard,Brasil",Domine Esta Técnica,,Learn sit up guard and combat base guard. Master maintaining distance and sweeping from standing guard.,"Learn,guard,combat,guard,Master"
bjj-sit-up-sweep-details,CRITICAL,Sit-Up Sweep Details | BJJ Wiki Brasil,"Sweep,Details,Brasil",Sit-Up Sweep Details,"Sweep,Details",Sit-up sweep setups and frame management,"sweep,setups,frame,management"
bjj-sit-up-sweep-guide,CRITICAL,Sit Up Sweep Guide | BJJ Wiki Brasil | BJJ Wiki Brasil,"Sweep,Guide,Brasil,Brasil",Sit Up Sweep Guide,"Sweep,Guide",Master sit up sweep techniques.,"Master,sweep,techniques"
bjj-situational-awareness-bjj,CRITICAL,Situational Awareness Bjj Guide | BJJ Wiki Brasil | BJJ Wiki Brasil,"Situational,Awareness,Guide,Brasil,Brasil",Situational Awareness Bjj Guide,"Situational,Awareness,Guide",Master situational awareness bjj for BJJ training and competition.,"Master,situational,awareness,training,competition"
bjj-sleep-for-bjj,CRITICAL,Sleep For Bjj Guide | BJJ Wiki Brasil | BJJ Wiki Brasil,"Sleep,Guide,Brasil,Brasil",Sleep For Bjj Guide,"Sleep,Guide",Master sleep for bjj for BJJ training and competition.,"Master,sleep,training,competition"
bjj-sleep-performance,CRITICAL,Sono e Performance no BJJ | Como o Descanso Transforma seu Jogo,"Performance,Descanso,Transforma",Sono e Performance no BJJ,Performance,"A ciência do sono para atletas de BJJ: como o sono melhora a retenção de técnicas, tempo de reação, recuperação de lesõe","atletas,melhora,tempo,hormonal"
bjj-sleeve-choke-guide,CRITICAL,Sleeve-Based Chokes | BJJ Wiki Brasil,"Sleeve,Based,Chokes,Brasil",Sleeve-Based Chokes | BJJ Wiki Brasil,"Sleeve,Based,Chokes,Brasil",Develop sleeve choke techniques for gi jiu-jitsu.,"Develop,sleeve,choke,techniques"
bjj-sleeve-grip-guide,CRITICAL,Sleeve Grip Guide: BJJ Fundamentals | BJJ Wiki Brasil,"Sleeve,Guide,Fundamentals,Brasil",Sleeve Grip Guide: BJJ Fundamentals | BJJ Wiki Brasil,"Sleeve,Guide,Fundamentals,Brasil",Learn sleeve grip techniques for guard and standing control.,"Learn,sleeve,techniques,guard,standing"
bjj-smash-passing-details,CRITICAL,Smash Passing Details | BJJ Wiki Brasil,"Smash,Passing,Details,Brasil",Smash Passing Details,"Smash,Passing,Details","Master smash passing technique with proper pressure distribution, footwork, and control sequences.","Master,smash,passing,technique,proper"
bjj-smash-passing-guide,CRITICAL,Guia Smash Pass | BJJ Wiki Brasil,"Smash,Brasil",Smash Passing,"Smash,Passing",Execute smash passes that flatten guards and create unstoppable pressure.,"Execute,smash,passes,flatten,guards"
bjj-snap-down-details,CRITICAL,Detalhes do Snap Down | BJJ Wiki Brasil,"Detalhes,Brasil",Detalhes do Snap Down | BJJ Wiki Brasil,"Detalhes,Brasil",Detalhes do Snap Down técnica BJJ,Detalhes
bjj-solo-drilling-guide,CRITICAL,Guia de Drills Solo | BJJ Wiki Brasil,"Drills,Brasil",Guia de Drills Solo,Drills,"Métodos de drills solo: shadow BJJ, padrões de movimento, desenvolvimento de técnica solo.","drills,shadow,movimento,desenvolvimento"
bjj-solo-drills,CRITICAL,Drills Solo de BJJ: Treine Sozinho e Melhore Mais Rápido | BJJ Wiki,"Drills,Treine,Sozinho,Melhore",🏃 Drills Solo de BJJ,Drills,"Melhores drills solo de BJJ: camarão, granby roll, ponte, hip escape, technical stand-up e mais — melhore seu jogo de mo","Melhores,drills,granby,ponte,escape"
bjj-solo-training-guide,CRITICAL,Guia de Treino Solo para BJJ | BJJ Wiki,Treino,🏠 Guia de Treino Solo para BJJ,Treino,"Guia de treino solo para BJJ: drills de movimento no chão, setups de finalização, sessões de flow e como melhorar técnic","treino,drills,movimento,setups,melhorar"
bjj-sparring-partners-bjj,CRITICAL,Gerenciando Parceiros de Sparring | BJJ Wiki Brasil,"Gerenciando,Parceiros,Sparring,Brasil",Gerenciando Parceiros de Sparring | BJJ Wiki Brasil,"Gerenciando,Parceiros,Sparring,Brasil",Gerenciando Parceiros de Sparring técnica BJJ,"Gerenciando,Parceiros,Sparring"
bjj-sparring-schedule,CRITICAL,Cronograma de Sparring de BJJ: Com Que Frequência Rolar e Recuperar | BJJ Wiki,"Cronograma,Sparring,Rolar,Recuperar",📅 Guia de Cronograma de Sparring de BJJ,"Cronograma,Sparring","Otimize seu cronograma de sparring de BJJ: quantas vezes por semana rolar, gestão de intensidade e equilíbrio entre roun","Otimize,cronograma,sparring,quantas,vezes"
bjj-specific-training-bjj,CRITICAL,Especificidade do Treino de BJJ | BJJ Wiki Brasil,"Especificidade,Treino,Brasil",Especificidade do Treino de BJJ | BJJ Wiki Brasil,"Especificidade,Treino,Brasil",Especificidade do Treino de BJJ técnica BJJ,"Especificidade,Treino"
bjj-speed-advantage-bjj,CRITICAL,Using Speed Advantage in BJJ | BJJ Wiki Brasil,"Using,Speed,Advantage,Brasil",Using Speed Advantage in BJJ | BJJ Wiki Brasil,"Using,Speed,Advantage,Brasil",Desenvolva fast-paced game strategy for speed advantage.,"Desenvolva,paced,strategy,speed,advantage"
bjj-speed-passing-guide,CRITICAL,Guia de Speed Passing | Torreando Pass | BJJ Wiki Brasil,"Speed,Passing,Torreando,Brasil",⚡ Guia de Speed Passing: Torreando & Passes Rápidos,"Speed,Passing,Torreando,Passes",Aprenda speed passing e torreando pass no BJJ. Domine técnicas de passagem rápida e atlética para explosive guard breaks,"Aprenda,speed,passing,torreando,explosive"
bjj-spider-guard-attacks,CRITICAL,Ataques da Guarda Aranha no BJJ | BJJ Wiki,"Ataques,Aranha",🕷️ Ataques da Guarda Aranha no BJJ,"Ataques,Aranha","Domine a guarda aranha no BJJ: combinações de lasso, setups de triângulo, varridas e por que a guarda aranha é uma das m","aranha,lasso,setups,varridas,aranha"
bjj-spider-guard-fundamentals,CRITICAL,Guarda Spider no BJJ: Controle e Ataque com Grips de Manga e Ganchos de Pé | BJJ,"Spider,Controle,Grips,Manga,Ganchos",🕷️ Guarda Spider no BJJ,Spider,"Domine a guarda spider no BJJ: grips de manga, mecânica push-pull, triângulo, armbar e ataques de varrida.","spider,grips,manga,ataques,varrida"
bjj-spider-guard-lasso-combo,CRITICAL,Spider Guard Lasso Combo | BJJ Wiki Brasil,"Spider,Guard,Lasso,Combo,Brasil",Spider Guard Lasso Combo,"Spider,Guard,Lasso,Combo",Combine spider guard with lasso techniques for advanced sweeping and back control systems.,"Combine,spider,guard,lasso,techniques"
bjj-spider-guard-no-gi,CRITICAL,Spider Guard No-Gi | BJJ Wiki Brasil,"Spider,Guard,Brasil",Spider Guard No-Gi,"Spider,Guard",Adapt spider guard concepts to no-gi grappling using body lock grips and pressure-based control methods.,"Adapt,spider,guard,concepts,grappling"
bjj-spider-guard-passing,CRITICAL,Como Passar a Guarda Aranha | BJJ Wiki Brasil,"Passar,Aranha,Brasil",Como Passar a Guarda Aranha | BJJ Wiki Brasil,"Passar,Aranha,Brasil",Como Passar a Guarda Aranha técnica BJJ,"Passar,Aranha"
bjj-spider-guard-sweeps,CRITICAL,Varreduras da Guarda Aranha | BJJ Wiki Brasil,"Varreduras,Aranha,Brasil",Varreduras da Guarda Aranha | BJJ Wiki Brasil,"Varreduras,Aranha,Brasil",Varreduras da Guarda Aranha técnica BJJ,"Varreduras,Aranha"
bjj-spider-guard-system,INFO,Sistema Spider Guard | Controle com Pés | BJJ Wiki Brasil,"Sistema,Spider,Guard,Controle,Brasil",Domine Esta Técnica,,Learn the spider guard system. Master control using foot-on-collar positioning and various sweeps.,"Learn,spider,guard,system,Master"
bjj-spider-guard-variants,CRITICAL,Variantes da Guarda Aranha | BJJ Wiki Brasil,"Variantes,Aranha,Brasil",Variantes da Guarda Aranha | BJJ Wiki Brasil,"Variantes,Aranha,Brasil",Variantes da Guarda Aranha técnica BJJ,"Variantes,Aranha"
bjj-spider-guard,CRITICAL,"Spider Guard no BJJ: Grips, Varridas e Submissões | BJJ Wiki","Spider,Guard,Grips,Varridas",🕷️ Guia do Spider Guard,"Spider,Guard","Domine o spider guard no BJJ: grips de manga, variações de lasso, varridas e setups do triangle.","spider,guard,grips,manga,lasso"
bjj-spin-under-technique,CRITICAL,Spin Under Technique | BJJ Wiki Brasil,"Under,Technique,Brasil",Spin Under Technique | BJJ Wiki Brasil,"Under,Technique,Brasil",Learn spin under technique for escape and guard pull.,"Learn,under,technique,escape,guard"
bjj-sport-psychology,CRITICAL,Psicologia Esportiva no BJJ | Habilidades Mentais para Competidores,"Psicologia,Esportiva,Habilidades,Mentais,Competidores",Psicologia Esportiva no BJJ,"Psicologia,Esportiva","Psicologia esportiva aplicada ao BJJ: rotinas pré-competição, treinamento de estado de fluxo, construção de confiança e ","Psicologia,esportiva,aplicada,rotinas,treinamento"
bjj-sprawl-and-brawl,CRITICAL,Sistema Sprawl and Brawl | Luta Livre no BJJ | BJJ Wiki Brasil,"Sistema,Sprawl,Brawl,Livre,Brasil",Sistema Sprawl and Brawl,"Sistema,Sprawl,Brawl",Aprenda sprawl and brawl: evite derrubadas e controle em pé. Estratégia de luta livre superior.,"Aprenda,sprawl,brawl,evite,derrubadas"
bjj-sprawl-guide-bjj,CRITICAL,Sprawl Technique in BJJ | BJJ Wiki Brasil | BJJ Wiki,"Sprawl,Technique,Brasil",Sprawl Technique in BJJ,"Sprawl,Technique",Fundamental sprawl defense against takedowns.,"sprawl,defense,against,takedowns"
bjj-sprawl-system-guide,CRITICAL,Sprawl System Guide Guide | BJJ Wiki Brasil | BJJ Wiki Brasil,"Sprawl,System,Guide,Guide,Brasil",Sprawl System Guide Guide,"Sprawl,System,Guide,Guide",Master sprawl system guide in BJJ.,"Master,sprawl,system,guide"
bjj-sprawl-to-front-headlock,CRITICAL,Sprawl to Front Headlock | BJJ Wiki Brasil,"Sprawl,Front,Headlock,Brasil",Sprawl to Front Headlock,"Sprawl,Front,Headlock",Defending takedown and transitioning to front headlock,"Defending,takedown,transitioning,front,headlock"
bjj-squid-guard-guide,CRITICAL,Squid Guard Technique | BJJ Wiki Brasil,"Squid,Guard,Technique,Brasil",Squid Guard Technique,"Squid,Guard,Technique",Learn squid guard position. Advanced guard system with unique controls and attacks.,"Learn,squid,guard,position,Advanced"
bjj-stacking-opponent-bjj,CRITICAL,Stacking for Guard Passing | BJJ Wiki Brasil,"Stacking,Guard,Passing,Brasil",Stacking for Guard Passing,"Stacking,Guard,Passing",The complete stacking guide for guard passing. Use stack pressure to flatten and pass the guard.,"complete,stacking,guide,guard,passing"
bjj-stalling-rules-bjj,CRITICAL,Regras de Stalling no BJJ | IBJJF | BJJ Wiki Brasil,"Regras,Stalling,Brasil",Domine Esta Técnica,,Learn stalling rules in IBJJF competition. Master legal vs illegal stalling techniques.,"Learn,stalling,rules,competition,Master"
bjj-stance-footwork-bjj,CRITICAL,Stance and Footwork Guide | BJJ Wiki Brasil | BJJ Wiki,"Stance,Footwork,Guide,Brasil",Stance and Footwork Guide,"Stance,Footwork,Guide",Proper stance and footwork for BJJ stand-up.,"Proper,stance,footwork,stand"
bjj-stiff-arm-frames,INFO,Stiff Arm Frames | Criando Distância | BJJ Wiki Brasil,"Stiff,Frames,Criando,Brasil",Domine Esta Técnica,,Learn stiff arm framing to control distance and prevent submissions. Master pressure management with frames.,"Learn,stiff,framing,control,distance"
bjj-stocky-grapplers-guide,CRITICAL,BJJ for Stocky Builds | BJJ Wiki Brasil,"Stocky,Builds,Brasil",BJJ for Stocky Builds | BJJ Wiki Brasil,"Stocky,Builds,Brasil",Use power and base advantages in your BJJ game.,"power,advantages"
bjj-straight-ankle-lock-finish,CRITICAL,Ankle Lock Finishing Details | BJJ Wiki Brasil,"Ankle,Finishing,Details,Brasil",Ankle Lock Finishing Details | BJJ Wiki Brasil,"Ankle,Finishing,Details,Brasil",Complete guide to ankle lock finishing mechanics.,"Complete,guide,ankle,finishing,mechanics"
bjj-straight-ankle-lock-guide,CRITICAL,Guia de Travamento de Tornozelo Direto,"Travamento,Tornozelo,Direto",Guia de Travamento de Tornozelo Direto | BJJ Wiki Brasil,"Travamento,Tornozelo,Direto,Brasil",Domine o travamento fundamental de tornozelo direto.,"travamento,tornozelo,direto"
bjj-strangle-from-back,INFO,Strangle from Back | Variações de Choke | BJJ Wiki Brasil,"Strangle,Choke,Brasil",Domine Esta Técnica,,"Master strangle variations from back position. Learn RNC, collar chokes, and lapel strangles.","Master,strangle,variations,position,Learn"
bjj-strength-conditioning-program,CRITICAL,Programa de Força e Condicionamento para BJJ | Plano de 12 Semanas,"Programa,Condicionamento,Plano,Semanas",BJJ Strength & Conditioning Program,"Strength,Conditioning,Program","Programa completo de 12 semanas específico para BJJ com periodização. Construa força de wrestling, potência explosiva e ","Programa,completo,semanas,Construa,wrestling"
bjj-strength-in-bjj,CRITICAL,Using Strength Advantages in BJJ | BJJ Wiki Brasil,"Using,Strength,Advantages,Brasil",Using Strength Advantages in BJJ | BJJ Wiki Brasil,"Using,Strength,Advantages,Brasil",Apply your strength effectively without developing bad habits.,"Apply,strength,effectively,without,developing"
bjj-strength-training-bjj,CRITICAL,Strength Training for Grapplers | BJJ Wiki Brasil,"Strength,Training,Grapplers,Brasil",Strength Training for Grapplers | BJJ Wiki Brasil,"Strength,Training,Grapplers,Brasil",Build functional strength for BJJ performance.,"Build,functional,strength,performance"
bjj-stress-management-bjj,CRITICAL,Stress Management Bjj Guide | BJJ Wiki Brasil | BJJ Wiki Brasil,"Stress,Management,Guide,Brasil,Brasil",Stress Management Bjj Guide,"Stress,Management,Guide",Master stress management bjj for BJJ training and competition.,"Master,stress,management,training,competition"
bjj-stripes-system-bjj,CRITICAL,Stripes and Interim Grades | BJJ Wiki Brasil,"Stripes,Interim,Grades,Brasil",Stripes and Interim Grades | BJJ Wiki Brasil,"Stripes,Interim,Grades,Brasil",Understanding stripe system and interim belt grades.,"Understanding,stripe,system,interim,grades"
bjj-style-development-guide,CRITICAL,Guia de Desenvolvimento de Estilo BJJ | BJJ Wiki Brasil,"Desenvolvimento,Estilo,Brasil",Guia de Desenvolvimento de Estilo BJJ,"Desenvolvimento,Estilo",Desenvolva seu estilo BJJ único: entenda atributos e construa sistema pessoal.,"Desenvolva,estilo,entenda,atributos,construa"
bjj-submission-chain-attacks,CRITICAL,Ataques em Cadeia no BJJ | BJJ Wiki,"Ataques,Cadeia",Ataques em Cadeia no BJJ,"Ataques,Cadeia",Como encadear finalizações para sequências de ataque imparáveis,encadear
bjj-submission-defense-system,CRITICAL,Submission Defense System Guide | BJJ Wiki Brasil | BJJ Wiki Brasil,"Submission,Defense,System,Guide,Brasil",Submission Defense System Guide,"Submission,Defense,System,Guide",Master submission defense system for BJJ training and competition.,"Master,submission,defense,system,training"
bjj-submission-flow-drill,CRITICAL,Submission Flow Drilling Method | BJJ Wiki Brasil,"Submission,Drilling,Method,Brasil",Submission Flow Drilling Method,"Submission,Drilling,Method",Drilling methodology for submission chain development,"Drilling,methodology,submission,chain,development"
bjj-submission-hunting-bjj,CRITICAL,Submission Hunting in Competition | BJJ Wiki Brasil,"Submission,Hunting,Competition,Brasil",Submission Hunting in Competition,"Submission,Hunting,Competition",Aggressive submission tactics while maintaining position and managing risk,"Aggressive,submission,tactics,while,maintaining"
bjj-submission-hunting-guide,CRITICAL,Submission Hunting Guide Guide | BJJ Wiki Brasil | BJJ Wiki Brasil,"Submission,Hunting,Guide,Guide,Brasil",Submission Hunting Guide Guide,"Submission,Hunting,Guide,Guide",Master submission hunting guide for BJJ training and competition.,"Master,submission,hunting,guide,training"
bjj-submission-only-rules-guide,CRITICAL,"Guia de Regras do BJJ Submission Only | EBI, Polaris e Mais","Regras,Submission,Polaris",Submission Only BJJ Rules Guide,"Submission,Rules,Guide","Guia completo para formatos de competição submission only incluindo EBI overtime, Polaris e regras de prorrogação.","completo,formatos,submission,incluindo,overtime"
bjj-submission-only-rules,CRITICAL,Regras do BJJ Submission Only | BJJ Wiki,"Regras,Submission",🎖️ Regras do BJJ Submission Only,"Regras,Submission","Regras de BJJ submission only: como funcionam eventos sub-only, formatos de overtime, regras EBI, formato Polaris e dife","Regras,submission,funcionam,eventos,formatos"
bjj-submission-prevention,CRITICAL,Submission Prevention Principles | BJJ Wiki Brasil,"Submission,Prevention,Principles,Brasil",Submission Prevention Principles | BJJ Wiki Brasil,"Submission,Prevention,Principles,Brasil",Core principles for defending submissions across all positions.,"principles,defending,submissions,across,positions"
bjj-submission-resistance,CRITICAL,Submission Resistance and Defense | BJJ Wiki Brasil,"Submission,Resistance,Defense,Brasil",Submission Resistance and Defense,"Submission,Resistance,Defense",Understand submission resistance techniques. Know when to tap and how to defend submissions effectively.,"Understand,submission,resistance,techniques,defend"
bjj-submission-timing-bjj,CRITICAL,Submission Timing in BJJ | BJJ Wiki Brasil,"Submission,Timing,Brasil",Submission Timing in BJJ | BJJ Wiki Brasil,"Submission,Timing,Brasil",Master the critical timing required for submission success.,"Master,critical,timing,required,submission"
bjj-supplement-guide,CRITICAL,Guia de Suplementos para BJJ: O que Realmente Funciona para Grapplers,"Suplementos,Realmente,Funciona,Grapplers",Guia de Suplementos para BJJ,Suplementos,"Guia de suplementos para BJJ baseado em evidências — creatina, proteína, magnésio, ômega-3 e o que pular para economizar","suplementos,baseado,creatina,pular,economizar"
bjj-survival-position-bjj,CRITICAL,Survival Positions in BJJ | BJJ Wiki Brasil,"Survival,Positions,Brasil",Survival Positions in BJJ,"Survival,Positions",Master survival positions to escape top pressure. Essential defensive techniques for all grapplers.,"Master,survival,positions,escape,pressure"
bjj-sweep-fundamentals,CRITICAL,Fundamentos de Varridas no BJJ: Desequilibrar e Converter Guarda em Cima | BJJ W,"Fundamentos,Varridas,Desequilibrar,Converter",↩️ Fundamentos de Varridas no BJJ,"Fundamentos,Varridas","Domine varridas no BJJ: desequilíbrio, timing, hip bump, scissor, elevator e flower sweeps para jogadores de guarda.","varridas,timing,scissor,elevator,flower"
bjj-takedown-defense,CRITICAL,"Defesa de Quedas no BJJ: Sprawl, Bloqueio e Contra-ataques | BJJ Wiki","Quedas,Sprawl,Bloqueio,Contra,ataques",🚧 Guia de Defesa de Quedas no BJJ,Quedas,"Guia completo de defesa de quedas no BJJ: como fazer sprawl contra entradas, defender double/single leg e usar a defesa ","completo,quedas,fazer,sprawl,contra"
bjj-takedown-entries,CRITICAL,Entradas para Quedas no BJJ: Como Fechar a Distância e Atirar | BJJ Wiki,"Entradas,Quedas,Fechar,Atirar",🎯 Entradas para Quedas no BJJ,"Entradas,Quedas","Domine as entradas para quedas no BJJ: mudança de nível, passo de penetração, snap-down e collar drag para duplas e simp","entradas,quedas,passo,collar,duplas"
bjj-takedown-entry-systems,CRITICAL,Sistemas de Entrada para Quedas no BJJ,"Sistemas,Entrada,Quedas",Sistemas de Entrada para Quedas no BJJ,"Sistemas,Entrada,Quedas","Domine os sistemas de entrada para quedas no BJJ: entradas no clinch, passo de penetração, mudança de nível e setups par","sistemas,entrada,quedas,entradas,clinch"
bjj-takedown-to-position,CRITICAL,Takedown to Dominant Position | BJJ Wiki Brasil,"Takedown,Dominant,Position,Brasil",Takedown to Dominant Position,"Takedown,Dominant,Position",Maintaining control and establishing dominant position after takedown,"Maintaining,control,establishing,dominant,position"
bjj-takedown-wrestling-fundamentals,CRITICAL,Fundamentos de Wrestling para BJJ | BJJ Wiki,"Fundamentos,Wrestling",🤼 Fundamentos de Wrestling para BJJ,"Fundamentos,Wrestling","Domine os fundamentos de takedown no BJJ: double leg, single leg, mudança de nível, mão-a-mão e como praticar wrestling ","fundamentos,takedown,double,single,praticar"
bjj-takedowns-for-beginners,CRITICAL,Quedas no BJJ para Iniciantes — 5 Quedas Essenciais para Aprender Primeiro,"Quedas,Iniciantes,Quedas,Essenciais,Aprender",Quedas no BJJ para Iniciantes: Suas Primeiras 5 para Dominar,"Quedas,Iniciantes,Primeiras,Dominar","Melhores quedas de BJJ para iniciantes. Aprenda double leg, single leg, hip throw e mais com instruções passo a passo.","Melhores,quedas,iniciantes,Aprenda,double"
bjj-takedowns-guide,CRITICAL,Guia Completo de Quedas de BJJ (2026) — Jogo de Pé Essencial,"Completo,Quedas,Essencial",Guia Completo de Quedas de BJJ,"Completo,Quedas","Todas as quedas de BJJ competitivo explicadas. De double leg a harai goshi, tudo sobre o jogo de pé.","Todas,quedas,competitivo,explicadas,double"
bjj-taking-back-from-guard,CRITICAL,Taking Back from Guard Position | BJJ Wiki Brasil,"Taking,Guard,Position,Brasil",Taking Back from Guard Position,"Taking,Guard,Position",Back take entries and timing from guard positions,"entries,timing,guard,positions"
bjj-tall-grapplers-guide,CRITICAL,BJJ for Tall Grapplers | BJJ Wiki Brasil,"Grapplers,Brasil",BJJ for Tall Grapplers | BJJ Wiki Brasil,"Grapplers,Brasil",Leverage height advantages in Brazilian Jiu-Jitsu techniques.,"Leverage,height,advantages,techniques"
bjj-tap-early-bjj,CRITICAL,Tapping and Ego in BJJ | BJJ Wiki Brasil,"Tapping,Brasil",Tapping and Ego in BJJ,Tapping,"The importance of tapping early. Ego in BJJ, injury prevention, and becoming a better training partner.","importance,tapping,early,injury,prevention"
bjj-tap-protocols-bjj,CRITICAL,Tapping Protocols and Etiquette | BJJ Wiki Brasil,"Tapping,Protocols,Etiquette,Brasil",Tapping Protocols and Etiquette | BJJ Wiki Brasil,"Tapping,Protocols,Etiquette,Brasil",Proper tapping etiquette and communication in training.,"Proper,tapping,etiquette,communication,training"
bjj-tap-recognition-guide,CRITICAL,Guia de Reconhecimento de Tap BJJ | BJJ Wiki Brasil,"Reconhecimento,Brasil",Guia de Reconhecimento de Tap BJJ,Reconhecimento,"Aprenda reconhecimento de tap: identifique submissões, entenda prevenção de lesão.","Aprenda,reconhecimento,identifique,entenda"
bjj-teach-to-learn-bjj,CRITICAL,Guia de Ensinar para Aprender no BJJ,"Ensinar,Aprender",Guia de Ensinar para Aprender no BJJ | BJJ Wiki Brasil,"Ensinar,Aprender,Brasil",Domine o princípio de ensinar para acelerar aprendizado.,"ensinar,acelerar,aprendizado"
bjj-teaching-bjj,CRITICAL,Teaching BJJ to Others | BJJ Wiki Brasil,"Teaching,Others,Brasil",Teaching BJJ to Others | BJJ Wiki Brasil,"Teaching,Others,Brasil",Guide for teaching BJJ to beginners and students.,"Guide,teaching,beginners,students"
bjj-teaching-coaching-guide,CRITICAL,Guia de Ensino BJJ | BJJ Wiki Brasil,"Ensino,Brasil",Guia de Ensino BJJ,Ensino,"Ensino BJJ: métodos de coaching, entrega de instrução, estratégias de desenvolvimento de alunos.","Ensino,coaching,entrega,desenvolvimento,alunos"
bjj-team-training,CRITICAL,Treino em Equipe de BJJ | BJJ Wiki,"Treino,Equipe",👥 Treino em Equipe de BJJ,"Treino,Equipe","Guia de treino em equipe para BJJ: como estruturar sessões, química de equipe, preparação para camp de competição e cons","treino,equipe,estruturar,equipe,cultura"
bjj-technical-bjj-game,CRITICAL,Technical Precision BJJ Game | BJJ Wiki Brasil,"Technical,Precision,Brasil",Technical Precision BJJ Game,"Technical,Precision",Technical precision focused BJJ game. Technique over strength approach.,"Technical,precision,focused,Technique,strength"
bjj-technical-sweep-guide,INFO,Guia de Varredura Técnica no BJJ,Varredura,Guia de Varredura Técnica no BJJ | BJJ Wiki Brasil,"Varredura,Brasil",Aprenda varreduras precisas que funcionam contra oponentes maiores.,"Aprenda,varreduras,precisas,funcionam,contra"
bjj-tie-up-control-bjj,CRITICAL,Tie-Up Control in BJJ | BJJ Wiki Brasil,"Control,Brasil",Tie-Up Control in BJJ,Control,Muay Thai style tie-up adapted for BJJ grappling exchanges,"style,adapted,grappling,exchanges"
bjj-tight-submissions-bjj,CRITICAL,Getting Tight Submissions | BJJ Wiki Brasil,"Getting,Tight,Submissions,Brasil",Getting Tight Submissions,"Getting,Tight,Submissions",Learn how to make submissions tight and inescapable. Maximize success rate with proper positioning.,"Learn,submissions,tight,inescapable,Maximize"
bjj-time-management-bjj,CRITICAL,Time Management in Competition | BJJ Wiki Brasil,"Management,Competition,Brasil",Time Management in Competition,"Management,Competition","Pacing strategy, energy management, and strategic timing","Pacing,strategy,energy,management,strategic"
bjj-timing-and-reactions,CRITICAL,Timing And Reactions Guide | BJJ Wiki Brasil | BJJ Wiki Brasil,"Timing,Reactions,Guide,Brasil,Brasil",Timing And Reactions Guide,"Timing,Reactions,Guide",Master timing and reactions for BJJ training and competition.,"Master,timing,reactions,training,competition"
bjj-timing-in-bjj,CRITICAL,Timing Development in BJJ | BJJ Wiki Brasil,"Timing,Development,Brasil",Timing Development in BJJ | BJJ Wiki Brasil,"Timing,Development,Brasil",Aprenda to develop proper timing for techniques and counters.,"Aprenda,develop,proper,timing,techniques"
bjj-timing-reactions-guide,CRITICAL,Timing Reactions Guide | BJJ Wiki Brasil | BJJ Wiki Brasil,"Timing,Reactions,Guide,Brasil,Brasil",Timing Reactions Guide,"Timing,Reactions,Guide",Master timing reactions techniques.,"Master,timing,reactions,techniques"
bjj-toe-hold-guide,CRITICAL,Guia do Toe Hold: Ataque no Tornozelo e Joelho,"Tornozelo,Joelho",Guia do Toe Hold: Ataque no Tornozelo e Joelho,"Tornozelo,Joelho","Mecânica do toe hold, setup do grip figure-4, entradas da tartaruga e leg entanglements, combinando toe holds com heel h","setup,figure,entradas,tartaruga,entanglements"
bjj-tomoe-nage-bjj,CRITICAL,Tomoe Nage for BJJ | BJJ Wiki Brasil,"Tomoe,Brasil",Tomoe Nage for BJJ | BJJ Wiki Brasil,"Tomoe,Brasil",Use tomoe nage sweep to reverse mounted opponent.,"tomoe,sweep,reverse,mounted,opponent"
bjj-top-game-concepts,CRITICAL,"Conceitos do Jogo por Cima no BJJ: Pressão, Controle e Ataques | BJJ Wiki","Conceitos,Controle,Ataques",Conceitos do Jogo por Cima no BJJ,Conceitos,"Desenvolva um jogo por cima abrangente no BJJ entendendo distribuição de pressão, manutenção de base, hierarquia posicio","Desenvolva,abrangente,entendendo,hierarquia,posicional"
bjj-top-game-fundamentals,CRITICAL,"Fundamentos do Jogo de Cima no BJJ: Controle, Avanço e Finalização | BJJ Wiki","Fundamentos,Controle",👑 Fundamentos do Jogo de Cima no BJJ,Fundamentos,"Domine o jogo de cima no BJJ: estabeleça side control pesado, avance para o monte e costas e finalize de posições domina","control,pesado,avance,monte,costas"
bjj-top-game-guide,CRITICAL,Guia do Jogo de Cima | BJJ Wiki Brasil,Brasil,Guia do Jogo de Cima,,"Estratégia completa do jogo de cima: controle, passagem e submissões de posições dominantes.","controle,dominantes"
bjj-top-game-plan,CRITICAL,Top Game Plan Guide | BJJ Wiki Brasil | BJJ Wiki Brasil,"Guide,Brasil,Brasil",Top Game Plan Guide,Guide,Master top game plan for BJJ training and competition.,"Master,training,competition"
bjj-top-game-system,CRITICAL,Sistema Completo de Jogo por Cima no BJJ | BJJ Wiki,"Sistema,Completo",🔝 Sistema Completo de Jogo por Cima no BJJ,"Sistema,Completo","O sistema completo de jogo por cima no BJJ: hierarquia posicional, princípios de pressão, caça de finalizações por cima ","sistema,completo,hierarquia,posicional,conectando"
bjj-top-half-guard-guide,CRITICAL,Top Half Guard Passing | BJJ Wiki Brasil | BJJ Wiki,"Guard,Passing,Brasil",Top Half Guard Passing,"Guard,Passing",Techniques for controlling and passing half guard.,"Techniques,controlling,passing,guard"
bjj-top-pressure-guide,CRITICAL,Guia Pressao Superior | BJJ Wiki Brasil,"Pressao,Superior,Brasil",Top Pressure,Pressure,Apply devastating top pressure that controls and exhausts opponents systematically.,"Apply,devastating,pressure,controls,exhausts"
bjj-top-to-back-transition,CRITICAL,Top to Back Control Transition | BJJ Wiki Brasil,"Control,Transition,Brasil",Top to Back Control Transition | BJJ Wiki Brasil,"Control,Transition,Brasil",Move from top position to back control for better submission opportunities.,"position,control,better,submission,opportunities"
bjj-toreando-pass-system,CRITICAL,Sistema Toreando Pass no BJJ | Variações e Detalhes,"Sistema,Toreando,Detalhes",Sistema Toreando Pass no BJJ,"Sistema,Toreando","Guia completo do toreando pass no BJJ: variações de pegada, movimento de quadril, bloqueando quadril do guardeiro.","completo,toreando,pegada,movimento,quadril"
bjj-toreando-variations,CRITICAL,Toreando Pass Variations | BJJ Wiki Brasil,"Toreando,Variations,Brasil",Toreando Pass Variations | BJJ Wiki Brasil,"Toreando,Variations,Brasil",Advanced variations of the toreando guard pass technique.,"Advanced,variations,toreando,guard,technique"
bjj-tornado-guard-guide,CRITICAL,Tornado Guard System | BJJ Wiki Brasil,"Tornado,Guard,System,Brasil",Tornado Guard System,"Tornado,Guard,System",Master tornado guard technique. Advanced open guard position for sweeps and submissions.,"Master,tornado,guard,technique,Advanced"
bjj-tornado-guard,CRITICAL,Tornado Guard: Sistema de Tomada de Costas com Rolamento,"Tornado,Guard,Sistema,Tomada,Costas",Tornado Guard: Sistema de Tomada de Costas com Rolamento,"Tornado,Guard,Sistema,Tomada,Costas","Mecânica do tornado guard — tomada de costas com rolamento da guarda aberta, entradas e timing, finalização da tomada de","tornado,guard,tomada,costas,rolamento"
bjj-tournament-bracket-guide,CRITICAL,Guia de Seeding e Bracket de Torneio,"Seeding,Bracket,Torneio",Guia de Seeding e Bracket de Torneio,"Seeding,Bracket,Torneio","Aprenda formatos de torneio, brackets e sistemas de seeding. Domine estrutura de competição.","Aprenda,formatos,torneio,brackets,sistemas"
bjj-tournament-bracket-strategy,CRITICAL,Tournament Bracket Strategy | BJJ Wiki Brasil,"Tournament,Bracket,Strategy,Brasil",Tournament Bracket Strategy | BJJ Wiki Brasil,"Tournament,Bracket,Strategy,Brasil",Master strategic bracket navigation in tournaments.,"Master,strategic,bracket,navigation,tournaments"
bjj-training-equipment-guide,CRITICAL,"Guia de Equipamento de Treinamento BJJ: Tapetes, Dummies, Bolsas e Equipamentos ","Equipamento,Treinamento,Tapetes,Dummies,Bolsas","Guia de Equipamento de Treinamento BJJ: Tapetes, Dummies, Bolsas e Equipamentos","Equipamento,Treinamento,Tapetes,Dummies,Bolsas","Guia completo de equipamento de treinamento BJJ: dummies de grappling, tapetes de treinamento, bolsas de equipamento, eq","completo,equipamento,treinamento,dummies,grappling"
bjj-training-intensity-guide,CRITICAL,Intensidade do Treinamento de BJJ: Gerenciando o Esforço para Progresso | BJJ Wi,"Intensidade,Treinamento,Gerenciando,Progresso",Gerenciamento da Intensidade do Treinamento de BJJ,"Gerenciamento,Intensidade,Treinamento","Aprenda a calibrar a intensidade do treinamento de BJJ através de periodização, flow rolling versus drilling intenso e g","Aprenda,calibrar,intensidade,treinamento,rolling"
bjj-training-partners-guide,CRITICAL,Ser um Bom Parceiro de Treino: Guia,"Parceiro,Treino",Ser um Bom Parceiro de Treino: Guia,"Parceiro,Treino",Aprenda a ser um bom parceiro de treino de BJJ.,"Aprenda,parceiro,treino"
bjj-training-philosophy,CRITICAL,BJJ Training Philosophy | BJJ Wiki Brasil,"Training,Philosophy,Brasil",BJJ Training Philosophy,"Training,Philosophy","Core principles of BJJ training philosophy. Approach, mindset, and long-term development.","principles,training,philosophy,Approach,mindset"
bjj-training-with-beginners,CRITICAL,Treinando com Iniciantes | BJJ Wiki Brasil,"Treinando,Iniciantes,Brasil",Treinando com Iniciantes | BJJ Wiki Brasil,"Treinando,Iniciantes,Brasil",Treinando com Iniciantes técnica BJJ,"Treinando,Iniciantes"
bjj-trap-and-roll-escape,CRITICAL,Trap and Roll Mount Escape | BJJ Wiki Brasil,"Mount,Escape,Brasil",Trap and Roll Mount Escape | BJJ Wiki Brasil,"Mount,Escape,Brasil",Learn trap and roll escape for mount position.,"Learn,escape,mount,position"
bjj-travel-guide,CRITICAL,Guia de Viagem BJJ | BJJ Wiki Brasil,"Viagem,Brasil",Guia de Viagem BJJ,Viagem,"Viagem BJJ: visitando academias no mundo, open mats, seminários, experiências culturais.","Viagem,visitando,academias,mundo,culturais"
bjj-travel-training,CRITICAL,Treino Viajante de BJJ: Como Treinar em Qualquer Academia no Mundo,"Treino,Viajante,Treinar,Qualquer,Academia",Treino Viajante de BJJ,"Treino,Viajante","Tudo que você precisa saber sobre treinar BJJ viajando — políticas de visitante, etiqueta, o que empacotar e encontrar o","precisa,saber,sobre,treinar,viajando"
bjj-triangle-choke-details,CRITICAL,Triangle Choke Fine Details | BJJ Wiki Brasil,"Choke,Details,Brasil",Triangle Choke Fine Details | BJJ Wiki Brasil,"Choke,Details,Brasil",Domine triangle choke details and setup variations.,"choke,details,setup,variations"
bjj-triangle-choke-system,CRITICAL,Sistema de Triangle Choke no BJJ | Setups e Finalizações,"Sistema,Choke,Setups",Sistema de Triangle Choke no BJJ,"Sistema,Choke","Sistema completo de triangle choke no BJJ: setups da guarda, variações arm-in, combos com omoplata e contra-ataques.","Sistema,completo,choke,setups,combos"
bjj-triangle-defense-guide,CRITICAL,Guia de Defesa contra Triangle | Técnicas | BJJ Wiki Brasil,"contra,Brasil",Guia de Defesa contra Triangle,contra,"Domine defesa contra triangle choke. Aprenda prevenção, controle de postura e escapes.","contra,choke,Aprenda,controle,postura"
bjj-triangle-finish-guide,CRITICAL,Triangle Finish Guide | BJJ Wiki Brasil,"Finish,Guide,Brasil",Triangle Finish Guide,"Finish,Guide","Execute precise triangle finishes using proper leg placement, hip positioning, and pressure mechanics.","Execute,precise,finishes,using,proper"
bjj-triangle-from-back-details,CRITICAL,Triangle From Back Details | BJJ Wiki Brasil,"Details,Brasil",Triangle From Back Details,Details,Apply triangle chokes from back control position using proper leg configuration and timing.,"Apply,chokes,control,position,using"
bjj-triangle-setup-guide,CRITICAL,Triangle Setup Guide | BJJ Wiki Brasil | BJJ Wiki Brasil,"Setup,Guide,Brasil,Brasil",Triangle Setup Guide,"Setup,Guide",Master triangle setup techniques.,"Master,setup,techniques"
bjj-triangle-to-omoplata-flow,CRITICAL,Triangle to Omoplata Flow | BJJ Wiki Brasil,"Omoplata,Brasil",Triangle to Omoplata Flow,Omoplata,Submission chain from triangle to omoplata attacks,"Submission,chain,omoplata,attacks"
bjj-triangle-variations-guide,CRITICAL,Triangle Variations Guide | BJJ Wiki Brasil,"Variations,Guide,Brasil",Triangle Variations Guide,"Variations,Guide","Master variations of triangle chokes including inverted, omoplata transitions, and advanced combinations.","Master,variations,chokes,including,inverted"
bjj-tripod-pass-guide,CRITICAL,Tripod Pass Guide Guide | BJJ Wiki Brasil | BJJ Wiki Brasil,"Tripod,Guide,Guide,Brasil,Brasil",Tripod Pass Guide Guide,"Tripod,Guide,Guide",Master tripod pass guide in BJJ.,"Master,tripod,guide"
bjj-tripod-sweep-guide,INFO,Guia Tripod Sweep | Sweep em Pé | BJJ Wiki Brasil,"Tripod,Sweep,Sweep,Brasil",Domine Esta Técnica,,Learn the tripod sweep from open guard. Master standing position control and sweep mechanics.,"Learn,tripod,sweep,guard,Master"
bjj-trips-and-throws-bjj,CRITICAL,Trips and Throws for BJJ | BJJ Wiki Brasil,"Trips,Throws,Brasil",Trips and Throws for BJJ,"Trips,Throws","BJJ-effective trips, throws, and standup takedowns","effective,trips,throws,standup,takedowns"
bjj-truck-position-guide,CRITICAL,Truck Position Guide | BJJ Wiki Brasil,"Truck,Position,Guide,Brasil",Truck Position Guide,"Truck,Position,Guide",Complete truck position system. Calf slicer base and advanced leg lock positions.,"Complete,truck,position,system,slicer"
bjj-truck-position-system,CRITICAL,Sistema Truck Position no BJJ | Back Door e Ataques de Submissão,"Sistema,Truck,Position,Ataques",Sistema Truck Position no BJJ,"Sistema,Truck,Position","A posição truck no BJJ: entradas da tartaruga, ameaça do electric chair, calf slicer, back take e detalhes do twister su","truck,entradas,tartaruga,electric,chair"
bjj-turtle-attacks-guide,CRITICAL,Guia de Ataques do Turtle | BJJ Wiki Brasil,"Ataques,Turtle,Brasil",Guia de Ataques do Turtle,"Ataques,Turtle","Ataques do turtle no BJJ — tomada de costas, setup do seat belt, clock choke, bow and arrow e body fold takedown.","Ataques,turtle,tomada,costas,setup"
bjj-turtle-defense-guide,CRITICAL,Turtle Defense Guide Guide | BJJ Wiki Brasil | BJJ Wiki Brasil,"Turtle,Defense,Guide,Guide,Brasil",Turtle Defense Guide Guide,"Turtle,Defense,Guide,Guide",Master turtle defense guide for BJJ training and competition.,"Master,turtle,defense,guide,training"
bjj-turtle-survival-guide,CRITICAL,Guia de Sobrevivência de Tartaruga | BJJ Wiki Brasil,"Tartaruga,Brasil",Turtle Survival Guide,"Turtle,Survival,Guide","Posição tartaruga: prevenir back takes, defender ataques de pescoço, escapar","tartaruga,prevenir,takes,defender,ataques"
bjj-turtle-top-attacks-guide,CRITICAL,Guia de Ataques de Tartaruga no Topo | Controlando a Tartaruga | BJJ Wiki Brasil,"Ataques,Tartaruga,Controlando,Tartaruga,Brasil",Guia de Ataques de Tartaruga no Topo | Controlando a Tartaruga | BJJ Wiki Brasil,"Ataques,Tartaruga,Controlando,Tartaruga,Brasil","Domine ataque da posição de tartaruga: pressão eficaz, controle de costa, e oportunidades de submissão.","tartaruga,eficaz,controle,costa,oportunidades"
bjj-turtle-top-attacks,INFO,Ataques pelo Topo na Posição Tartaruga no BJJ,"Ataques,Tartaruga",Ataques pelo Topo na Posição Tartaruga no BJJ,"Ataques,Tartaruga","Como desmontar a tartaruga e atacar com estrangulamentos, tomada de costas e mais","desmontar,tartaruga,atacar,estrangulamentos,tomada"
bjj-twister-setup-guide,CRITICAL,Guia de Setup de Twister,"Setup,Twister",Guia de Setup de Twister | BJJ Wiki Brasil,"Setup,Twister,Brasil",Aprenda o setup do twister.,"Aprenda,setup,twister"
bjj-twister-side-control,CRITICAL,Twister Side Control | BJJ Wiki Brasil,"Twister,Control,Brasil",Twister Side Control,"Twister,Control",Master twister position from side control. Neck and spine manipulation technique.,"Master,twister,position,control,spine"
bjj-twister-system,CRITICAL,Sistema Twister no BJJ — Chave Espinhal de Eddie Bravo & Cadeia de Ataques,"Sistema,Twister,Chave,Espinhal,Eddie",Sistema Twister no BJJ,"Sistema,Twister","Guia completo do sistema twister incluindo twister side control, truck position, electric chair e a finalização twister ","completo,sistema,twister,incluindo,twister"
bjj-two-on-one-arm-control,CRITICAL,2-on-1 Arm Control System | BJJ Wiki Brasil,"Control,System,Brasil",2-on-1 Arm Control System,"Control,System",Complete 2-on-1 arm control guide. Dominant clinch position for throws and takedowns.,"Complete,control,guide,Dominant,clinch"
bjj-two-on-one-bjj,CRITICAL,Two-on-One Grip for BJJ | BJJ Wiki Brasil | BJJ Wiki,Brasil,Two-on-One Grip for BJJ,,Wrestling control: two-on-one grip technique.,"Wrestling,control,technique"
bjj-two-on-one-guard,CRITICAL,Two On One Guard Guide | BJJ Wiki Brasil | BJJ Wiki Brasil,"Guard,Guide,Brasil,Brasil",Two On One Guard Guide,"Guard,Guide",Master two on one guard in BJJ.,"Master,guard"
bjj-two-on-one-guide,CRITICAL,Guia de Grip Dois-contra-Um,contra,Guia de Grip Dois-contra-Um | BJJ Wiki Brasil,"contra,Brasil",Domine o grip dois-contra-um para armadilhas.,"contra,armadilhas"
bjj-uchi-mata-guide,CRITICAL,Uchi Mata for BJJ | BJJ Wiki Brasil | BJJ Wiki,Brasil,Uchi Mata for BJJ,,Judo throw: uchi mata technique for BJJ.,"throw,technique"
bjj-ufc-bjj-influence,CRITICAL,Impacto do BJJ no UFC & MMA,Impacto,Impacto do BJJ no UFC & MMA,Impacto,Explore como BJJ transformou MMA e UFC e por que grappling domina competição moderna.,"Explore,transformou,grappling,domina"
bjj-under-the-stack-escape,CRITICAL,Escaping While Being Stacked | BJJ Wiki Brasil,"Escaping,While,Being,Stacked,Brasil",Escaping While Being Stacked,"Escaping,While,Being,Stacked",Guard recovery from stacked closed guard and half guard positions,"Guard,recovery,stacked,closed,guard"
bjj-underhook-guard,CRITICAL,Underhook Guard Position | BJJ Wiki Brasil,"Underhook,Guard,Position,Brasil",Underhook Guard Position,"Underhook,Guard,Position",Underhook guard mechanics for upper body control,"Underhook,guard,mechanics,upper,control"
bjj-underhook-half-details,CRITICAL,Detalhes do Underhook na Meia-Guarda | BJJ Wiki Brasil,"Detalhes,Underhook,Brasil",Detalhes do Underhook na Meia-Guarda | BJJ Wiki Brasil,"Detalhes,Underhook,Brasil",Detalhes do Underhook na Meia-Guarda técnica BJJ,"Detalhes,Underhook"
bjj-underhook-pass-guide,CRITICAL,Underhook Pass Guide Guide | BJJ Wiki Brasil | BJJ Wiki Brasil,"Underhook,Guide,Guide,Brasil,Brasil",Underhook Pass Guide Guide,"Underhook,Guide,Guide",Master underhook pass guide in BJJ.,"Master,underhook,guide"
bjj-underhook-system-bjj,CRITICAL,Underhook Control System | BJJ Wiki Brasil,"Underhook,Control,System,Brasil",Underhook Control System,"Underhook,Control,System",Master underhook fundamentals. Dominant arm position for control and transitions.,"Master,underhook,fundamentals,Dominant,position"
bjj-underhook-to-back,CRITICAL,Underhook Battle to Back Control | BJJ Wiki Brasil,"Underhook,Battle,Control,Brasil",Underhook Battle to Back Control,"Underhook,Battle,Control",Using underhook control to establish back mount,"Using,underhook,control,establish,mount"
bjj-upa-escape-guide,CRITICAL,Upa (Bridge and Roll): Escape da Montagem no BJJ | BJJ Wiki Brasil,"Bridge,Escape,Montagem,Brasil",Upa (Bridge and Roll): Escape da Montagem no BJJ,"Bridge,Escape,Montagem","Escape upa da montagem — mecânica bridge and roll, prender o braço, timing contra mudanças de peso e encadeamento com el","Escape,montagem,bridge,prender,timing"
bjj-upa-variations-guide,CRITICAL,Upa Bridge Variations | BJJ Wiki Brasil,"Bridge,Variations,Brasil",Upa Bridge Variations | BJJ Wiki Brasil,"Bridge,Variations,Brasil",Develop variations of the upa bridge escape.,"Develop,variations,bridge,escape"
bjj-visualization-bjj,CRITICAL,Visualization Techniques for BJJ | BJJ Wiki Brasil,"Visualization,Techniques,Brasil",Visualization Techniques for BJJ | BJJ Wiki Brasil,"Visualization,Techniques,Brasil",Use mental imagery to improve technique execution and confidence.,"mental,imagery,improve,technique,execution"
bjj-von-flue-choke-guide,CRITICAL,Guia de Choque Von Flue: Contra-ataque de Controle das Costas,"Choque,Contra,Controle,Costas",Guia de Choque Von Flue: Contra-ataque de Controle das Costas,"Choque,Contra,Controle,Costas",Aprenda o choque Von Flue como defesa do RNC com variações de grip e escapes de submission.,"Aprenda,choque,escapes,submission"
bjj-waiter-sweep-guide,CRITICAL,Guia do Waiter Sweep | BJJ Wiki,"Waiter,Sweep",🍽️ Guia do Waiter Sweep,"Waiter,Sweep","O waiter sweep no BJJ: setup do single-leg X e ashi garami, mecânica, contra-ataques e aplicações em competição em todos","waiter,sweep,setup,single,garami"
bjj-waiter-sweep-system,CRITICAL,Waiter Sweep System | BJJ Wiki Brasil | BJJ Wiki,"Waiter,Sweep,System,Brasil",Waiter Sweep System,"Waiter,Sweep,System",Waiter sweep setup and execution.,"Waiter,sweep,setup,execution"
bjj-warm-up-drills,CRITICAL,Drills de Aquecimento para BJJ | BJJ Wiki,"Drills,Aquecimento",🔥 Drills de Aquecimento para BJJ,"Drills,Aquecimento","Guia completo de aquecimento para BJJ: preparação de movimento, mobilização articular e padrões específicos do esporte p","completo,aquecimento,movimento,articular,esporte"
bjj-warm-up-importance,CRITICAL,Importance of Warm-Up | BJJ Wiki Brasil,"Importance,Brasil",Importance of Warm-Up | BJJ Wiki Brasil,"Importance,Brasil",Why warm-up is crucial for safe and effective training.,"crucial,effective,training"
bjj-warm-up-routine,CRITICAL,Aquecimento para BJJ | O Protocolo de 10 Minutos para Evitar Lesões,"Aquecimento,Protocolo,Minutos,Evitar",Aquecimento para BJJ: Guia Completo,"Aquecimento,Completo",O melhor aquecimento para BJJ para prevenir lesões e preparar seu corpo. Protocolo de 10 minutos usado por faixas pretas,"melhor,aquecimento,prevenir,preparar,corpo"
bjj-weight-advantage-bjj,CRITICAL,Using Weight Advantage in BJJ | BJJ Wiki Brasil,"Using,Weight,Advantage,Brasil",Using Weight Advantage in BJJ | BJJ Wiki Brasil,"Using,Weight,Advantage,Brasil",Leverage weight effectively in BJJ without athleticism.,"Leverage,weight,effectively,without,athleticism"
bjj-weight-class-bjj,CRITICAL,Competindo na Sua Categoria | BJJ Wiki Brasil,"Competindo,Categoria,Brasil",Competindo na Sua Categoria | BJJ Wiki Brasil,"Competindo,Categoria,Brasil",Competindo na Sua Categoria técnica BJJ,"Competindo,Categoria"
bjj-weight-classes-guide,CRITICAL,Guia de Categorias de Peso do BJJ | BJJ Wiki,Categorias,⚖️ Guia de Categorias de Peso do BJJ,Categorias,"Guia de categorias de peso do BJJ: divisões IBJJF para gi e no-gi, corte de peso seguro e como escolher a divisão certa ","categorias,corte,seguro,escolher,certa"
bjj-weight-cutting,CRITICAL,Guia de Cutting de Peso no BJJ — Desidratação Segura e Prep para Competição,"Cutting,Segura",Cutting de Peso no BJJ: O Guia Completo,"Cutting,Completo","Guia científico de cutting de peso para BJJ. Protocolo seguro de desidratação, reidratação e nutrição no dia da pesagem.","cutting,Protocolo,seguro,pesagem"
bjj-weight-distribution-guide,CRITICAL,Guia Weight Distribution | Controle de Cima | BJJ Wiki Brasil,"Weight,Distribution,Controle,Brasil",Domine Esta Técnica,,Learn weight distribution for maximum control. Master pressure application and balance maintenance.,"Learn,weight,distribution,maximum,control"
bjj-whizzer-guide,CRITICAL,Whizzer Guide Guide | BJJ Wiki Brasil | BJJ Wiki Brasil,"Whizzer,Guide,Guide,Brasil,Brasil",Whizzer Guide Guide,"Whizzer,Guide,Guide",Master whizzer guide in BJJ.,"Master,whizzer,guide"
bjj-whizzer-half-guard,CRITICAL,Whizzer na Meia-Guarda | BJJ Wiki Brasil,"Whizzer,Brasil",Whizzer na Meia-Guarda | BJJ Wiki Brasil,"Whizzer,Brasil",Whizzer na Meia-Guarda técnica BJJ,Whizzer
bjj-winning-mindset-guide,CRITICAL,Guia de Mentalidade | BJJ Wiki Brasil,"Mentalidade,Brasil",Winning Mindset,"Winning,Mindset",Develop winning mindset and psychological edge to dominate opponents in competition.,"Develop,winning,mindset,psychological,dominate"
bjj-winning-on-points,CRITICAL,Winning on Points Strategy | BJJ Wiki Brasil,"Winning,Points,Strategy,Brasil",Winning on Points Strategy,"Winning,Points,Strategy","Point-based strategy for competition with sweep, takedown, and position tactics","Point,based,strategy,competition,sweep"
bjj-worm-guard-guide,CRITICAL,Guia da Guarda Worm no BJJ — Sistema de Controle de Lapela e Varreduras,"Sistema,Controle,Lapela,Varreduras","Guia da Guarda Worm no BJJ — Controle de Lapela, Varreduras e Costas","Controle,Lapela,Varreduras,Costas","Guia completo da guarda worm no BJJ — mecânica do enrolamento da lapela, desequilibrando o oponente e sequências de varr","completo,enrolamento,lapela,desequilibrando,oponente"
bjj-worm-guard-system,CRITICAL,Sistema Worm Guard no BJJ | Controle de Lapela e Finalizações,"Sistema,Guard,Controle,Lapela",Sistema Worm Guard no BJJ,"Sistema,Guard","O sistema worm guard no BJJ: mecânica de lapela, pendulum sweep, triangle, ataques de omoplata desta guarda única.","sistema,guard,lapela,pendulum,sweep"
bjj-worm-guard,CRITICAL,Worm Guard: Sistema de Lapela de Keenan Cornelius,"Guard,Sistema,Lapela,Keenan,Cornelius",Worm Guard: Sistema de Lapela de Keenan Cornelius,"Guard,Sistema,Lapela,Keenan,Cornelius","Mecânica do worm guard de Keenan Cornelius — enrolamento de lapela, entradas da De La Riva, omoplata, triângulo e defesa","guard,Keenan,Cornelius,enrolamento,lapela"
bjj-wrestling-for-bjj-guide,CRITICAL,Guia de Luta Livre para BJJ | BJJ Wiki,Livre,Guia de Luta Livre para BJJ,Livre,"Técnicas essenciais de luta livre para BJJ — double leg, single leg, snap down, mudanças de nível e defesa de quedas par","essenciais,livre,double,single,quedas"
bjj-wrestling-for-bjj,CRITICAL,Luta Livre para BJJ — Como Integrar Quedas ao Seu Jogo de Jiu-Jitsu,"Livre,Integrar,Quedas",Luta Livre para BJJ — Como Integrar Quedas ao Seu Jogo de Jiu-Jitsu,"Livre,Integrar,Quedas","Aprenda a usar técnicas de luta livre no BJJ incluindo double legs, single legs, foot sweeps e clinch work para melhorar","Aprenda,livre,incluindo,double,single"
bjj-wrestling-takedown-for-bjj,CRITICAL,Quedas de Luta Livre para BJJ — Guia Completo de Integração,"Quedas,Livre,Completo",Quedas de Luta Livre para o BJJ,"Quedas,Livre","Domine as quedas de luta livre para competição de BJJ. Aprenda double leg, single leg, trips e como integrar ataques de ","quedas,livre,Aprenda,double,single"
bjj-wrestling-ties-guide,CRITICAL,"Wrestling Ties para BJJ: Collar Tie, Underhook, Overhook","Wrestling,Collar,Underhook,Overhook","Wrestling Ties para BJJ: Collar Tie, Underhook, Overhook","Wrestling,Collar,Underhook,Overhook","Tie-ups de wrestling para BJJ — collar tie, batalha de underhook, overhook (whizzer), body lock e como usá-los para conf","wrestling,collar,batalha,underhook,overhook"
bjj-wrist-control-bjj,CRITICAL,Wrist Control Techniques | BJJ Wiki Brasil,"Wrist,Control,Techniques,Brasil",Wrist Control Techniques,"Wrist,Control,Techniques",Wrist control fundamentals for guard retention and position security,"Wrist,control,fundamentals,guard,retention"
bjj-wrist-control-guide,CRITICAL,Guia de Controle de Pulso no BJJ,"Controle,Pulso",Guia de Controle de Pulso no BJJ | BJJ Wiki Brasil,"Controle,Pulso,Brasil",Aprenda o controle de pulso essencial.,"Aprenda,controle,pulso,essencial"
bjj-wrist-lock-complete,CRITICAL,Chaves de Pulso no BJJ — Guia Completo do Sistema,"Chaves,Pulso,Completo,Sistema",Sistema Completo de Chaves de Pulso no BJJ,"Sistema,Completo,Chaves,Pulso","Domine as chaves de pulso no BJJ de todas as posições. Aprenda mecânicas de setup, considerações de regras e como integr","chaves,pulso,todas,Aprenda,setup"
bjj-wrist-lock-guide,CRITICAL,Wrist Lock em BJJ — Guia Completo | BJJ Wiki Brasil | BJJ Wiki,"Wrist,Completo,Brasil",Wrist Lock — Guia Completo de Submissão,"Wrist,Completo","Técnicas de wrist lock: mecânica, variações legais e defesas em BJJ.","wrist,legais,defesas"
bjj-wrist-locks,CRITICAL,Chaves de Pulso no BJJ: A Submission Oculta | BJJ Wiki,"Chaves,Pulso,Submission,Oculta",✋ Chaves de Pulso no BJJ,"Chaves,Pulso","Aprenda chaves de pulso no BJJ: como aplicá-las da guarda, mount e em pé, por que funcionam como submissions surpresa e ","Aprenda,chaves,pulso,mount,funcionam"
bjj-x-guard-back-take,CRITICAL,X-Guard Back Take | BJJ Wiki Brasil,"Guard,Brasil",X-Guard Back Take,Guard,Transition from X-guard to back control using proper hip positioning and seat belt grip sequencing.,"Transition,guard,control,using,proper"
bjj-x-guard-entries-guide,CRITICAL,Guia de Entradas X-Guard | Estabelecendo X-Guard | BJJ Wiki Brasil,"Entradas,Guard,Estabelecendo,Guard,Brasil",Guia de Entradas X-Guard,"Entradas,Guard",Domine entradas X-guard: formas eficazes de estabelecer X-guard de várias posições.,"entradas,guard,formas,eficazes,estabelecer"
bjj-x-guard-entries,CRITICAL,X-Guard Entries | BJJ Wiki Brasil,"Guard,Entries,Brasil",X-Guard Entries,"Guard,Entries","Master entry points into X-guard from standing, seated, and transitional positions with proper foot placement.","Master,entry,points,guard,standing"
bjj-x-guard-fundamentals,CRITICAL,Fundamentos da X-Guard no BJJ: Varridas e Costas da X-Guard | BJJ Wiki,"Fundamentos,Guard,Varridas,Costas,Guard",✖️ X-Guard no BJJ,Guard,"Domine a X-guard no BJJ: entrada, mecânica de varridas, tomada de costas e transição da borboleta para X-guard.","guard,entrada,varridas,tomada,costas"
bjj-x-guard-leg-attacks,CRITICAL,X-Guard Leg Attacks | BJJ Wiki Brasil,"Guard,Attacks,Brasil",X-Guard Leg Attacks,"Guard,Attacks","Attack the leg from X-guard including heel hooks, leg locks, and advanced foot lock combinations.","Attack,guard,including,hooks,locks"
bjj-x-guard-single-leg,CRITICAL,X-Guard para Single-Leg | Transição para o Topo | BJJ Wiki Brasil,"Guard,Single,Brasil",X-Guard para Single-Leg Takedown,"Guard,Single,Takedown",Aprenda transições X-guard single-leg: sequências de derrubada de guarda para topo.,"Aprenda,guard,single,derrubada"
bjj-x-guard-sweep-system,CRITICAL,Sistema de Varredura X-Guard | Múltiplas Opções | BJJ Wiki Brasil,"Sistema,Varredura,Guard,Brasil",Sistema de Varredura X-Guard,"Sistema,Varredura,Guard",Domine varreduras X-guard: múltiplas técnicas de varredura de alta porcentagem do X-guard.,"varreduras,guard,varredura,porcentagem,guard"
bjj-x-guard-sweeps,CRITICAL,X-Guard Sweeps | BJJ Wiki Brasil,"Guard,Sweeps,Brasil",X-Guard Sweeps,"Guard,Sweeps",Execute powerful X-guard sweeps using leg angles and upper body control for guard reversals.,"Execute,powerful,guard,sweeps,using"
bjj-x-guard,CRITICAL,X-Guard no BJJ: Sistema Completo de Varridas | BJJ Wiki,"Guard,Sistema,Completo,Varridas",✖️ Guia do X-Guard,Guard,"Domine o X-guard no BJJ: entrada, single leg X, varridas e mecânica de elevação.","guard,entrada,single,varridas"
bjj-x-pass-guide,CRITICAL,X-Pass Technique Guide | BJJ Wiki Brasil | BJJ Wiki,"Technique,Guide,Brasil",X-Pass Technique Guide,"Technique,Guide",X-pass guard passing technique.,"guard,passing,technique"
bjj-z-guard-guide,CRITICAL,Z-Guard (Knee Shield) Position | BJJ Wiki Brasil,"Guard,Shield,Position,Brasil",Z-Guard (Knee Shield) Position,"Guard,Shield,Position",Modern half guard variation with knee shield control and hip attack,"Modern,guard,variation,shield,control"
blue-belt-bjj-guide,CRITICAL,Guia do Faixa Azul no BJJ — Desenvolvendo seu Jogo | BJJ Wiki,"Faixa,Desenvolvendo",Guia do Faixa Azul no BJJ,Faixa,Guia do faixa azul no BJJ: como superar o,"faixa,superar"
body-triangle,CRITICAL,Body Triangle | Guia Completo de Técnica de BJJ,Completo,Body Triangle — Guia Completo,Completo,"Aprenda Body Triangle — mecânica, entradas, erros comuns e como usar em competição. Guia completo de BJJ.","Aprenda,entradas,erros,comuns,completo"
bow-and-arrow-choke,CRITICAL,Bow and Arrow Choke BJJ: Guia Completo para Finalizar no Jiu-Jitsu | BJJ Wiki,"Arrow,Choke,Completo,Finalizar",Bow and Arrow Choke no BJJ: Domine a Finalização de Alto Nível,"Arrow,Choke","Aprenda o Bow and Arrow Choke no BJJ com nosso guia passo a passo. Domine essa finalização poderosa, dicas de instrutore","Aprenda,Arrow,Choke,nosso,passo"
bridge-and-roll,CRITICAL,Bridge and Roll (Escape Upa) | BJJ Wiki,"Bridge,Escape",Bridge and Roll (Escape Upa),"Bridge,Escape",Aprenda o bridge and roll (upa) do full mount — o primeiro e mais essencial escape de montada no BJJ.,"Aprenda,bridge,mount,primeiro,essencial"
cement-mixer,CRITICAL,Cement Mixer: Finalização da Posição de Tartaruga no BJJ | BJJ Wiki,"Cement,Mixer,Tartaruga",Cement Mixer,"Cement,Mixer","Guia completo do Cement Mixer — uma finalização de crank de braço e pescoço da posição de tartaruga. Mecânica, configura","completo,Cement,Mixer,crank,tartaruga"
clock-choke,CRITICAL,Clock Choke | Guia Completo de Técnica de BJJ,"Clock,Choke,Completo",Clock Choke — Guia Completo,"Clock,Choke,Completo","Aprenda Clock Choke — mecânica, entradas, erros comuns e como usar em competição. Guia completo de BJJ.","Aprenda,Clock,Choke,entradas,erros"
closed-guard-vs-half-guard,CRITICAL,Closed Guard vs Meia Guarda | Comparação de Guardas do BJJ,"Closed,Guard,Guardas",Closed Guard vs Meia Guarda: Qual Dominar Primeiro?,"Closed,Guard,Dominar,Primeiro","Closed guard vs meia guarda — qual guarda dominar primeiro? Diferenças em controle, raspagens, finalizações e uso em com","Closed,guard,dominar,primeiro,controle"
closed-guard,CRITICAL,Guarda Fechada BJJ: Guia para Faixa Branca | BJJ Wiki,"Fechada,Faixa,Branca",Guia Completo da Guarda Fechada no Jiu-Jitsu Brasileiro para Faixas Brancas,"Completo,Fechada,Brasileiro,Faixas,Brancas","Aprenda a Guarda Fechada no BJJ com este guia detalhado para faixas brancas. Biomecânica precisa, avisos de lesão e prog","Aprenda,Fechada,detalhado,faixas,brancas"
cross-collar-choke,CRITICAL,Cross Collar Choke | Guia Completo de Técnica de BJJ,"Cross,Collar,Choke,Completo",Cross Collar Choke — Guia Completo,"Cross,Collar,Choke,Completo","Aprenda Cross Collar Choke — mecânica, entradas, erros comuns e como usar em competição. Guia completo de BJJ.","Aprenda,Cross,Collar,Choke,entradas"
crucifix,CRITICAL,"Crucifix no BJJ: Controle, Finalizações e Escapes | BJJ Wiki","Crucifix,Controle,Escapes",Crucifix,Crucifix,"Guia completo da posição Crucifix no BJJ — como alcançá-la da tartaruga, finalizações disponíveis e como escapar. Aplica","completo,Crucifix,tartaruga,escapar"
darce-choke,INFO,D'Arce Choke BJJ: Guia Completo da Finalização Poderosa no Jiu-Jitsu | BJJ Wiki,"Choke,Completo,Poderosa",D'Arce Choke BJJ: Domine a Finalização de Estrangulamento Mais Eficaz,"Choke,Estrangulamento,Eficaz",Aprenda a aplicar o D,"Aprenda,aplicar"
de-la-riva-guard,CRITICAL,Guarda De La Riva BJJ: Guia Completo de Técnicas Essenciais | BJJ Wiki,"Completo,Essenciais",Guarda De La Riva no Jiu-Jitsu: Domine o Controle e as Raspagens,"Controle,Raspagens","Domine a Guarda De La Riva no BJJ. Aprenda controle, raspagens e finalizações com este guia detalhado. Essencial para ji","Aprenda,controle,raspagens,detalhado,Essencial"
deep-half-guard,CRITICAL,"Deep Half Guard BJJ: Raspagens, Back Takes e Guia Completo | BJJ Wiki","Guard,Raspagens,Takes,Completo",Deep Half Guard,Guard,"Domine o Deep Half Guard no BJJ. Guia completo de entradas, raspagens (Jeff Glover roll, Old School), back takes e defes","Guard,completo,entradas,raspagens,Glover"
double-under-pass,CRITICAL,Double Under Pass | Guia Completo de Técnica de BJJ,"Double,Under,Completo",Double Under Pass — Guia Completo,"Double,Under,Completo","Aprenda Double Under Pass — mecânica, entradas, erros comuns e como usar em competição. Guia completo de BJJ.","Aprenda,Double,Under,entradas,erros"
elbow-knee-escape,CRITICAL,Elbow-Knee Escape | Guia Completo de Técnica de BJJ,"Elbow,Escape,Completo",Elbow-Knee Escape — Guia Completo,"Elbow,Escape,Completo","Aprenda Elbow-Knee Escape — mecânica, entradas, erros comuns e como usar em competição. Guia completo de BJJ.","Aprenda,Elbow,Escape,entradas,erros"
elevator-sweep,CRITICAL,Elevator Sweep | Guia Completo de Técnica de BJJ,"Elevator,Sweep,Completo",Elevator Sweep — Guia Completo,"Elevator,Sweep,Completo","Aprenda Elevator Sweep — mecânica, entradas, erros comuns e como usar em competição. Guia completo de BJJ.","Aprenda,Elevator,Sweep,entradas,erros"
estima-lock,CRITICAL,Estima Lock | BJJ Wiki,Estima,Estima Lock,Estima,Aprenda o Estima lock — o foot lock furtivo escondido na passagem de guarda. Nomeado em homenagem a Braulio Estima.,"Aprenda,Estima,furtivo,escondido,Nomeado"
flower-sweep,CRITICAL,Flower Sweep BJJ: Guia Completo para Dominar a Raspagem da Guarda Fechada | BJJ ,"Flower,Sweep,Completo,Dominar,Raspagem",Flower Sweep BJJ: Domine a Raspagem da Guarda Fechada,"Flower,Sweep,Raspagem,Fechada","Aprenda o Flower Sweep no BJJ: um guia detalhado para executar essa raspagem eficaz da guarda fechada. Domine os passos,","Aprenda,Flower,Sweep,detalhado,executar"
frame,CRITICAL,Frame | Guia Completo de Técnica de BJJ,"Frame,Completo",Frame — Guia Completo,"Frame,Completo","Aprenda Frame — mecânica, entradas, erros comuns e como usar em competição. Guia completo de BJJ.","Aprenda,Frame,entradas,erros,comuns"
front-headlock,CRITICAL,Front Headlock | Guia Completo de Técnica de BJJ,"Front,Headlock,Completo",Front Headlock — Guia Completo,"Front,Headlock,Completo","Aprenda Front Headlock — mecânica, entradas, erros comuns e como usar em competição. Guia completo de BJJ.","Aprenda,Front,Headlock,entradas,erros"
gi-vs-nogi-bjj,CRITICAL,Gi vs No-Gi BJJ | Guia de Comparação Completo,Completo,Gi vs No-Gi BJJ: Qual Treinar?,Treinar,"Gi vs No-Gi BJJ — qual treinar? Comparação completa de técnicas, ritmo, competição e qual é melhor para MMA.","treinar,ritmo,melhor"
granby-roll,CRITICAL,Granby Roll | Guia Completo de Técnica de BJJ,"Granby,Completo",Granby Roll — Guia Completo,"Granby,Completo","Aprenda Granby Roll — mecânica, entradas, erros comuns e como usar em competição. Guia completo de BJJ.","Aprenda,Granby,entradas,erros,comuns"
guard-recovery,CRITICAL,Guard Retention | BJJ Wiki,"Guard,Retention",,,,
guard-retention,CRITICAL,Guard Retention | Guia Completo de Técnica de BJJ,"Guard,Retention,Completo",Guard Retention — Guia Completo,"Guard,Retention,Completo","Aprenda Guard Retention — mecânica, entradas, erros comuns e como usar em competição. Guia completo de BJJ.","Aprenda,Guard,Retention,entradas,erros"
guillotine-choke,CRITICAL,Guilhotina BJJ: Guia Completo do Estrangulamento no Jiu-Jitsu | BJJ Wiki,"Guilhotina,Completo,Estrangulamento",Guia Completo da Guilhotina no Jiu-Jitsu Brasileiro: Domine o Estrangulamento,"Completo,Guilhotina,Brasileiro,Estrangulamento","Aprenda a guilhotina no BJJ: técnica passo a passo, variações, defesas e dicas essenciais. Domine um dos estrangulamento","Aprenda,guilhotina,passo,passo,defesas"
guillotine,CRITICAL,Guillotine Choke | BJJ Wiki,"Guillotine,Choke",,,,
half-guard,CRITICAL,Meia Guarda BJJ: Guia para Iniciantes (Faixa Branca) | BJJ Wiki,"Iniciantes,Faixa,Branca",Guia Definitivo da Meia Guarda para Faixas Brancas no Jiu-Jitsu Brasileiro,"Definitivo,Faixas,Brancas,Brasileiro","Aprenda a Meia Guarda no BJJ! Guia biomecanicamente preciso para faixas brancas, focado em segurança e técnica, com dril","Aprenda,biomecanicamente,preciso,faixas,brancas"
harai-goshi,CRITICAL,Harai Goshi (Golpe de Quadril) | BJJ Wiki,"Harai,Goshi,Golpe,Quadril",Harai Goshi (Golpe de Quadril),"Harai,Goshi,Golpe,Quadril","Aprenda harai goshi — o golpe de varredura de quadril do judô e BJJ. Entrada, kuzushi e como finalizar para pontuação no","Aprenda,harai,goshi,golpe,varredura"
headquarters-pass,CRITICAL,Headquarters Pass BJJ: Guia Completo para Dominar a Passagem de Guarda | BJJ Wik,"Headquarters,Completo,Dominar",Headquarters Pass BJJ: Domine a Passagem de Guarda Essencial,"Headquarters,Essencial","Aprenda o Headquarters Pass no BJJ com este guia detalhado. Domine a técnica essencial para passar a guarda, controlar a","Aprenda,Headquarters,detalhado,essencial,passar"
hip-bump-sweep,CRITICAL,Hip Bump Sweep BJJ: Guia Completo para Dominar a Raspagem da Guarda Fechada | BJ,"Sweep,Completo,Dominar,Raspagem,Fechada",Hip Bump Sweep no BJJ: Domine a Raspagem Essencial da Guarda Fechada,"Sweep,Raspagem,Essencial,Fechada","Aprenda o Hip Bump Sweep no BJJ! Nosso guia detalhado ensina passo a passo esta poderosa raspagem da guarda fechada, seu","Aprenda,Sweep,Nosso,detalhado,passo"
hip-escape,CRITICAL,Hip Escape | Guia Completo de Técnica de BJJ,"Escape,Completo",Hip Escape — Guia Completo,"Escape,Completo","Aprenda Hip Escape — mecânica, entradas, erros comuns e como usar em competição. Guia completo de BJJ.","Aprenda,Escape,entradas,erros,comuns"
hip-throw,CRITICAL,Golpe de Quadril (O Goshi) | BJJ Wiki,"Golpe,Quadril,Goshi",Golpe de Quadril (O Goshi),"Golpe,Quadril,Goshi",O golpe de quadril (O-Goshi) é um takedown fundamental do judô usado no BJJ. Carregue o oponente no quadril e varra-o.,"golpe,quadril,Goshi,takedown,usado"
how-long-to-black-belt-bjj,CRITICAL,Quanto Tempo Leva para a Faixa Preta de BJJ? | BJJ Wiki,"Quanto,Tempo,Faixa,Preta",Quanto Tempo Leva para a Faixa Preta de BJJ?,"Quanto,Tempo,Faixa,Preta",O cronograma real para a faixa preta de BJJ: média de 10 anos treinando 3–5 vezes por semana. O que afeta o cronograma e,"cronograma,faixa,preta,treinando,vezes"
ibjjf-rules,CRITICAL,"Regras IBJJF Explicadas | Pontos, Vantagens e Guia de Finalizações","Regras,Explicadas,Pontos,Vantagens",Regras IBJJF: Guia Completo,"Regras,Completo","Guia completo das regras IBJJF. Sistema de pontos, vantagens, golpes ilegais por faixa e formato de competição explicado","completo,regras,Sistema,pontos,vantagens"
imanari-roll,CRITICAL,Imanari Roll: Guia Completo de Entrada para Leg Locks no BJJ | BJJ Wiki,"Imanari,Completo,Entrada,Locks",Imanari Roll,Imanari,"Guia completo do Imanari Roll – a entrada giratória para leg locks popularizada por Masakazu Imanari. Configuração, mecâ","completo,Imanari,entrada,locks,popularizada"
ippon-seoi-nage,CRITICAL,Ippon Seoi Nage (Arremesso de Ombro) | BJJ Wiki,"Ippon,Arremesso,Ombro",Ippon Seoi Nage (Arremesso de Ombro),"Ippon,Arremesso,Ombro",Domine o ippon seoi nage — o explosivo arremesso de ombro de um braço usado no judô e BJJ.,"ippon,explosivo,arremesso,ombro,usado"
knee-bar,CRITICAL,Chave de Joelho BJJ: Guia Completo da Técnica de Leg Lock (Knee Bar) | BJJ Wiki,"Chave,Joelho,Completo",Dominando a Chave de Joelho (Knee Bar) no Jiu-Jitsu Brasileiro,"Dominando,Chave,Joelho,Brasileiro","Aprenda a chave de joelho no BJJ, um leg lock eficaz. Guia passo a passo, dicas de segurança, variações e como finalizar","Aprenda,chave,joelho,eficaz,passo"
knee-shield,CRITICAL,Joelho Escudo (Knee Shield) | Guia de Técnicas de BJJ,"Joelho,Escudo,Shield",Joelho Escudo (Knee Shield) — Guia Completo de BJJ,"Joelho,Escudo,Shield,Completo","Guia completo sobre o Joelho Escudo no Jiu-Jitsu Brasileiro — mecânica, entradas, raspagens, finalizações e uso em compe","completo,sobre,Joelho,Escudo,Brasileiro"
knee-slice-pass,CRITICAL,Knee Slice Pass BJJ: Domine a Passagem de Guarda Mais Eficaz no Jiu-Jitsu | BJJ ,"Slice,Eficaz",Knee Slice Pass no BJJ: O Guia Definitivo para Passar a Guarda com Eficácia,"Slice,Definitivo,Passar",Aprenda o Knee Slice Pass no BJJ! Guia completo para dominar uma das passagens de guarda mais poderosas do Jiu-Jitsu. Me,"Aprenda,Slice,completo,dominar,passagens"
knee-slice,CRITICAL,Knee Slice Pass | BJJ Wiki,Slice,,,,
kneebar,CRITICAL,Kneebar — Guia Completo de Leg Lock no BJJ | BJJ Wiki,"Kneebar,Completo",Kneebar: A Chave de Perna Que Ataca o Joelho,"Kneebar,Chave,Perna,Ataca,Joelho","O kneebar é uma chave de perna do BJJ que ataca a articulação do joelho. Aprenda setup, entrada, mecânica de finalização","kneebar,chave,perna,ataca,joelho"
lapel-choke,CRITICAL,Lapel Choke | Guia Completo de Técnica de BJJ,"Lapel,Choke,Completo",Lapel Choke — Guia Completo,"Lapel,Choke,Completo","Aprenda Lapel Choke — mecânica, entradas, erros comuns e como usar em competição. Guia completo de BJJ.","Aprenda,Lapel,Choke,entradas,erros"
lasso-guard,CRITICAL,Lasso Guard (Guarda Laço) | BJJ Wiki,"Lasso,Guard",Lasso Guard,"Lasso,Guard","Domine a lasso guard no BJJ. Configuração de grips, raspagens, entradas para triângulo e omoplata.","lasso,guard,grips,raspagens,entradas"
leg-locks,CRITICAL,Leg Locks no BJJ | Guia Completo | BJJ Wiki,"Locks,Completo",,,"Visão geral completa dos leg locks no BJJ: heel hooks, toe holds, joelhadas e straight ankle locks.","geral,locks,hooks,holds,joelhadas"
lockdown,CRITICAL,Lockdown no BJJ: Controle de Meia Guarda Completo | BJJ Wiki,"Lockdown,Controle,Completo",O Lockdown: A Posição de Meia Guarda Mais Controladora do BJJ,"Lockdown,Controladora",Aprenda o Lockdown no BJJ — o poderoso controle de perna a partir da meia guarda que imobiliza o oponente e configura va,"Aprenda,Lockdown,poderoso,controle,perna"
modified-mount,CRITICAL,Modified Mount | Guia Completo de Técnica de BJJ,"Modified,Mount,Completo",Modified Mount — Guia Completo,"Modified,Mount,Completo","Aprenda Modified Mount — mecânica, entradas, erros comuns e como usar em competição. Guia completo de BJJ.","Aprenda,Modified,Mount,entradas,erros"
monoplata,CRITICAL,Monoplata | Guia Completo de Técnica de BJJ,"Monoplata,Completo",Monoplata — Guia Completo,"Monoplata,Completo","Aprenda Monoplata — mecânica, entradas, erros comuns e como usar em competição. Guia completo de BJJ.","Aprenda,Monoplata,entradas,erros,comuns"
morote-seoi-nage,CRITICAL,Morote Seoi Nage | Guia Completo de Técnica de BJJ,"Morote,Completo",Morote Seoi Nage — Guia Completo,"Morote,Completo","Aprenda Morote Seoi Nage — mecânica, entradas, erros comuns e como usar em competição. Guia completo de BJJ.","Aprenda,Morote,entradas,erros,comuns"
mount-escape,CRITICAL,"Escape da Montada no BJJ: Upa, Cotovelo-Joelho e Guia Completo | BJJ Wiki","Escape,Montada,Cotovelo,Joelho,Completo",Escape da Montada,"Escape,Montada","Domine os escapes da montada no BJJ. Upa (ponte e rolamento), cotovelo-joelho (camarão) passo a passo. Escape da montada","escapes,montada,ponte,rolamento,cotovelo"
north-south-choke,CRITICAL,North-South Choke | Guia Completo de Técnica de BJJ,"North,South,Choke,Completo",North-South Choke — Guia Completo,"North,South,Choke,Completo","Aprenda North-South Choke — mecânica, entradas, erros comuns e como usar em competição. Guia completo de BJJ.","Aprenda,North,South,Choke,entradas"
omoplata,CRITICAL,Omoplata BJJ: Guia Completo da Técnica e Finalização no Jiu-Jitsu | BJJ Wiki,"Omoplata,Completo",Omoplata BJJ: Domine a Poderosa Chave de Ombro no Jiu-Jitsu,"Omoplata,Poderosa,Chave,Ombro","Aprenda a omoplata no BJJ. Guia completo com passo a passo, variações, dicas e como finalizar com essa poderosa chave de","Aprenda,omoplata,completo,passo,passo"
open-guard,CRITICAL,Open Guard BJJ: Guia para Faixa Branca | BJJ Wiki,"Guard,Faixa,Branca",Open Guard no Jiu-Jitsu Brasileiro: O Guia Essencial para Faixas Brancas,"Guard,Brasileiro,Essencial,Faixas,Brancas",Aprenda a Open Guard no BJJ com este guia biomecanicamente preciso para faixas brancas. Evite lesões e domine a posição.,"Aprenda,Guard,biomecanicamente,preciso,faixas"
osoto-gari,CRITICAL,Osoto Gari BJJ: Guia Completo da Queda Perfeita no Jiu-Jitsu | BJJ Wiki,"Osoto,Completo,Queda,Perfeita",Osoto Gari no BJJ: Domine a Queda Fundamental do Jiu-Jitsu,"Osoto,Queda","Aprenda o Osoto Gari no BJJ! Guia passo a passo para executar esta poderosa queda, dicas essenciais, variações e como de","Aprenda,Osoto,passo,passo,executar"
over-under-pass,CRITICAL,Over Under Pass | A Passagem Marca Registrada de Bernardo Faria,"Under,Marca,Registrada,Bernardo,Faria",Over Under Pass,Under,"Domine o over under pass — o sistema de passagem de pressão de Bernardo Faria. Quebra de guarda, posicionamento e finali","under,sistema,Bernardo,Faria,Quebra"
overhead-sweep,CRITICAL,Overhead Sweep | Guia Completo de Técnica de BJJ,"Overhead,Sweep,Completo",Overhead Sweep — Guia Completo,"Overhead,Sweep,Completo","Aprenda Overhead Sweep — mecânica, entradas, erros comuns e como usar em competição. Guia completo de BJJ.","Aprenda,Overhead,Sweep,entradas,erros"
overhook,CRITICAL,Overhook | Guia Completo de Técnica de BJJ,"Overhook,Completo",Overhook — Guia Completo,"Overhook,Completo","Aprenda Overhook — mecânica, entradas, erros comuns e como usar em competição. Guia completo de BJJ.","Aprenda,Overhook,entradas,erros,comuns"
paper-cutter-choke,CRITICAL,Paper Cutter Choke: Estrangulamento de Gi no BJJ do Side Control | BJJ Wiki,"Paper,Cutter,Choke,Estrangulamento,Control",Paper Cutter Choke,"Paper,Cutter,Choke",Guia completo do Paper Cutter Choke — um estrangulamento devastador de gi do side control usando grip de gola cruzada. C,"completo,Paper,Cutter,Choke,estrangulamento"
peruvian-necktie,CRITICAL,Peruvian Necktie: Finalização de Front Headlock no BJJ | BJJ Wiki,"Peruvian,Necktie,Front,Headlock",Peruvian Necktie,"Peruvian,Necktie","Aprenda o Peruvian Necktie – uma poderosa finalização de front headlock usada no BJJ e MMA. Configuração passo a passo, ","Aprenda,Peruvian,Necktie,poderosa,front"
posture,CRITICAL,Postura no BJJ | BJJ Wiki,Postura,Postura no BJJ,Postura,"Postura no BJJ: como manter postura defensiva na guarda, quebrar pegadas e prevenir finalizações nas posições superiores","Postura,manter,postura,defensiva,quebrar"
pressure-pass,CRITICAL,Pressure Pass | Guia Completo de Técnica de BJJ,"Pressure,Completo",Pressure Pass — Guia Completo,"Pressure,Completo","Aprenda Pressure Pass — mecânica, entradas, erros comuns e como usar em competição. Guia completo de BJJ.","Aprenda,Pressure,entradas,erros,comuns"
privacy,CRITICAL,Privacy | BJJ Wiki,Privacy,,,,
purple-belt-bjj-guide,CRITICAL,Guia da Faixa Roxa no BJJ — Construindo um Jogo Completo | BJJ Wiki,"Faixa,Construindo,Completo",Guia da Faixa Roxa no BJJ,Faixa,"Guia da faixa roxa no BJJ: o que focar, prioridades técnicas, tempo para a faixa marrom e como evitar os erros mais comu","faixa,focar,prioridades,tempo,faixa"
quarter-guard,CRITICAL,"Quarter Guard no BJJ: Escapes, Sweeps e Ataques | BJJ Wiki","Quarter,Guard,Escapes,Sweeps,Ataques",Quarter Guard,"Quarter,Guard","Guia completo do Quarter Guard no BJJ — o que é, como escapar, dar sweeps e atacar a partir dele, e por que importa para","completo,Quarter,Guard,escapar,sweeps"
reverse-de-la-riva,CRITICAL,Reverse De La Riva | Guia Completo de Técnica de BJJ,"Reverse,Completo",Reverse De La Riva — Guia Completo,"Reverse,Completo","Aprenda Reverse De La Riva — mecânica, entradas, erros comuns e como usar em competição. Guia completo de BJJ.","Aprenda,Reverse,entradas,erros,comuns"
russian-2-on-1,CRITICAL,Russian 2-on-1 | Luta de Pegada e Quedas no BJJ,"Russian,Pegada,Quedas",Russian 2-on-1 (Pegada Dois-para-Um),"Russian,Pegada","Aprenda o Russian 2-on-1 — uma posição dominante de controle de braço para quedas, back takes e ataques de perna. Guia d","Aprenda,Russian,dominante,controle,quedas"
russian-tie,CRITICAL,Russian Tie | Guia Completo de Técnica de BJJ,"Russian,Completo",Russian Tie — Guia Completo,"Russian,Completo","Aprenda Russian Tie — mecânica, entradas, erros comuns e como usar em competição. Guia completo de BJJ.","Aprenda,Russian,entradas,erros,comuns"
s-mount,CRITICAL,S-Mount | Guia Completo de Técnica de BJJ,"Mount,Completo",S-Mount — Guia Completo,"Mount,Completo","Aprenda S-Mount — mecânica, entradas, erros comuns e como usar em competição. Guia completo de BJJ.","Aprenda,Mount,entradas,erros,comuns"
scissor-sweep,CRITICAL,Scissor Sweep BJJ: Guia Completo da Raspagem Tesoura no Jiu-Jitsu | BJJ Wiki,"Scissor,Sweep,Completo,Raspagem,Tesoura",Raspagem Tesoura (Scissor Sweep): Domine Essa Técnica Fundamental do Jiu-Jitsu,"Raspagem,Tesoura,Scissor,Sweep","Aprenda a Raspagem Tesoura (Scissor Sweep) no BJJ com este guia detalhado. Domine a técnica passo a passo, erros comuns ","Aprenda,Raspagem,Tesoura,Scissor,Sweep"
seat-belt-control,CRITICAL,Seat Belt Control | Guia Completo de Técnica de BJJ,"Control,Completo",Seat Belt Control — Guia Completo,"Control,Completo","Aprenda Seat Belt Control — mecânica, entradas, erros comuns e como usar em competição. Guia completo de BJJ.","Aprenda,Control,entradas,erros,comuns"
shrimp-escape,CRITICAL,Shrimp Escape (Fuga de Quadril) | BJJ Wiki,"Shrimp,Escape,Quadril",Shrimp Escape (Fuga de Quadril),"Shrimp,Escape,Quadril","Domine o shrimp escape — o movimento mais importante do BJJ. Como realizar corretamente do side control, montada e joelh","shrimp,escape,movimento,importante,realizar"
sickle-sweep,CRITICAL,Sickle Sweep | Guia Completo de Técnica de BJJ,"Sickle,Sweep,Completo",Sickle Sweep — Guia Completo,"Sickle,Sweep,Completo","Aprenda Sickle Sweep — mecânica, entradas, erros comuns e como usar em competição. Guia completo de BJJ.","Aprenda,Sickle,Sweep,entradas,erros"
single-leg-takedown,CRITICAL,Queda de Uma Perna BJJ: Domine o Single Leg Takedown no Jiu-Jitsu | BJJ Wiki,"Queda,Perna,Single,Takedown",Single Leg Takedown no BJJ: Guia Completo para a Queda de Uma Perna Perfeita,"Single,Takedown,Completo,Queda,Perna","Aprenda a queda de uma perna (single leg takedown) no BJJ. Guia completo com passos, dicas essenciais e variações para a","Aprenda,queda,perna,single,takedown"
sitting-guard,CRITICAL,Sitting Guard | Guia Completo de Técnica de BJJ,"Sitting,Guard,Completo",Sitting Guard — Guia Completo,"Sitting,Guard,Completo","Aprenda Sitting Guard — mecânica, entradas, erros comuns e como usar em competição. Guia completo de BJJ.","Aprenda,Sitting,Guard,entradas,erros"
skill-tree,INFO,Árvore de Habilidades BJJ — Acompanhe Seu Progresso | BJJ Wiki,"Habilidades,Acompanhe,Progresso",Árvore de Habilidades BJJ,Habilidades,Interactive BJJ skill progression tree. Track which techniques you,"Interactive,skill,progression,Track,which"
smash-pass,CRITICAL,Smash Pass | Guia Completo de Técnica de BJJ,"Smash,Completo",Smash Pass — Guia Completo,"Smash,Completo","Aprenda Smash Pass — mecânica, entradas, erros comuns e como usar em competição. Guia completo de BJJ.","Aprenda,Smash,entradas,erros,comuns"
sparring-simulator,CRITICAL,Simulador de Sparring de BJJ – Decida Como uma Faixa-Preta | BJJ Wiki,"Simulador,Sparring,Decida,Faixa,Preta",Simulador de Sparring BJJ,"Simulador,Sparring",Simulador interativo de BJJ. Enfrente cenários reais de luta e escolha suas técnicas. Cada decisão tem consequências — c,"Simulador,interativo,Enfrente,reais,escolha"
spider-guard,CRITICAL,Guarda Aranha BJJ: Domine a Técnica Essencial para Controle e Ataque | BJJ Wiki,"Aranha,Essencial,Controle",Guia Completo da Guarda Aranha no Jiu-Jitsu Brasileiro,"Completo,Aranha,Brasileiro","Aprenda a Guarda Aranha no BJJ: um guia completo sobre esta técnica fundamental para controlar a distância, impedir pass","Aprenda,Aranha,completo,sobre,controlar"
sprawl,CRITICAL,Sprawl BJJ: Guia Completo da Técnica Essencial de Defesa no Jiu-Jitsu | BJJ Wiki,"Sprawl,Completo,Essencial",Sprawl no BJJ: Domine a Defesa Fundamental Contra Quedas e Single Legs,"Sprawl,Contra,Quedas,Single","Aprenda o sprawl no BJJ: defesa crucial contra quedas e quedas. Domine a técnica passo a passo, evite erros comuns e mel","Aprenda,sprawl,crucial,contra,quedas"
stack-pass,CRITICAL,Stack Pass | Guia Completo de Técnica de BJJ,"Stack,Completo",Stack Pass — Guia Completo,"Stack,Completo","Aprenda Stack Pass — mecânica, entradas, erros comuns e como usar em competição. Guia completo de BJJ.","Aprenda,Stack,entradas,erros,comuns"
stand-in-base,CRITICAL,Stand In Base | Guia Completo de Técnica de BJJ,"Stand,Completo",Stand In Base — Guia Completo,"Stand,Completo","Aprenda Stand In Base — mecânica, entradas, erros comuns e como usar em competição. Guia completo de BJJ.","Aprenda,Stand,entradas,erros,comuns"
straight-armbar,CRITICAL,Straight Armbar | Guia Completo de Técnica de BJJ,"Straight,Completo",Straight Armbar — Guia Completo,"Straight,Completo","Aprenda Straight Armbar — mecânica, entradas, erros comuns e como usar em competição. Guia completo de BJJ.","Aprenda,Straight,entradas,erros,comuns"
technical-standup,CRITICAL,Technical Stand-Up | Guia Completo de Técnica de BJJ,"Technical,Stand,Completo",Technical Stand-Up — Guia Completo,"Technical,Stand,Completo","Aprenda Technical Stand-Up — mecânica, entradas, erros comuns e como usar em competição. Guia completo de BJJ.","Aprenda,Technical,Stand,entradas,erros"
toreando-pass,CRITICAL,Torreando Pass | BJJ Wiki,Torreando,,,,
torreando-pass,CRITICAL,Passagem de Guarda Torreando BJJ: Domine Essa Técnica Essencial | BJJ Wiki,"Torreando,Essencial",Domine a Passagem de Guarda Torreando no Jiu-Jitsu Brasileiro,"Torreando,Brasileiro","Aprenda a executar a Passagem de Guarda Torreando no BJJ com este guia completo. Descubra os passos, detalhes cruciais e","Aprenda,executar,Torreando,completo,Descubra"
triangle-vs-guillotine,CRITICAL,Triangle vs Guilhotina | Comparação de Finalizações do BJJ,Guilhotina,Triangle vs Guilhotina: Quando Usar Cada Um,"Guilhotina,Quando","Triangle choke vs guilhotina — posições de setup, dificuldade, melhores cenários e como encadeá-los no BJJ.","choke,guilhotina,setup,dificuldade,melhores"
tripod-sweep,CRITICAL,Tripod Sweep | Guia Completo de Técnica de BJJ,"Tripod,Sweep,Completo",Tripod Sweep — Guia Completo,"Tripod,Sweep,Completo","Aprenda Tripod Sweep — mecânica, entradas, erros comuns e como usar em competição. Guia completo de BJJ.","Aprenda,Tripod,Sweep,entradas,erros"
twister,CRITICAL,O Twister: Guia Completo do Raro Lock Vertebral no BJJ | BJJ Wiki,"Twister,Completo,Vertebral",O Twister: Guia Completo do Raro Lock Vertebral no BJJ,"Twister,Completo,Vertebral","Aprenda o Twister no BJJ — o raro lock vertebral popularizado por Eddie Bravo. Setup do controle das costas, mecânica e ","Aprenda,Twister,vertebral,popularizado,Eddie"
underhook,CRITICAL,Underhook | Guia Completo de Técnica de BJJ,"Underhook,Completo",Underhook — Guia Completo,"Underhook,Completo","Aprenda Underhook — mecânica, entradas, erros comuns e como usar em competição. Guia completo de BJJ.","Aprenda,Underhook,entradas,erros,comuns"
von-flue-choke,CRITICAL,Von Flue Choke: O Contra-Ataque que Pune a Guilhotina | BJJ Wiki,"Choke,Contra,Guilhotina",Von Flue Choke: O Contra-Ataque que Pune a Guilhotina,"Choke,Contra,Guilhotina","Domine o Von Flue Choke no BJJ — a submissão que contra-ataca a guilhotina do controle lateral. Setup, mecânica e quando","Choke,contra,ataca,guilhotina,controle"
white-belt-bjj-guide,CRITICAL,Guia do Faixa Branca no BJJ — Tudo que Iniciantes Precisam Saber | BJJ Wiki,"Faixa,Branca,Iniciantes,Precisam,Saber",Guia do Faixa Branca no BJJ,"Faixa,Branca","Guia completo do faixa branca no BJJ: técnicas essenciais, etiqueta no tatame, quanto tempo leva para a faixa azul, e os","completo,faixa,branca,essenciais,etiqueta"
worm-guard,CRITICAL,Guia Completo da Worm Guard BJJ: Domine a Guarda Mais Envolvente | BJJ Wiki,"Completo,Guard,Envolvente",Worm Guard BJJ: O Guia Definitivo para Dominar Esta Guarda Inovadora,"Guard,Definitivo,Dominar,Inovadora","Aprenda a Worm Guard no BJJ com nosso guia passo a passo. Domine essa guarda avançada, controle o oponente e finalize co","Aprenda,Guard,nosso,passo,passo"
wrist-lock,CRITICAL,Wrist Lock BJJ: Guia Definitivo da Finalização de Travamento de Punho | BJJ Wiki,"Wrist,Definitivo,Travamento,Punho",Wrist Lock no Jiu-Jitsu: O Guia Completo para Dominar o Travamento de Punho,"Wrist,Completo,Dominar,Travamento,Punho","Domine o wrist lock no BJJ! Aprenda a técnica de travamento de punho, suas variações e quando usá-la com segurança. Guia","wrist,Aprenda,travamento,punho,quando"
x-guard-sweep,CRITICAL,X-Guard Sweep | Guia Completo de Técnica de BJJ,"Guard,Sweep,Completo",X-Guard Sweep — Guia Completo,"Guard,Sweep,Completo","Aprenda X-Guard Sweep — mecânica, entradas, erros comuns e como usar em competição. Guia completo de BJJ.","Aprenda,Guard,Sweep,entradas,erros"
x-guard,CRITICAL,"Guia Completo da X-Guard BJJ: Técnica, Variações e Aplicações no Jiu-Jitsu | BJJ","Completo,Guard",Desvendando a X-Guard no Jiu-Jitsu: Seu Guia Definitivo para Raspar e Finalizar,"Desvendando,Guard,Definitivo,Raspar,Finalizar","Domine a X-Guard no BJJ com este guia detalhado. Aprenda a técnica passo a passo, variações, como usar e defender. Otimi","Guard,detalhado,Aprenda,passo,passo"
x-pass,CRITICAL,X-Pass | Guia Completo de Técnica de BJJ,Completo,X-Pass — Guia Completo,Completo,"Aprenda X-Pass — mecânica, entradas, erros comuns e como usar em competição. Guia completo de BJJ.","Aprenda,entradas,erros,comuns,completo"
z-guard,CRITICAL,Z-Guard | Guia Completo de Técnica de BJJ,"Guard,Completo",Z-Guard — Guia Completo,"Guard,Completo","Aprenda Z-Guard — mecânica, entradas, erros comuns e como usar em competição. Guia completo de BJJ.","Aprenda,Guard,entradas,erros,comuns"
