lang,slug,score,grade,content_type,word_count,h2_count,h2_list,has_list,has_bold,has_video,has_faq,internal_links,pts_word_count_gte_600,pts_h2_count_gte_6,pts_has_list,pts_has_bold,pts_has_video,pts_has_faq,pts_has_internal_links
en,best-bjj-bag,80,⚠️  POOR,Concept_Strategy,798,2,Top 5 Picks | FAQ,1,1,0,1,11,20,0,15,10,15,10,10
en,best-bjj-gi-guide,80,⚠️  POOR,Equipment_Gear,998,4,Our Picks | FAQ | Related Guides | Where to Buy BJJ Gi — Top Shops by Country,1,1,0,1,33,20,0,15,10,15,10,10
en,best-bjj-leg-locks,80,⚠️  POOR,Concept_Strategy,1004,3,🥋 Essential Techniques | ❓ Frequently Asked Questions | Related Techniques,1,1,0,1,39,20,0,15,10,15,10,10
en,best-bjj-mouthguard,80,⚠️  POOR,Concept_Strategy,850,3,Top 5 Picks | FAQ | Related Techniques,1,1,0,1,17,20,0,15,10,15,10,10
en,bjj-academies-guide,80,⚠️  POOR,Concept_Strategy,903,5,Evaluating the Head Coach | Training Culture | Class Structure | Lineage and Affiliation | Frequently Asked Questions,1,1,0,1,20,20,0,15,10,15,10,10
en,bjj-academy-selection,80,⚠️  POOR,Concept_Strategy,617,3,Evaluation Criteria | Red Flags to Avoid | FAQ,1,1,0,1,16,20,0,15,10,15,10,10
en,bjj-advantage-system,80,⚠️  POOR,Equipment_Gear,880,4,What Is an Advantage? | When Advantages Are Awarded | Strategic Advantage Hunting | Frequently Asked Questions,1,1,0,1,15,20,0,15,10,15,10,10
en,bjj-ankle-lock-guide,80,⚠️  POOR,Concept_Strategy,850,5,Straight Ankle Lock Mechanics | Straight Ankle Lock Step by Step | Ankle Lock Entries | Frequently Asked Questions | Related Techniques,1,1,0,1,21,20,0,15,10,15,10,10
en,bjj-arm-in-guillotine,80,⚠️  POOR,Concept_Strategy,791,7,The Arm-In Guillotine Overview | Setup from Guard | Grip Mechanics | Advanced Transitions | Common Defense Counters,1,0,0,0,24,20,20,15,0,15,0,10
en,bjj-ashi-garami-guide,80,⚠️  POOR,Concept_Strategy,811,6,What is Ashi Garami? | Entry Mechanics | Straight Ankle Lock System | Advanced Positions | Common Defense Counters,1,0,0,0,19,20,20,15,0,15,0,10
en,bjj-back-attacks-fundamentals,80,⚠️  POOR,Concept_Strategy,833,5,Why Back Control Is the Best Position | The Seatbelt and Hooks | Back Attack Options | Frequently Asked Questions | Related Techniques,1,1,0,1,21,20,0,15,10,15,10,10
en,bjj-back-attacks-system,80,⚠️  POOR,Concept_Strategy,723,6,Back Control Offensive System | The Rear Naked Choke | Body Scissor System | Choke Transitions | Related Attack Systems,1,0,0,0,24,20,20,15,0,15,0,10
en,bjj-back-system-advanced,80,⚠️  POOR,Concept_Strategy,745,6,Body Triangle vs Hooks | Seatbelt Control Details | The 50/50 Back | Attack Layering | Back Takes from Common Positions,1,0,0,0,18,20,20,15,0,15,0,10
en,bjj-back-take-advanced-system,80,⚠️  POOR,Concept_Strategy,717,7,The Modern Back Take Framework | Arm Drag Back Take System | Berimbolo Chain Back Takes | Turtle Exploitation System | Finishing Chains from Back Control,1,0,0,0,17,20,20,15,0,15,0,10
en,bjj-beginner-mistakes-avoid,80,⚠️  POOR,Concept_Strategy,619,6,Using Too Much Strength | Neglecting Defense | Ego in Rolling | Skipping Fundamentals | Inconsistency,1,0,0,0,15,20,20,15,0,15,0,10
en,bjj-beginner-mistakes,80,⚠️  POOR,Concept_Strategy,1058,3,Why Identifying Mistakes Matters | The 10 Most Common White Belt Mistakes | Frequently Asked Questions,1,1,0,1,15,20,0,15,10,15,10,10
en,bjj-belt-promotion-guide,80,⚠️  POOR,Concept_Strategy,606,4,Promotion Criteria | Timeline Expectations | Key Points | Frequently Asked Questions,1,1,0,1,15,20,0,15,10,15,10,10
en,bjj-belt-system,80,⚠️  POOR,Concept_Strategy,952,3,Belt Ranks | FAQ | Related Guides,1,1,0,1,35,20,0,15,10,15,10,10
en,bjj-berimbolo,80,⚠️  POOR,Concept_Strategy,766,4,What is the Berimbolo? | Berimbolo Step by Step | Berimbolo vs. Back Take Direct | Frequently Asked Questions,1,1,0,1,15,20,0,15,10,15,10,10
en,bjj-black-belt-concepts,80,⚠️  POOR,Concept_Strategy,760,6,What Makes a Black Belt? | Efficiency Over Strength | Reading Your Partner | Principle-Based Understanding | Teaching as Mastery,1,0,0,0,11,20,20,15,0,15,0,10
en,bjj-black-belt-requirements,80,⚠️  POOR,Concept_Strategy,916,3,What the Black Belt Truly Means | What Black Belts Master | FAQ,1,1,0,1,25,20,0,15,10,15,10,10
en,bjj-body-triangle-system,80,⚠️  POOR,Concept_Strategy,742,7,What is the Body Triangle | Setting Up the Body Triangle | Adjusting for Tightness | Submissions from Body Triangle | Dealing with Defenses,1,0,0,0,14,20,20,15,0,15,0,10
en,bjj-bow-and-arrow-choke,80,⚠️  POOR,Equipment_Gear,936,5,The Most Powerful Gi Choke | Bow and Arrow Setup | Why It Works | Frequently Asked Questions | Related Techniques,1,1,0,1,21,20,0,15,10,15,10,10
en,bjj-brabo-choke-guide,80,⚠️  POOR,Concept_Strategy,620,6,Overview | Setup from Side Control | Grip Mechanics | Finishing Position | Common Escapes,1,0,0,0,21,20,20,15,0,15,0,10
en,bjj-breath-control-bjj,80,⚠️  POOR,Concept_Strategy,620,5,Diaphragmatic Breathing | Competition Breathing | Training Areas | Frequently Asked Questions | Related Techniques,1,1,0,1,21,20,0,15,10,15,10,10
en,bjj-breathing-techniques,80,⚠️  POOR,Concept_Strategy,677,4,Core Breathing Methods | Breathing Under Pressure | Breathing and Gas Management | FAQ,1,1,0,1,16,20,0,15,10,15,10,10
en,bjj-brown-belt-requirements,80,⚠️  POOR,Concept_Strategy,807,3,What Brown Belt Means | Technical Requirements | FAQ,1,1,0,1,25,20,0,15,10,15,10,10
en,bjj-butterfly-guard-sweeps,80,⚠️  POOR,Concept_Strategy,851,5,Why Butterfly Guard Works Everywhere | Butterfly Guard Setup | Butterfly Sweeps | Frequently Asked Questions | Related Techniques,1,1,0,1,21,20,0,15,10,15,10,10
en,bjj-cardio-training,80,⚠️  POOR,Concept_Strategy,618,3,Energy Systems in BJJ | Cardio Training Methods | FAQ,1,1,0,1,16,20,0,15,10,15,10,10
en,bjj-cartwheel-pass-technique,80,⚠️  POOR,Concept_Strategy,606,6,Overview | Setup Phase | Explosive Hip Movement | Timing and Positioning | Landing and Control,1,0,0,0,21,20,20,15,0,15,0,10
en,bjj-clinch-work,80,⚠️  POOR,Concept_Strategy,795,4,The Clinch in BJJ | Clinch Positions | Underhook Battle | Frequently Asked Questions,1,1,0,1,15,20,0,15,10,15,10,10
en,bjj-coaching-tips,80,⚠️  POOR,Concept_Strategy,608,3,Class Structure Template | Effective Teaching Principles | FAQ,1,1,0,1,16,20,0,15,10,15,10,10
en,bjj-competition-calendar-2026,80,⚠️  POOR,Concept_Strategy,746,5,📅 Q1 2026 — Jan–Apr | 📅 Q2 2026 — May–Jun | 📅 Q3–Q4 2026 — Jul–Dec | ❓ FAQ | 🎯 Competition Techniques to Master,1,1,0,1,25,20,0,15,10,15,10,10
en,bjj-competition-game-planning,80,⚠️  POOR,Rule,738,6,What is a Game Plan? | Building Your A-Game | Scouting Opponents | In-Match Adjustments | Bracket and Weight Class Strategy,1,0,0,0,11,20,20,15,0,15,0,10
en,bjj-competition-guide,80,⚠️  POOR,Concept_Strategy,796,2,🥋 Essential Techniques | ❓ Frequently Asked Questions,1,1,0,1,22,20,0,15,10,15,10,10
en,bjj-competition-weight-classes,80,⚠️  POOR,Rule,860,5,IBJJF Weight Classes (Adult) | ADCC Weight Classes | Choosing Your Division | Weight Cut Timeline | Frequently Asked Questions,1,1,0,1,15,20,0,15,10,15,10,10
en,bjj-conceptual-bjj-approach,80,⚠️  POOR,Concept_Strategy,667,6,What is Conceptual BJJ | The Principle of Base | The Principle of Connection | The Principle of Angles | Applying Concepts to New Situations,1,0,0,0,8,20,20,15,0,15,0,10
en,bjj-core-strength,80,⚠️  POOR,Equipment_Gear,891,5,"Why Core Strength is Different in BJJ | Core Functions in BJJ | The BJJ Core Routine (3×/week, 20 min) | Bridging — The Most Underrated BJJ Core Movement | Frequently Asked Questions",1,1,0,1,15,20,0,15,10,15,10,10
en,bjj-crab-guard,80,⚠️  POOR,Concept_Strategy,838,5,The Position | Why It Creates Dilemmas | Attacks | Frequently Asked Questions | Related Techniques,1,1,0,1,21,20,0,15,10,15,10,10
en,bjj-crucifix-position,80,⚠️  POOR,Concept_Strategy,808,5,What Is the Crucifix? | Entering the Crucifix | Crucifix Attacks | Frequently Asked Questions | Related Techniques,1,1,0,1,21,20,0,15,10,15,10,10
en,bjj-darce-choke-guide,80,⚠️  POOR,Concept_Strategy,610,6,Overview | Grip Setup | Finishing Mechanics | Common Entries | Escape Defense,1,0,0,0,21,20,20,15,0,15,0,10
en,bjj-de-la-riva-guard,80,⚠️  POOR,Concept_Strategy,924,5,De La Riva Guard Fundamentals | De La Riva Hook Details | De La Riva Sweeps | Frequently Asked Questions | Related Techniques,1,1,0,1,21,20,0,15,10,15,10,10
en,bjj-defensive-guard-play,80,⚠️  POOR,Concept_Strategy,903,9,Overview | Key Concepts | Guard Retention Principles | Guard Recovery Techniques | Converting Defense to Offense,1,0,0,0,18,20,20,15,0,15,0,10
en,bjj-double-leg-takedown,80,⚠️  POOR,Concept_Strategy,862,5,Double Leg Fundamentals | Double Leg Shot Mechanics | Double Leg Setups | Frequently Asked Questions | Related Techniques,1,1,0,1,21,20,0,15,10,15,10,10
en,bjj-double-under-pass-guide,80,⚠️  POOR,Concept_Strategy,761,6,What is the Double Under Pass? | Basic Setup and Mechanics | Pressure and Weight Distribution | Finishing the Pass | Related Passing Techniques,1,0,0,0,25,20,20,15,0,15,0,10
en,bjj-escapes-from-bad-positions,80,⚠️  POOR,Concept_Strategy,768,5,Side Control Escapes | Mount Escapes | Back Control Escapes | Frequently Asked Questions | Related Techniques,1,1,0,1,21,20,0,15,10,15,10,10
en,bjj-ezekiel-choke-guide,80,⚠️  POOR,Concept_Strategy,768,6,What is the Ezekiel Choke? | From Mount Position | From Back Control | Escape Counters | Related Chokes,1,0,0,0,24,20,20,15,0,15,0,10
en,bjj-first-year-guide,80,⚠️  POOR,Concept_Strategy,1284,5,What to Expect in Your First Year | Month-by-Month Roadmap | The 5 Things That Will Make or Break Your First Year | Common First-Year Mistakes | Frequently Asked Questions,1,1,0,1,15,20,0,15,10,15,10,10
en,bjj-flexibility-mobility,80,⚠️  POOR,Concept_Strategy,835,5,Flexibility vs. Mobility in BJJ | Priority Mobility Areas for BJJ | Pre-Training Mobility Routine (10 min) | Post-Training Flexibility (10 min) | Frequently Asked Questions,1,1,0,1,15,20,0,15,10,15,10,10
en,bjj-for-grapplers,80,⚠️  POOR,Equipment_Gear,677,6,Advantages for Wrestlers | Advantages for Judoka | Guard: The Biggest Adjustment | Leg Lock Awareness | Strategic Game Development,1,0,0,0,8,20,20,15,0,15,0,10
en,bjj-for-mma,80,⚠️  POOR,Concept_Strategy,916,4,How MMA Changes BJJ Fundamentals | BJJ Positions in MMA Context | Key BJJ for MMA Principles | Frequently Asked Questions,1,1,0,1,15,20,0,15,10,15,10,10
en,bjj-for-self-defense,80,⚠️  POOR,Concept_Strategy,844,5,🥊 Why BJJ Works for Self-Defense | 🛡️ Best Techniques for Self-Defense | ⚠️ What BJJ Doesn't Cover | ❓ FAQ | Related Techniques,1,1,0,1,25,20,0,15,10,15,10,10
en,bjj-for-women,80,⚠️  POOR,Concept_Strategy,830,5,🥋 Why BJJ is Ideal for Women | 🤔 Common Concerns (Answered) | 🎽 What to Wear | 📚 Best Instructionals for Women | ❓ FAQ,1,1,0,1,14,20,0,15,10,15,10,10
en,bjj-framing-guide,80,⚠️  POOR,Concept_Strategy,892,4,What Is a Frame? | Primary Frames | Frame + Shrimp = Guard Recovery | Frequently Asked Questions,1,1,0,1,15,20,0,15,10,15,10,10
en,bjj-gi-care-guide,80,⚠️  POOR,Equipment_Gear,1036,8,Washing Your Gi: The Basics | Stain Removal | Shrinkage Prevention | Proper Drying Methods | Storage Tips,1,0,0,0,8,20,20,15,0,15,0,10
en,bjj-gi-culture-etiquette,80,⚠️  POOR,Equipment_Gear,600,4,Gi Respect | Bowing and Respect | Key Points | Frequently Asked Questions,1,1,0,1,15,20,0,15,10,15,10,10
en,bjj-gi-etiquette,80,⚠️  POOR,Concept_Strategy,627,3,Core Etiquette Rules | Unwritten Mat Rules | FAQ,1,1,0,1,16,20,0,15,10,15,10,10
en,bjj-gi-vs-nogi-comparison,80,⚠️  POOR,Concept_Strategy,744,6,The Core Difference | Grip Differences | Guard Game Differences | Pace and Scramble | Which Should You Train?,1,0,0,0,11,20,20,15,0,15,0,10
en,bjj-grip-fighting,80,⚠️  POOR,Equipment_Gear,748,4,Core BJJ Grips | Grip Fighting Principles | No-Gi Grip Fighting | Frequently Asked Questions,1,1,0,1,15,20,0,15,10,15,10,10
en,bjj-grip-strength,80,⚠️  POOR,Concept_Strategy,626,3,Grip Anatomy for BJJ | Training Methods | FAQ,1,1,0,1,16,20,0,15,10,15,10,10
en,bjj-grip-training,80,⚠️  POOR,Concept_Strategy,876,5,Why Grip Strength Matters in BJJ | Types of Grip Strength for BJJ | Grip Training Protocols | On-the-Mat Grip Development | Frequently Asked Questions,1,1,0,1,15,20,0,15,10,15,10,10
en,bjj-guard-connection-points,80,⚠️  POOR,Concept_Strategy,627,5,Primary Connections | Pressure Through Connections | Key Techniques | Frequently Asked Questions | Related Techniques,1,1,0,1,21,20,0,15,10,15,10,10
en,bjj-guard-gripping-systems,80,⚠️  POOR,Concept_Strategy,625,5,Grip Hierarchy | Maintaining Grips | Key Techniques | Frequently Asked Questions | Related Techniques,1,1,0,1,21,20,0,15,10,15,10,10
en,bjj-guard-passing-chess,80,⚠️  POOR,Concept_Strategy,832,6,Reading the Guard Player | Passing Sequences and Combinations | Creating and Exploiting Angles | Speed vs Pressure Passing | Finishing the Pass Cleanly,1,0,0,0,19,20,20,15,0,15,0,10
en,bjj-guard-passing-systems-advanced,80,⚠️  POOR,Concept_Strategy,873,6,The Standing Passing System | The Knee Cut System | Pressure Passing System | Passing Against Specific Guards | Building a Personal Passing System,1,0,0,0,18,20,20,15,0,15,0,10
en,bjj-guard-pulling-strategy,80,⚠️  POOR,Concept_Strategy,714,7,When to Pull Guard | Grip Setups Before Pulling | Seated Guard Pull | Jumping Guard | Guard Pull to Attack,1,0,0,0,14,20,20,15,0,15,0,10
en,bjj-guard-recovery,80,⚠️  POOR,Concept_Strategy,850,5,Recovery Windows | Core Recovery Techniques | Guard Recovery Mindset | Frequently Asked Questions | Related Techniques,1,1,0,1,21,20,0,15,10,15,10,10
en,bjj-guard-retention-concepts,80,⚠️  POOR,Concept_Strategy,768,5,Guard Retention vs Guard Recovery | The Three Retention Tools | Guard Retention Scenarios | Frequently Asked Questions | Related Techniques,1,1,0,1,21,20,0,15,10,15,10,10
en,bjj-guard-retention-system,80,⚠️  POOR,Concept_Strategy,685,3,Key Techniques | Frequently Asked Questions | Related Techniques,1,1,0,1,21,20,0,15,10,15,10,10
en,bjj-guard-sweeps-masterclass,80,⚠️  POOR,Concept_Strategy,862,9,Overview | Key Concepts | Foundational Sweeps | Sweep Chains and Combinations | Guard-Specific Sweep Systems,1,0,0,0,18,20,20,15,0,15,0,10
en,bjj-guard-vs-standing,80,⚠️  POOR,Concept_Strategy,638,5,Standing Guard Attacks | Guard Retention from Standing | Key Techniques | Frequently Asked Questions | Related Techniques,1,1,0,1,21,20,0,15,10,15,10,10
en,bjj-half-guard-advanced,80,⚠️  POOR,Concept_Strategy,861,7,Deep Half Guard | The Underhook Battle | Knee Shield System | Lockdown Half Guard | Modern Half Guard Passing Defense,1,0,0,0,17,20,20,15,0,15,0,10
en,bjj-half-guard-attacks,80,⚠️  POOR,Concept_Strategy,859,5,Half Guard: Offense from a Defensive Position | The Underhook System | Half Guard Sweeps | Frequently Asked Questions | Related Techniques,1,1,0,1,21,20,0,15,10,15,10,10
en,bjj-half-guard-bottom-defense,80,⚠️  POOR,Concept_Strategy,621,6,Overview | Position Fundamentals | Sweep Mechanics | Escape Transitions | Countering Top Position,1,0,0,0,21,20,20,15,0,15,0,10
en,bjj-half-guard-fundamentals,80,⚠️  POOR,Concept_Strategy,823,5,Half Guard Positions | Key Half Guard Attacks | Half Guard Passing Tips (Top Player) | Frequently Asked Questions | Related Techniques,1,1,0,1,21,20,0,15,10,15,10,10
en,bjj-half-guard-sweeps,80,⚠️  POOR,Concept_Strategy,847,5,The Underhook War | Half Guard Variations | Half Guard Sweeps | Frequently Asked Questions | Related Techniques,1,1,0,1,21,20,0,15,10,15,10,10
en,bjj-heel-hook-defense,80,⚠️  POOR,Equipment_Gear,881,5,Why Heel Hook Defense Is Critical | The Golden Rule: Heel Toward Them | Heel Hook Defense Strategies | Frequently Asked Questions | Related Techniques,1,1,0,1,21,20,0,15,10,15,10,10
en,bjj-heel-hook-mechanics,80,⚠️  POOR,Concept_Strategy,900,5,Understanding Heel Hooks | Inside vs Outside Heel Hook | Heel Hook Finishing Mechanics | Frequently Asked Questions | Related Techniques,1,1,0,1,21,20,0,15,10,15,10,10
en,bjj-high-elbow-guillotine,80,⚠️  POOR,Concept_Strategy,730,6,High Elbow Guillotine Fundamentals | From Closed Guard | From Front Headlock Position | Standing Guillotine Setup | Common Escape Attempts,1,0,0,0,18,20,20,15,0,15,0,10
en,bjj-injury-recovery,80,⚠️  POOR,Concept_Strategy,826,4,Injuries Are Part of BJJ — Recovery Is a Skill | Common BJJ Injuries by Frequency | Smart Return-to-Training Protocol | Frequently Asked Questions,1,1,0,1,15,20,0,15,10,15,10,10
en,bjj-instructional-review,80,⚠️  POOR,Concept_Strategy,806,3,Why Instructionals Accelerate BJJ Growth | Top Instructionals by Category | Frequently Asked Questions,1,1,0,1,15,20,0,15,10,15,10,10
en,bjj-inversion-system,80,⚠️  POOR,Concept_Strategy,930,6,Foundation: The Basic Inversion | Berimbolo System | Tornado Guard | Inversion to Leg Locks | Defensive Inversions,1,0,0,0,12,20,20,15,0,15,0,10
en,bjj-joint-lock-mechanics,80,⚠️  POOR,Concept_Strategy,851,5,Armlock Biomechanics | Leg Lock Biomechanics | When to Tap — The Mechanical Rule | Frequently Asked Questions | Related Techniques,1,1,0,1,21,20,0,15,10,15,10,10
en,bjj-judo-for-bjj,80,⚠️  POOR,Concept_Strategy,797,4,Why Judo for BJJ? | Top Judo Throws for BJJ | Judo-BJJ Integration Tips | Frequently Asked Questions,1,1,0,1,15,20,0,15,10,15,10,10
en,bjj-knee-bar,80,⚠️  POOR,Concept_Strategy,797,5,What Is a Kneebar? | Kneebar Setups | Kneebar Mechanics | Safety Note | Frequently Asked Questions,1,1,0,1,15,20,0,15,10,15,10,10
en,bjj-knee-cut-pass-mechanics,80,⚠️  POOR,Concept_Strategy,608,6,Overview | Knee Placement | Hip Movement | Timing Windows | Finishing Position,1,0,0,0,21,20,20,15,0,15,0,10
en,bjj-knee-on-belly-escape-system,80,⚠️  POOR,Equipment_Gear,820,7,Understanding Knee on Belly | The Frame Escape | Hip Mobility Strategies | Reversal Attempts | Prevention Strategies,1,0,0,0,24,20,20,15,0,15,0,10
en,bjj-knee-on-belly-escape,80,⚠️  POOR,Concept_Strategy,693,3,Key Techniques | Frequently Asked Questions | Related Techniques,1,1,0,1,21,20,0,15,10,15,10,10
en,bjj-kneebar,80,⚠️  POOR,Concept_Strategy,880,5,Kneebar Fundamentals | Kneebar Mechanics | Kneebar Entries | Frequently Asked Questions | Related Techniques,1,1,0,1,20,20,0,15,10,15,10,10
en,bjj-leg-drag-pass-complete,80,⚠️  POOR,Concept_Strategy,617,6,Overview | Setup Phase | Tempo Management | Hip Positioning | Common Finishes,1,0,0,0,21,20,20,15,0,15,0,10
en,bjj-leg-entanglement,80,⚠️  POOR,Concept_Strategy,870,5,Ashi Garami Fundamentals | Inside vs. Outside Heel Hook | Positional Hierarchy | Safety Rules for Training | Frequently Asked Questions,1,1,0,1,20,20,0,15,10,15,10,10
en,bjj-leg-lock-entry-systems,80,⚠️  POOR,Concept_Strategy,714,5,The Three Pillars of Leg Lock Entries | Entry from Guard | Standing and Scramble Entries | FAQ | Related Techniques,1,1,0,1,16,20,0,15,10,15,10,10
en,bjj-leg-separation-passing,80,⚠️  POOR,Concept_Strategy,705,6,What is Leg Separation Passing? | Control Mechanics | Driving into Position | Combining with Other Passes | Related Guard Passing Techniques,1,0,0,0,24,20,20,15,0,15,0,10
en,bjj-loop-choke-guide,80,⚠️  POOR,Concept_Strategy,630,6,Overview | Guard Setup | Leg Mechanics | Pressure Application | Variation Details,1,0,0,0,21,20,20,15,0,15,0,10
en,bjj-mat-culture-etiquette,80,⚠️  POOR,Equipment_Gear,986,6,The Belt System and Respect | Hygiene as Respect | Tapping and Training Safety | Asking to Roll and Timing | Visiting Other Academies,1,0,0,0,12,20,20,15,0,15,0,10
en,bjj-mindfulness,80,⚠️  POOR,Concept_Strategy,622,4,Core Mindfulness Practices | Mindfulness During Rolling | Post-Training Reflection | FAQ,1,1,0,1,16,20,0,15,10,15,10,10
en,bjj-mma-guard-work,80,⚠️  POOR,Concept_Strategy,883,9,Overview | Key Concepts | Guard Types for MMA | Submissions That Work in MMA | Guard Work vs Striking,1,0,0,0,19,20,20,15,0,15,0,10
en,bjj-mount-escape-system,80,⚠️  POOR,Concept_Strategy,903,8,Mount Position Overview | The Bridge Escape Foundation | Hip Escape (Shrimp) Variations | Armpit Frame Strategy | Submission Defense from Mount,1,0,0,0,27,20,20,15,0,15,0,10
en,bjj-mounted-armbar-guide,80,⚠️  POOR,Equipment_Gear,620,6,Overview | Setup from Mount | Hip Positioning | Grip and Finish | Defense Strategies,1,0,0,0,21,20,20,15,0,15,0,10
en,bjj-neck-training,80,⚠️  POOR,Concept_Strategy,645,4,Why Neck Strength Matters in BJJ | Neck Training Exercises | FAQ | Related Techniques,1,1,0,1,19,20,0,15,10,15,10,10
en,bjj-no-gi-concepts,80,⚠️  POOR,Equipment_Gear,815,5,Friction-Based Control | Neck Wrestling | Guard Adjustments for No-Gi | Leg Lock Importance in No-Gi | Frequently Asked Questions,1,1,0,1,20,20,0,15,10,15,10,10
en,bjj-no-gi-fundamentals-advanced,80,⚠️  POOR,Equipment_Gear,832,5,What Makes No-Gi Different at the Advanced Level | Advanced No-Gi Control Points | Inside Position Principle | Frequently Asked Questions | Related Techniques,1,1,0,1,21,20,0,15,10,15,10,10
en,bjj-no-gi-fundamentals,80,⚠️  POOR,Equipment_Gear,812,5,No-Gi Grip Alternatives | Best No-Gi Guards | No-Gi Submission Priority | Frequently Asked Questions | Related Techniques,1,1,0,1,21,20,0,15,10,15,10,10
en,bjj-no-gi-guard-passing,80,⚠️  POOR,Concept_Strategy,630,5,Speed Passes | Pressure Passing | Key Techniques | Frequently Asked Questions | Related Techniques,1,1,0,1,21,20,0,15,10,15,10,10
en,bjj-nogi-gear-guide,80,⚠️  POOR,Equipment_Gear,889,8,No-Gi vs Gi Training: Gear Differences | Rash Guards: What You Need | Compression Shorts: Fit and Function | Spats: Thigh and Leg Protection | Top No-Gi Gear Brands,1,0,0,0,9,20,20,15,0,15,0,10
en,bjj-north-south-choke-guide,80,⚠️  POOR,Concept_Strategy,612,6,Overview | Position Setup | Grip and Pressure | Finishing Details | Counter Defenses,1,0,0,0,21,20,20,15,0,15,0,10
en,bjj-north-south-escape-system,80,⚠️  POOR,Equipment_Gear,907,8,What is North-South Position? | The Hip Escape | Frame Techniques | North-South Choke Defense | Advanced Escape Strategies,1,0,0,0,24,20,20,15,0,15,0,10
en,bjj-north-south-escape,80,⚠️  POOR,Concept_Strategy,665,3,Key Techniques | Frequently Asked Questions | Related Techniques,1,1,0,1,21,20,0,15,10,15,10,10
en,bjj-north-south-position,80,⚠️  POOR,Concept_Strategy,798,5,North-South Position Fundamentals | North-South Control Keys | North-South Choke Details | Frequently Asked Questions | Related Techniques,1,1,0,1,21,20,0,15,10,15,10,10
en,bjj-omoplata,80,⚠️  POOR,Concept_Strategy,775,4,Omoplata Mechanics | Omoplata Setup from Closed Guard | Omoplata Sweep vs Submission | Frequently Asked Questions,1,1,0,1,15,20,0,15,10,15,10,10
en,bjj-open-guard-fundamentals,80,⚠️  POOR,Concept_Strategy,817,5,What is Open Guard? | The Four Pillars of Open Guard | The Golden Rule of Open Guard | Frequently Asked Questions | Related Techniques,1,1,0,1,25,20,0,15,10,15,10,10
en,bjj-over-under-pass-details,80,⚠️  POOR,Concept_Strategy,611,6,Overview | Hand Placement | Body Positioning | Penetration Mechanics | Finishing Sequence,1,0,0,0,21,20,20,15,0,15,0,10
en,bjj-paper-cutter-choke,80,⚠️  POOR,Concept_Strategy,625,6,Overview | Position Setup | Finishing Sequence | Key Details | Common Defenses,1,0,0,0,21,20,20,15,0,15,0,10
en,bjj-peak-performance,80,⚠️  POOR,Concept_Strategy,851,5,Periodization for BJJ Competition | Tapering for Competition | Competition Week Management | Competition Day Warm-Up | Frequently Asked Questions,1,1,0,1,20,20,0,15,10,15,10,10
en,bjj-periodization-training,80,⚠️  POOR,Concept_Strategy,756,7,What is Periodization? | The Macrocycle: Annual Planning | Off-Season: Building Capacity | Pre-Competition: Tactical Refinement | Competition Phase: Maintenance,1,0,0,0,14,20,20,15,0,15,0,10
en,bjj-periodization,80,⚠️  POOR,Concept_Strategy,622,3,Annual Training Model | Weekly Structure Example (SPP Phase) | FAQ,1,1,0,1,16,20,0,15,10,15,10,10
en,bjj-philosophy,80,⚠️  POOR,Concept_Strategy,921,5,BJJ as a Life Philosophy | Core Life Lessons from BJJ | The Roll as Problem-Solving Practice | Ego and the Mat | Frequently Asked Questions,1,1,0,1,15,20,0,15,10,15,10,10
en,bjj-points-system-guide,80,⚠️  POOR,Equipment_Gear,856,5,IBJJF Points Table | The 3-Second Rule | Advantages | Strategic Implications | Frequently Asked Questions,1,1,0,1,15,20,0,15,10,15,10,10
en,bjj-positional-control-fundamentals,80,⚠️  POOR,Concept_Strategy,865,6,The Three Pillars of Positional Control | Reading Escape Attempts Early | Crossface and Underhook Control | Transitioning Between Positions | Common Positional Control Mistakes,1,0,0,0,19,20,20,15,0,15,0,10
en,bjj-positional-sparring,80,⚠️  POOR,Concept_Strategy,813,5,Positional Sparring Formats | Recommended Positional Sparring Rotation | Maximising Positional Sparring Results | Frequently Asked Questions | Related Techniques,1,1,0,1,21,20,0,15,10,15,10,10
en,bjj-pressure-passing-concepts,80,⚠️  POOR,Concept_Strategy,607,5,Weight Distribution | Control Before Position | Training Areas | Frequently Asked Questions | Related Techniques,1,1,0,1,21,20,0,15,10,15,10,10
en,bjj-pressure-passing-fundamentals,80,⚠️  POOR,Concept_Strategy,705,6,What is Pressure Passing? | Weight Distribution Principles | Timing and Sequencing | Integration into Top Game | Related Guard Passing Techniques,1,0,0,0,24,20,20,15,0,15,0,10
en,bjj-pressure-passing,80,⚠️  POOR,Concept_Strategy,738,5,Core Pressure Passes | Pressure Passing Principles | Common Pressure Passing Mistakes | Frequently Asked Questions | Related Techniques,1,1,0,1,21,20,0,15,10,15,10,10
en,bjj-pressure-top-game,80,⚠️  POOR,Concept_Strategy,676,6,Principles of Pressure | Side Control Pressure | Mount Pressure | Knee on Belly Transitions | Breaking Down Frames,1,0,0,0,8,20,20,15,0,15,0,10
en,bjj-purple-belt-requirements,80,⚠️  POOR,Concept_Strategy,822,3,What Purple Belt Means | Technical Requirements | FAQ,1,1,0,1,25,20,0,15,10,15,10,10
en,bjj-quarter-guard-survival,80,⚠️  POOR,Concept_Strategy,625,6,Overview | Position Setup | Survival Techniques | Transition Paths | Common Threats,1,0,0,0,21,20,20,15,0,15,0,10
en,bjj-reactive-defense-guide,80,⚠️  POOR,Concept_Strategy,831,6,Defense Reading Fundamentals | Reactive Blocking Mechanics | Anticipatory Defense | Defense to Counter Transitions | Competition Reactive Defense,1,0,0,0,33,20,20,15,0,15,0,10
en,bjj-rear-naked-choke,80,⚠️  POOR,Concept_Strategy,951,5,The King of Back Attacks | Back Control Setup | RNC Finishing Mechanics | Frequently Asked Questions | Related Techniques,1,1,0,1,21,20,0,15,10,15,10,10
en,bjj-recovering-guard,80,⚠️  POOR,Concept_Strategy,689,3,Key Techniques | Frequently Asked Questions | Related Techniques,1,1,0,1,21,20,0,15,10,15,10,10
en,bjj-recovery-science,80,⚠️  POOR,Conditioning_Nutrition,880,5,Active Recovery vs. Passive Rest | Nutrition Timing for Recovery | Cold Therapy and Heat Therapy | HRV Monitoring for Training Load | Frequently Asked Questions,1,1,0,1,20,20,0,15,10,15,10,10
en,bjj-reverse-de-la-riva,80,⚠️  POOR,Concept_Strategy,879,5,The Position | Key Differences from De La Riva | Primary Attacks | Defending RDLR | Frequently Asked Questions,1,1,0,1,15,20,0,15,10,15,10,10
en,bjj-rubber-guard,80,⚠️  POOR,Concept_Strategy,747,5,What is the Rubber Guard? | Rubber Guard Positions | Flexibility Requirements | Frequently Asked Questions | Related Techniques,1,1,0,1,21,20,0,15,10,15,10,10
en,bjj-rule-sets-comparison,80,⚠️  POOR,Rule,917,5,Why Rule Sets Matter | Rule Set Comparison | IBJJF Points System | ADCC Scoring | Frequently Asked Questions,1,1,0,1,15,20,0,15,10,15,10,10
en,bjj-rules-for-beginners,80,⚠️  POOR,Rule,966,3,Scoring System | FAQ | Related Guides,1,1,0,1,35,20,0,15,10,15,10,10
en,bjj-s-mount-guide,80,⚠️  POOR,Concept_Strategy,732,6,What is S Mount? | Setup from Mount | Control Mechanics from S Mount | Submission Opportunities | Related Mount Positions,1,0,0,0,24,20,20,15,0,15,0,10
en,bjj-saddle-position-guide,80,⚠️  POOR,Concept_Strategy,768,6,What is Saddle Position? | Entry from Ashi Garami | Heel Hook Systems from Saddle | Defense and Prevention | Advanced Leg Lock References,1,0,0,0,25,20,20,15,0,15,0,10
en,bjj-scramble-concepts,80,⚠️  POOR,Concept_Strategy,851,4,What Is a Scramble? | Scramble Fundamentals | Common Scramble Situations | Frequently Asked Questions,1,1,0,1,15,20,0,15,10,15,10,10
en,bjj-scramble-systems,80,⚠️  POOR,Concept_Strategy,813,6,What Is a Scramble? | The Re-Guard Concept | Inversion as a Scramble Tool | Stand-Up Scrambles | Scramble Reads,1,0,0,0,11,20,20,15,0,15,0,10
en,bjj-scrambles,80,⚠️  POOR,Concept_Strategy,795,4,Common Scramble Patterns | Scramble Principles | Turning Scrambles Into Dominant Positions | Frequently Asked Questions,1,1,0,1,15,20,0,15,10,15,10,10
en,bjj-seated-guard-guide,80,⚠️  POOR,Concept_Strategy,636,5,Position Setup | Key Techniques | Key Techniques | Frequently Asked Questions | Related Techniques,1,1,0,1,21,20,0,15,10,15,10,10
en,bjj-side-control-attacks,80,⚠️  POOR,Concept_Strategy,1042,5,Why Side Control Is an Underrated Attack Platform | Top Submissions from Side Control | Transitions from Side Control | FAQ | Related Techniques,1,1,0,1,20,20,0,15,10,15,10,10
en,bjj-side-control-escapes,80,⚠️  POOR,Concept_Strategy,675,3,Key Techniques | Frequently Asked Questions | Related Techniques,1,1,0,1,21,20,0,15,10,15,10,10
en,bjj-side-control-fundamentals,80,⚠️  POOR,Concept_Strategy,827,5,Side Control: The Gateway Position | Side Control Mechanics | Key Submissions from Side Control | Frequently Asked Questions | Related Techniques,1,1,0,1,21,20,0,15,10,15,10,10
en,bjj-single-leg-takedown,80,⚠️  POOR,Concept_Strategy,817,5,Single Leg Takedown Fundamentals | Single Leg Entries | Single Leg Finishes | Frequently Asked Questions | Related Techniques,1,1,0,1,21,20,0,15,10,15,10,10
en,bjj-single-leg-x,80,⚠️  POOR,Concept_Strategy,842,4,Ashi Garami Entry Points | Attacks from Ashi Garami | Maintaining Ashi Garami Control | Frequently Asked Questions,1,1,0,1,15,20,0,15,10,15,10,10
en,bjj-sleep-recovery,80,⚠️  POOR,Athlete_Bio,684,4,Recovery Hierarchy | Sleep Optimization for BJJ Athletes | Overtraining Signs | FAQ,1,1,0,1,16,20,0,15,10,15,10,10
en,bjj-solo-training-guide,80,⚠️  POOR,Concept_Strategy,619,3,What Solo Training Can Achieve | 30-Minute Solo Session Template | FAQ,1,1,0,1,16,20,0,15,10,15,10,10
en,bjj-spider-guard,80,⚠️  POOR,Concept_Strategy,784,5,Spider Guard Fundamentals | Spider Guard Sweeps | Spider Guard to Triangle | Frequently Asked Questions | Related Techniques,1,1,0,1,21,20,0,15,10,15,10,10
en,bjj-stalling-prevention,80,⚠️  POOR,Concept_Strategy,869,5,What Is Stalling in BJJ? | IBJJF Stalling Penalty System | Common Stalling Situations | Competing Actively While Protecting a Lead | Frequently Asked Questions,1,1,0,1,15,20,0,15,10,15,10,10
en,bjj-strength-and-conditioning,80,⚠️  POOR,Athlete_Bio,648,4,Training Phases | Top Exercises for BJJ | Energy System Training | FAQ,1,1,0,1,16,20,0,15,10,15,10,10
en,bjj-strength-program,80,⚠️  POOR,Athlete_Bio,790,5,Primary Movement Patterns | Grip Strength Development | Program Structure for BJJ Athletes | Avoiding Overtraining | Frequently Asked Questions,1,1,0,1,20,20,0,15,10,15,10,10
en,bjj-submission-defence,80,⚠️  POOR,Concept_Strategy,836,5,Choke Defence Principles | Armlock Defence Principles | Leg Lock Defence Principles | Frequently Asked Questions | Related Techniques,1,1,0,1,21,20,0,15,10,15,10,10
en,bjj-submission-finishing-details,80,⚠️  POOR,Concept_Strategy,766,8,Why Finishing Details Matter | Armbar Finishing Mechanics | Triangle Choke Finishing Details | Rear Naked Choke Mechanics | Heel Hook Finishing Details,1,0,0,0,17,20,20,15,0,15,0,10
en,bjj-submission-hunting-advanced,80,⚠️  POOR,Concept_Strategy,837,6,The Submission Triangle Concept | Creating Submission Opportunities | The Trap and Chain System | Converting Half-Submissions to Full Control | Submission Hunting Under Fatigue,1,0,0,0,19,20,20,15,0,15,0,10
en,bjj-submission-hunting,80,⚠️  POOR,Concept_Strategy,823,5,Why Submission Rate Matters | The Submission Hunting Framework | Position-Specific Submission Chains | Frequently Asked Questions | Related Techniques,1,1,0,1,21,20,0,15,10,15,10,10
en,bjj-submission-matrix,80,⚠️  POOR,Concept_Strategy,720,6,Key Concepts | Building Your Matrix | High-Percentage Combinations | Position-to-Submission Mapping | Developing Your Matrix,1,0,0,0,19,20,20,15,0,15,0,10
en,bjj-submission-only-strategy,80,⚠️  POOR,Equipment_Gear,883,7,The Sub-Only Mindset | Strategic Risk Management | Submission Sequencing | Overtime and Tiebreaker Rules | Guard Pulling Strategy,1,0,0,0,18,20,20,15,0,15,0,10
en,bjj-submission-pressure-guide,80,⚠️  POOR,Concept_Strategy,785,6,The Submission-Sweep Dynamic | Creating Defensive Reactions | Grip Sequence as Pressure | Positional Pressure vs. Submission Pressure | Pressure Training Methods,1,0,0,0,18,20,20,15,0,15,0,10
en,bjj-submission-setup-chains,80,⚠️  POOR,Concept_Strategy,861,9,Overview | Key Concepts | Classic Chains | Guard-Based Chains | Top Position Chains,1,0,0,0,18,20,20,15,0,15,0,10
en,bjj-sweep-fundamentals,80,⚠️  POOR,Concept_Strategy,813,5,The Three Off-Balancing Directions | Core Sweep Inventory | Sweep Timing Tips | Frequently Asked Questions | Related Techniques,1,1,0,1,25,20,0,15,10,15,10,10
en,bjj-terminology,80,⚠️  POOR,Concept_Strategy,983,3,Essential Terms | FAQ | Related Guides,1,1,0,1,33,20,0,15,10,15,10,10
en,bjj-toe-hold-guide,80,⚠️  POOR,Concept_Strategy,928,5,Mechanics | Grip Details | Primary Entries | Defense | Frequently Asked Questions,1,1,0,1,15,20,0,15,10,15,10,10
en,bjj-top-game-fundamentals,80,⚠️  POOR,Concept_Strategy,792,5,Side Control Fundamentals | Advancing to Mount | Submissions from Top | Frequently Asked Questions | Related Techniques,1,1,0,1,21,20,0,15,10,15,10,10
en,bjj-top-game-pressure,80,⚠️  POOR,Concept_Strategy,774,5,The Pressure Passing Philosophy | Fundamentals of Pressure Passing | Key Pressure Passes |  | Frequently Asked Questions,1,1,0,1,15,20,0,15,10,15,10,10
en,bjj-torreando-pass-variations,80,⚠️  POOR,Concept_Strategy,611,6,Overview | Collar Control Setup | Hip Swing Mechanics | Timing Considerations | Defensive Counters,1,0,0,0,21,20,20,15,0,15,0,10
en,bjj-tournament-preparation,80,⚠️  POOR,Concept_Strategy,840,5,The 4-Week Tournament Prep Timeline | Training Taper Strategy | Game Plan Development | Day-of Tournament Checklist | Frequently Asked Questions,1,1,0,1,15,20,0,15,10,15,10,10
en,bjj-training-equipment-guide,80,⚠️  POOR,Equipment_Gear,903,8,Training Mats: Mat Selection | Grappling Dummies: Solo Training | Gear Bags: Storage and Transport | Protective Equipment | Recovery and Mobility Tools,1,0,0,0,8,20,20,15,0,15,0,10
en,bjj-training-tips,80,⚠️  POOR,Concept_Strategy,991,3,Training Tips | FAQ | Related Guides,1,1,0,1,38,20,0,15,10,15,10,10
en,bjj-transition-game-advanced,80,⚠️  POOR,Concept_Strategy,866,8,Overview | Key Concepts | Scramble Mastery | Guard to Back Transitions | Top Game Transitions,1,0,0,0,12,20,20,15,0,15,0,10
en,bjj-triangle-choke-variations,80,⚠️  POOR,Concept_Strategy,811,5,Beyond the Basic Triangle | Triangle Variations | Finishing the Triangle | Frequently Asked Questions | Related Techniques,1,1,0,1,21,20,0,15,10,15,10,10
en,bjj-turtle-position,80,⚠️  POOR,Concept_Strategy,801,5,Understanding the Turtle Position | Taking the Back from Turtle | Attacks on the Turtle | Frequently Asked Questions | Related Techniques,1,1,0,1,21,20,0,15,10,15,10,10
en,bjj-turtle-top-attacks,80,⚠️  POOR,Concept_Strategy,860,7,Clock Choke | Anaconda and D'Arce from Turtle | Back Take from Turtle | Harness Roll (Peruvian Necktie) | Leg Attacks from Turtle,1,0,0,0,17,20,20,15,0,15,0,10
en,bjj-von-flue-choke-guide,80,⚠️  POOR,Concept_Strategy,796,6,The Von Flue Choke Overview | Setup and Mechanics | Critical Timing | Prevention and Escape | Related Chokes and Escapes,1,0,0,0,24,20,20,15,0,15,0,10
en,bjj-vs-judo,80,⚠️  POOR,Concept_Strategy,876,2,📊 Comparison | ❓ FAQ,1,1,0,1,30,20,0,15,10,15,10,10
en,bjj-vs-wrestling,80,⚠️  POOR,Concept_Strategy,919,3,Head-to-Head Comparison | FAQ | Related Guides,1,1,0,1,35,20,0,15,10,15,10,10
en,bjj-wrestling-for-bjj-guide,80,⚠️  POOR,Concept_Strategy,739,5,The Double Leg Takedown | The Single Leg Takedown | Snap Down and Underhook Battle | Takedown Defense | Frequently Asked Questions,1,1,0,1,20,20,0,15,10,15,10,10
en,bjj-wrestling-for-guards,80,⚠️  POOR,Concept_Strategy,798,5,Guard Pull vs Takedown: The Choice | When to Pull Guard | How to Pull Guard Cleanly | Frequently Asked Questions | Related Techniques,1,1,0,1,21,20,0,15,10,15,10,10
en,bjj-wrestling-takedown-for-bjj,80,⚠️  POOR,Concept_Strategy,1057,7,The BJJ Wrestling Stance | Double Leg Takedown | Single Leg System | Trips and Foot Sweeps | Snap Down and Front Headlock,1,0,0,0,18,20,20,15,0,15,0,10
en,bjj-x-guard,80,⚠️  POOR,Concept_Strategy,797,5,X-Guard Fundamentals | X-Guard Entry | X-Guard Sweeps | Frequently Asked Questions | Related Techniques,1,1,0,1,21,20,0,15,10,15,10,10
en,heel-hook-vs-ankle-lock,80,⚠️  POOR,Concept_Strategy,1028,3,📊 Comparison | ❓ FAQ | Related Techniques,1,1,0,1,37,20,0,15,10,15,10,10
en,how-long-to-black-belt-bjj,80,⚠️  POOR,Concept_Strategy,822,4,📊 Average Belt Timeline | ⚡ What Speeds Up the Process | 🏆 Fastest BJJ Black Belts on Record | ❓ FAQ,1,1,0,1,14,20,0,15,10,15,10,10
en,purple-belt-bjj-guide,80,⚠️  POOR,Concept_Strategy,822,5,🥋 What Changes at Purple Belt | 🔑 Technical Priorities | 💡 The Purple Belt Trap to Avoid | ❓ FAQ | 🥋 Advanced Purple Belt Techniques,1,1,0,1,26,20,0,15,10,15,10,10
en,50-50-guard,85,⚠️  POOR,Technique,1584,8,How to Execute | Key Details & Tips | Variations | When to Use | Counters & Defenses,1,1,0,1,37,20,20,15,10,0,10,10
en,arm-triangle-choke,85,⚠️  POOR,Technique,1541,8,How to Execute | Key Details & Tips | Variations | When to Use | Counters & Defenses,1,1,0,1,34,20,20,15,10,0,10,10
en,back-defense,85,⚠️  POOR,Technique,1176,6,⚙️ Step-by-Step Guide | Related Techniques | Common Mistakes in Back Defense | Training Tips for Back Defense | Learning Progression for Back Defense,1,1,0,1,34,20,20,15,10,0,10,10
en,back-take,85,⚠️  POOR,Technique,931,6,How to Execute | Related Techniques | Frequently Asked Questions | Common Mistakes in Back Take | Training Tips for Back Take,1,1,0,1,22,20,20,15,10,0,10,10
en,balloon-sweep,85,⚠️  POOR,Technique,1200,6,⚙️ Step-by-Step Guide | Related Techniques | Common Mistakes in Balloon Sweep | Training Tips for Balloon Sweep | Learning Progression for Balloon Sweep,1,1,0,1,36,20,20,15,10,0,10,10
en,baseball-choke,85,⚠️  POOR,Technique,1205,6,⚙️ Step-by-Step Guide | Related Techniques | Common Mistakes in Baseball Choke | Training Tips for Baseball Choke | Learning Progression for Baseball Choke,1,1,0,1,37,20,20,15,10,0,10,10
en,best-bjj-instructionals,85,⚠️  POOR,Drill,1177,6,Common Mistakes in Best Instructionals | Training Tips for Best Instructionals | Frequently Asked Questions | Learning Progression for Best Instructionals | Recommended Drills for Best Instructionals,1,1,0,1,14,20,20,15,10,0,10,10
en,best-bjj-knee-pads,85,⚠️  POOR,Drill,1067,6,🏆 Top Picks | ❓ FAQ | Common Mistakes in Best Knee Pads | Training Tips for Best Knee Pads | Learning Progression for Best Knee Pads,1,1,0,1,22,20,20,15,10,0,10,10
en,best-bjj-techniques-beginners,85,⚠️  POOR,Drill,1316,6,🥋 Essential Techniques | ❓ Frequently Asked Questions | Common Mistakes in Best Techniques Beginners | Training Tips for Best Techniques Beginners | Learning Progression for Best Techniques Beginners,1,1,0,1,34,20,20,15,10,0,10,10
en,best-no-gi-techniques,85,⚠️  POOR,Drill,1272,6,🥋 Essential Techniques | ❓ Frequently Asked Questions | Common Mistakes in Best No Gi Techniques | Training Tips for Best No Gi Techniques | Learning Progression for Best No Gi Techniques,1,1,0,1,34,20,20,15,10,0,10,10
en,bjj-411-position-guide,85,⚠️  POOR,Drill,787,7,Core Principles | Technical Setup | Advanced Applications | Training and Drilling | Common Mistakes and Corrections,1,1,0,1,33,20,20,15,10,0,10,10
en,bjj-absolute-division-bjj,85,⚠️  POOR,Technique,786,7,Overview | Key Concepts | Step-by-Step Guide | Common Mistakes | Training Progression,1,1,0,1,23,20,20,15,10,0,10,10
en,bjj-active-recovery-bjj,85,⚠️  POOR,Technique,787,7,Overview | Key Concepts | Step-by-Step Guide | Common Mistakes | Training Progression,1,1,0,1,23,20,20,15,10,0,10,10
en,bjj-adaptation-bjj,85,⚠️  POOR,Technique,780,7,Overview | Key Concepts | Step-by-Step Guide | Common Mistakes | Training Progression,1,1,0,1,23,20,20,15,10,0,10,10
en,bjj-adcc-rules-strategy,85,⚠️  POOR,Drill,984,6,Common Mistakes in Adcc Rules Strategy | Training Tips for Adcc Rules Strategy | Frequently Asked Questions | Learning Progression for Adcc Rules Strategy | Recommended Drills for Adcc Rules Strategy,1,1,0,1,9,20,20,15,10,0,10,10
en,bjj-advantage-system-bjj,85,⚠️  POOR,Drill,1116,6,Overview | Common Mistakes in Advantage System Bjj | Training Tips for Advantage System Bjj | Learning Progression for Advantage System Bjj | Recommended Drills for Advantage System Bjj,1,1,0,1,23,20,20,15,10,0,10,10
en,bjj-adversity-response-guide,85,⚠️  POOR,Drill,1010,6,Common Mistakes in Adversity Response Guide | Training Tips for Adversity Response Guide | Frequently Asked Questions | Learning Progression for Adversity Response Guide | Recommended Drills for Adversity Response Guide,1,1,0,1,17,20,20,15,10,0,10,10
en,bjj-anaconda-choke,85,⚠️  POOR,Technique,931,6,What Is the Anaconda Choke? | Anaconda vs D'Arce | Anaconda Execution | Frequently Asked Questions | Related Techniques,1,1,0,1,21,20,20,15,10,0,10,10
en,bjj-analyzing-tape-bjj,85,⚠️  POOR,Technique,793,7,Overview | Key Concepts | Step-by-Step Guide | Common Mistakes | Training Progression,1,1,0,1,23,20,20,15,10,0,10,10
en,bjj-arm-triangle-from-mount,85,⚠️  POOR,Technique,848,8,Overview | Key Concepts | Step-by-Step Guide | Common Mistakes | Training Progression,1,1,0,1,29,20,20,15,10,0,10,10
en,bjj-armbar-finishing-details,85,⚠️  POOR,Drill,805,7,Core Principles | Technical Setup | Advanced Applications | Training and Drilling | Common Mistakes and Corrections,1,1,0,1,33,20,20,15,10,0,10,10
en,bjj-armbar-from-guard-details,85,⚠️  POOR,Drill,814,7,Core Principles | Technical Setup | Advanced Applications | Training and Drilling | Common Mistakes and Corrections,1,1,0,1,33,20,20,15,10,0,10,10
en,bjj-armbar-from-mount-guide,85,⚠️  POOR,Drill,811,7,Core Principles | Technical Setup | Advanced Applications | Training and Drilling | Common Mistakes and Corrections,1,1,0,1,33,20,20,15,10,0,10,10
en,bjj-armbar-from-side-guide,85,⚠️  POOR,Drill,804,7,Core Principles | Technical Setup | Advanced Applications | Training and Drilling | Common Mistakes and Corrections,1,1,0,1,33,20,20,15,10,0,10,10
en,bjj-armbar-to-triangle-flow,85,⚠️  POOR,Technique,906,6,Core Principles | Step-by-Step Guide | Common Mistakes to Avoid | Frequently Asked Questions | Common Mistakes in Armbar To Triangle Flow,1,1,0,1,29,20,20,15,10,0,10,10
en,bjj-armpit-control-bjj,85,⚠️  POOR,Technique,897,6,Core Principles | Step-by-Step Guide | Common Mistakes to Avoid | Frequently Asked Questions | Common Mistakes in Armpit Control Bjj,1,1,0,1,29,20,20,15,10,0,10,10
en,bjj-back-control-body-triangle,85,⚠️  POOR,Drill,917,6,Related Techniques | Common Mistakes in Back Control Body Triangle | Training Tips for Back Control Body Triangle | Frequently Asked Questions | Learning Progression for Back Control Body Triangle,1,1,0,1,15,20,20,15,10,0,10,10
en,bjj-back-control-hooks,85,⚠️  POOR,Technique,902,6,Core Principles | Step-by-Step Guide | Common Mistakes to Avoid | Frequently Asked Questions | Common Mistakes in Back Control Hooks,1,1,0,1,29,20,20,15,10,0,10,10
en,bjj-back-control-pressure,85,⚠️  POOR,Technique,898,6,Core Principles | Step-by-Step Guide | Common Mistakes to Avoid | Frequently Asked Questions | Common Mistakes in Back Control Pressure,1,1,0,1,29,20,20,15,10,0,10,10
en,bjj-back-escape-counter-guide,85,⚠️  POOR,Drill,796,7,Core Principles | Technical Setup | Advanced Applications | Training and Drilling | Common Mistakes and Corrections,1,1,0,1,33,20,20,15,10,0,10,10
en,bjj-back-escape-roll-guide,85,⚠️  POOR,Drill,810,7,Core Principles | Technical Setup | Advanced Applications | Training and Drilling | Common Mistakes and Corrections,1,1,0,1,33,20,20,15,10,0,10,10
en,bjj-back-escape-seat-belt-guide,85,⚠️  POOR,Drill,823,7,Core Principles | Technical Setup | Advanced Applications | Training and Drilling | Common Mistakes and Corrections,1,1,0,1,33,20,20,15,10,0,10,10
en,bjj-back-escape-to-guard,85,⚠️  POOR,Drill,811,7,Core Principles | Technical Setup | Advanced Applications | Training and Drilling | Common Mistakes and Corrections,1,1,0,1,33,20,20,15,10,0,10,10
en,bjj-back-escape-to-turtle,85,⚠️  POOR,Drill,813,7,Core Principles | Technical Setup | Advanced Applications | Training and Drilling | Common Mistakes and Corrections,1,1,0,1,33,20,20,15,10,0,10,10
en,bjj-back-take-entries,85,⚠️  POOR,Drill,1175,6,Frequently Asked Questions | Related Techniques | Common Mistakes in Back Take Entries | Training Tips for Back Take Entries | Learning Progression for Back Take Entries,1,1,0,1,16,20,20,15,10,0,10,10
en,bjj-back-walk-technique,85,⚠️  POOR,Technique,908,6,Core Principles | Step-by-Step Guide | Common Mistakes to Avoid | Frequently Asked Questions | Common Mistakes in Back Walk Technique,1,1,0,1,29,20,20,15,10,0,10,10
en,bjj-base-in-bjj,85,⚠️  POOR,Drill,1127,6,Overview | Common Mistakes in Base In Bjj | Training Tips for Base In Bjj | Learning Progression for Base In Bjj | Recommended Drills for Base In Bjj,1,1,0,1,26,20,20,15,10,0,10,10
en,bjj-base-step-movements,85,⚠️  POOR,Technique,788,7,Overview | Key Concepts | Step-by-Step Guide | Common Mistakes | Training Progression,1,1,0,1,23,20,20,15,10,0,10,10
en,bjj-baseball-choke-details,85,⚠️  POOR,Technique,824,8,Overview | Key Concepts | Step-by-Step Guide | Common Mistakes | Training Progression,1,1,0,1,29,20,20,15,10,0,10,10
en,bjj-beginners-guide,85,⚠️  POOR,Drill,1201,6,Common Mistakes in Beginners Guide | Training Tips for Beginners Guide | Frequently Asked Questions | Learning Progression for Beginners Guide | Recommended Drills for Beginners Guide,1,1,0,1,9,20,20,15,10,0,10,10
en,bjj-belt-promotion-tips,85,⚠️  POOR,Drill,955,6,What Instructors Evaluate | Training Frequency and Quality | Drilling vs. Rolling | Mindset Shifts That Accelerate Promotion | Frequently Asked Questions,1,1,0,1,20,20,20,15,10,0,10,10
en,bjj-bicep-cutter-guard,85,⚠️  POOR,Technique,828,8,Overview | Key Concepts | Step-by-Step Guide | Common Mistakes | Training Progression,1,1,0,1,29,20,20,15,10,0,10,10
en,bjj-blue-belt-curriculum,85,⚠️  POOR,Technique,787,7,Overview | Key Concepts | Step-by-Step Guide | Common Mistakes | Training Progression,1,1,0,1,23,20,20,15,10,0,10,10
en,bjj-body-lock-guide,85,⚠️  POOR,Technique,902,6,Core Principles | Step-by-Step Guide | Common Mistakes to Avoid | Frequently Asked Questions | Common Mistakes in Body Lock Guide,1,1,0,1,29,20,20,15,10,0,10,10
en,bjj-body-mechanic-bjj,85,⚠️  POOR,Technique,967,6,Core Principles | Step-by-Step Guide | Common Mistakes to Avoid | Frequently Asked Questions | Common Mistakes in Body Mechanic Bjj,1,1,0,1,23,20,20,15,10,0,10,10
en,bjj-body-triangle-escapes,85,⚠️  POOR,Technique,893,6,Core Principles | Step-by-Step Guide | Common Mistakes to Avoid | Frequently Asked Questions | Common Mistakes in Body Triangle Escapes,1,1,0,1,29,20,20,15,10,0,10,10
en,bjj-bottom-game-guide,85,⚠️  POOR,Technique,808,6,Guard Dominance From Bottom | Sweep Execution | Submission Attacks From Bottom | Controlling The Match From Bottom | Frequently Asked Questions,1,1,0,1,27,20,20,15,10,0,10,10
en,bjj-bottom-game-mastery,85,⚠️  POOR,Drill,1349,6,Frequently Asked Questions | Common Mistakes in Bottom Game Mastery | Training Tips for Bottom Game Mastery | Learning Progression for Bottom Game Mastery | Recommended Drills for Bottom Game Mastery,1,1,0,1,10,20,20,15,10,0,10,10
en,bjj-breakdown-technique-bjj,85,⚠️  POOR,Technique,787,7,Overview | Key Concepts | Step-by-Step Guide | Common Mistakes | Training Progression,1,1,0,1,23,20,20,15,10,0,10,10
en,bjj-breaking-leg-defense,85,⚠️  POOR,Technique,817,8,Overview | Key Concepts | Step-by-Step Guide | Common Mistakes | Training Progression,1,1,0,1,29,20,20,15,10,0,10,10
en,bjj-bridging-details,85,⚠️  POOR,Technique,779,7,Overview | Key Concepts | Step-by-Step Guide | Common Mistakes | Training Progression,1,1,0,1,23,20,20,15,10,0,10,10
en,bjj-butterfly-guard-attacks,85,⚠️  POOR,Drill,817,7,Core Principles | Technical Setup | Advanced Applications | Training and Drilling | Common Mistakes and Corrections,1,1,0,1,33,20,20,15,10,0,10,10
en,bjj-butterfly-hook-game,85,⚠️  POOR,Drill,778,6,Core Principles | Technical Setup | Advanced Applications | Training and Drilling | Common Mistakes and Corrections,1,1,0,1,27,20,20,15,10,0,10,10
en,bjj-butterfly-sweep-mechanics,85,⚠️  POOR,Drill,834,7,Core Principles | Technical Setup | Advanced Applications | Training and Drilling | Common Mistakes and Corrections,1,1,0,1,33,20,20,15,10,0,10,10
en,bjj-butterfly-to-back-guide,85,⚠️  POOR,Drill,831,7,Core Principles | Technical Setup | Advanced Applications | Training and Drilling | Common Mistakes and Corrections,1,1,0,1,33,20,20,15,10,0,10,10
en,bjj-butterfly-vs-pressure,85,⚠️  POOR,Drill,795,6,Core Principles | Technical Setup | Advanced Applications | Training and Drilling | Common Mistakes and Corrections,1,1,0,1,27,20,20,15,10,0,10,10
en,bjj-calf-slicer-system,85,⚠️  POOR,Drill,1039,6,Overview | Common Mistakes in Calf Slicer System | Training Tips for Calf Slicer System | Learning Progression for Calf Slicer System | Recommended Drills for Calf Slicer System,1,1,0,1,13,20,20,15,10,0,10,10
en,bjj-can-opener-guide,85,⚠️  POOR,Technique,978,6,What is the Can Opener? | Execution | Pro Tips | Frequently Asked Questions | Common Mistakes in Can Opener Guide,1,1,0,1,11,20,20,15,10,0,10,10
en,bjj-cardio-training-bjj,85,⚠️  POOR,Drill,985,6,Common Mistakes in Cardio Training Bjj | Training Tips for Cardio Training Bjj | Learning Progression for Cardio Training Bjj | Recommended Drills for Cardio Training Bjj | Competition Applications of Cardio Training Bjj,1,1,0,1,9,20,20,15,10,0,10,10
en,bjj-cement-mixer-guide,85,⚠️  POOR,Drill,1008,6,Overview | Common Mistakes in Cement Mixer Guide | Training Tips for Cement Mixer Guide | Learning Progression for Cement Mixer Guide | Recommended Drills for Cement Mixer Guide,1,1,0,1,13,20,20,15,10,0,10,10
en,bjj-chest-to-chest-control,85,⚠️  POOR,Technique,872,7,Key Concepts | Step-by-Step Guide | Positional Applications | Breaking Chest Control | Connection Principles,1,1,0,1,18,20,20,15,10,0,10,10
en,bjj-clinch-to-takedown,85,⚠️  POOR,Technique,902,6,Core Principles | Step-by-Step Guide | Common Mistakes to Avoid | Frequently Asked Questions | Common Mistakes in Clinch To Takedown,1,1,0,1,29,20,20,15,10,0,10,10
en,bjj-closed-guard-attacks,85,⚠️  POOR,Drill,1190,6,Frequently Asked Questions | Related Techniques | Common Mistakes in Closed Guard Attacks | Training Tips for Closed Guard Attacks | Learning Progression for Closed Guard Attacks,1,1,0,1,15,20,20,15,10,0,10,10
en,bjj-collar-and-elbow-control,85,⚠️  POOR,Technique,906,6,Core Principles | Step-by-Step Guide | Common Mistakes to Avoid | Frequently Asked Questions | Common Mistakes in Collar And Elbow Control,1,1,0,1,29,20,20,15,10,0,10,10
en,bjj-collar-choke-details,85,⚠️  POOR,Technique,826,8,Overview | Key Concepts | Step-by-Step Guide | Common Mistakes | Training Progression,1,1,0,1,29,20,20,15,10,0,10,10
en,bjj-collar-sleeve-system,85,⚠️  POOR,Drill,1008,6,Overview | Common Mistakes in Collar Sleeve System | Training Tips for Collar Sleeve System | Learning Progression for Collar Sleeve System | Recommended Drills for Collar Sleeve System,1,1,0,1,13,20,20,15,10,0,10,10
en,bjj-collar-tie-system,85,⚠️  POOR,Drill,1117,6,Overview | Common Mistakes in Collar Tie System | Training Tips for Collar Tie System | Learning Progression for Collar Tie System | Recommended Drills for Collar Tie System,1,1,0,1,23,20,20,15,10,0,10,10
en,bjj-competition-anxiety-guide,85,⚠️  POOR,Drill,1011,6,Common Mistakes in Competition Anxiety Guide | Training Tips for Competition Anxiety Guide | Learning Progression for Competition Anxiety Guide | Recommended Drills for Competition Anxiety Guide | Competition Applications of Competition Anxiety Guide,1,1,0,1,17,20,20,15,10,0,10,10
en,bjj-competition-day-nutrition,85,⚠️  POOR,Technique,787,7,Overview | Key Concepts | Step-by-Step Guide | Common Mistakes | Training Progression,1,1,0,1,23,20,20,15,10,0,10,10
en,bjj-conceptual-bjj,85,⚠️  POOR,Technique,965,6,Core Principles | Step-by-Step Guide | Common Mistakes to Avoid | Frequently Asked Questions | Common Mistakes in Conceptual Bjj,1,1,0,1,23,20,20,15,10,0,10,10
en,bjj-conditioning-science,85,⚠️  POOR,Drill,1061,6,BJJ Conditioning Science | Common Mistakes in Conditioning Science | Training Tips for Conditioning Science | Learning Progression for Conditioning Science | Recommended Drills for Conditioning Science,1,1,0,1,9,20,20,15,10,0,10,10
en,bjj-confidence-building-guide,85,⚠️  POOR,Drill,1005,6,Common Mistakes in Confidence Building Guide | Training Tips for Confidence Building Guide | Learning Progression for Confidence Building Guide | Recommended Drills for Confidence Building Guide | Competition Applications of Confidence Building Guide,1,1,0,1,17,20,20,15,10,0,10,10
en,bjj-connection-points-guide,85,⚠️  POOR,Drill,1036,6,Overview | Common Mistakes in Connection Points Guide | Training Tips for Connection Points Guide | Learning Progression for Connection Points Guide | Recommended Drills for Connection Points Guide,1,1,0,1,15,20,20,15,10,0,10,10
en,bjj-connection-principles,85,⚠️  POOR,Drill,1094,6,Overview | Common Mistakes in Connection Principles | Training Tips for Connection Principles | Learning Progression for Connection Principles | Recommended Drills for Connection Principles,1,1,0,1,23,20,20,15,10,0,10,10
en,bjj-copy-elite-bjj,85,⚠️  POOR,Technique,792,7,Overview | Key Concepts | Step-by-Step Guide | Common Mistakes | Training Progression,1,1,0,1,23,20,20,15,10,0,10,10
en,bjj-core-training-guide,85,⚠️  POOR,Drill,1022,6,Overview | Common Mistakes in Core Training Guide | Training Tips for Core Training Guide | Learning Progression for Core Training Guide | Recommended Drills for Core Training Guide,1,1,0,1,14,20,20,15,10,0,10,10
en,bjj-counter-attack-system,85,⚠️  POOR,Drill,662,6,The Counter-Attack Mindset | Countering Guard Passes | Countering Takedown Attempts | Submission Counter-Attack Chain | Drills for Counter-Attack Reflexes,1,1,0,1,12,20,20,15,10,0,10,10
en,bjj-counter-knee-slide,85,⚠️  POOR,Technique,968,6,Core Principles | Step-by-Step Guide | Common Mistakes to Avoid | Frequently Asked Questions | Common Mistakes in Counter Knee Slide,1,1,0,1,23,20,20,15,10,0,10,10
en,bjj-counter-leg-drag-pass,85,⚠️  POOR,Technique,899,6,Core Principles | Step-by-Step Guide | Common Mistakes to Avoid | Frequently Asked Questions | Common Mistakes in Counter Leg Drag Pass,1,1,0,1,29,20,20,15,10,0,10,10
en,bjj-counter-pressure-pass,85,⚠️  POOR,Technique,887,6,Core Principles | Step-by-Step Guide | Common Mistakes to Avoid | Frequently Asked Questions | Common Mistakes in Counter Pressure Pass,1,1,0,1,29,20,20,15,10,0,10,10
en,bjj-counter-torreando-pass,85,⚠️  POOR,Technique,888,6,Core Principles | Step-by-Step Guide | Common Mistakes to Avoid | Frequently Asked Questions | Common Mistakes in Counter Torreando Pass,1,1,0,1,29,20,20,15,10,0,10,10
en,bjj-craig-jones-game-plan,85,⚠️  POOR,Drill,1013,6,Common Mistakes in Craig Jones Game Plan | Training Tips for Craig Jones Game Plan | Learning Progression for Craig Jones Game Plan | Recommended Drills for Craig Jones Game Plan | Competition Applications of Craig Jones Game Plan,1,1,0,1,9,20,20,15,10,0,10,10
en,bjj-d-arce-choke-guide,85,⚠️  POOR,Technique,916,6,Core Principles | Step-by-Step Guide | Common Mistakes to Avoid | Frequently Asked Questions | Common Mistakes in D Arce Choke Guide,1,1,0,1,29,20,20,15,10,0,10,10
en,bjj-de-la-riva-attacks,85,⚠️  POOR,Drill,1035,6,Overview | Common Mistakes in De La Riva Attacks | Training Tips for De La Riva Attacks | Learning Progression for De La Riva Attacks | Recommended Drills for De La Riva Attacks,1,1,0,1,13,20,20,15,10,0,10,10
en,bjj-deep-guard-recovery,85,⚠️  POOR,Technique,929,6,Core Principles | Step-by-Step Guide | Common Mistakes to Avoid | Frequently Asked Questions | Common Mistakes in Deep Guard Recovery,1,1,0,1,29,20,20,15,10,0,10,10
en,bjj-deep-half-guard-mastery,85,⚠️  POOR,Drill,865,8,Understanding the Deep Half Guard | Core Sweeps from Deep Half | Leg Lock Entries from Deep Half | Dealing With the Kimura Trap | Deep Half Guard Drills,1,1,0,1,17,20,20,15,10,0,10,10
en,bjj-defensive-game-plan,85,⚠️  POOR,Drill,1022,6,Overview | Common Mistakes in Defensive Game Plan | Training Tips for Defensive Game Plan | Learning Progression for Defensive Game Plan | Recommended Drills for Defensive Game Plan,1,1,0,1,14,20,20,15,10,0,10,10
en,bjj-diet-for-bjj,85,⚠️  POOR,Drill,1022,6,Overview | Common Mistakes in Diet For Bjj | Training Tips for Diet For Bjj | Learning Progression for Diet For Bjj | Recommended Drills for Diet For Bjj,1,1,0,1,14,20,20,15,10,0,10,10
en,bjj-dlr-back-take-guide,85,⚠️  POOR,Drill,821,7,Core Principles | Technical Setup | Advanced Applications | Training and Drilling | Common Mistakes and Corrections,1,1,0,1,33,20,20,15,10,0,10,10
en,bjj-dlr-berimbolo-guide,85,⚠️  POOR,Drill,777,6,Core Principles | Technical Setup | Advanced Applications | Training and Drilling | Common Mistakes and Corrections,1,1,0,1,27,20,20,15,10,0,10,10
en,bjj-dlr-entries-guide,85,⚠️  POOR,Drill,788,6,Core Principles | Technical Setup | Advanced Applications | Training and Drilling | Common Mistakes and Corrections,1,1,0,1,27,20,20,15,10,0,10,10
en,bjj-dlr-passing-counter,85,⚠️  POOR,Drill,817,7,Core Principles | Technical Setup | Advanced Applications | Training and Drilling | Common Mistakes and Corrections,1,1,0,1,33,20,20,15,10,0,10,10
en,bjj-dlr-submissions-guide,85,⚠️  POOR,Technique,818,8,Overview | Key Concepts | Step-by-Step Guide | Common Mistakes | Training Progression,1,1,0,1,29,20,20,15,10,0,10,10
en,bjj-dlr-sweeps-guide,85,⚠️  POOR,Technique,823,8,Overview | Key Concepts | Step-by-Step Guide | Common Mistakes | Training Progression,1,1,0,1,29,20,20,15,10,0,10,10
en,bjj-dlr-to-back-guide,85,⚠️  POOR,Technique,837,8,Overview | Key Concepts | Step-by-Step Guide | Common Mistakes | Training Progression,1,1,0,1,29,20,20,15,10,0,10,10
en,bjj-dlr-vs-combat-base,85,⚠️  POOR,Technique,807,7,Overview | Key Concepts | Step-by-Step Guide | Common Mistakes | Training Progression,1,1,0,1,23,20,20,15,10,0,10,10
en,bjj-dogfight-from-half,85,⚠️  POOR,Technique,793,7,Overview | Key Concepts | Step-by-Step Guide | Common Mistakes | Training Progression,1,1,0,1,23,20,20,15,10,0,10,10
en,bjj-double-guard-pull,85,⚠️  POOR,Drill,1270,6,Frequently Asked Questions | Related Techniques | Common Mistakes in Double Guard Pull | Training Tips for Double Guard Pull | Learning Progression for Double Guard Pull,1,1,0,1,16,20,20,15,10,0,10,10
en,bjj-double-leg-defense,85,⚠️  POOR,Drill,1001,9,Understanding the Double Leg | Prevention: The First Line of Defense | The Sprawl Against Double Leg | Post-Sprawl Control | Underhook Escape,1,1,0,1,29,20,20,15,10,0,10,10
en,bjj-double-leg-takedown-system,85,⚠️  POOR,Drill,949,7,Why Double Leg? | Shooting the Double Leg | Finishing Positions | Common Mistakes | Drilling the Double Leg,1,1,0,1,21,20,20,15,10,0,10,10
en,bjj-drilling-guide,85,⚠️  POOR,Drill,1067,7,Why Drilling Works | Solo Drilling | Partner Drilling | Drilling vs. Sparring Ratio | Sample 20-Minute Solo Drilling Routine,1,1,0,1,25,20,20,15,10,0,10,10
en,bjj-drilling-methodology,85,⚠️  POOR,Drill,680,7,Types of BJJ Drilling | Repetition Drilling Protocol | Positional Drilling Design | Flow Drilling for Integration | Building a Drilling Program,1,1,0,1,18,20,20,15,10,0,10,10
en,bjj-drilling-partner-guide,85,⚠️  POOR,Technique,817,8,Overview | Key Concepts | Step-by-Step Guide | Common Mistakes | Training Progression,1,1,0,1,29,20,20,15,10,0,10,10
en,bjj-drilling-routines-bjj,85,⚠️  POOR,Technique,813,8,Overview | Key Concepts | Step-by-Step Guide | Common Mistakes | Training Progression,1,1,0,1,29,20,20,15,10,0,10,10
en,bjj-ebi-rules-strategy,85,⚠️  POOR,Drill,985,6,Common Mistakes in Ebi Rules Strategy | Training Tips for Ebi Rules Strategy | Learning Progression for Ebi Rules Strategy | Recommended Drills for Ebi Rules Strategy | Competition Applications of Ebi Rules Strategy,1,1,0,1,9,20,20,15,10,0,10,10
en,bjj-elbow-control-bjj,85,⚠️  POOR,Technique,896,6,Core Principles | Step-by-Step Guide | Common Mistakes to Avoid | Frequently Asked Questions | Common Mistakes in Elbow Control Bjj,1,1,0,1,29,20,20,15,10,0,10,10
en,bjj-elbow-escape-guide,85,⚠️  POOR,Technique,978,8,Why the Elbow Escape Works | Step-by-Step Elbow Escape | Two Directions | Against High Mount | Against Hooks,1,1,0,1,19,20,20,15,10,0,10,10
en,bjj-explosive-power-bjj,85,⚠️  POOR,Technique,973,6,Core Principles | Step-by-Step Guide | Common Mistakes to Avoid | Frequently Asked Questions | Common Mistakes in Explosive Power Bjj,1,1,0,1,23,20,20,15,10,0,10,10
en,bjj-ezekiel-from-mount,85,⚠️  POOR,Technique,831,8,Overview | Key Concepts | Step-by-Step Guide | Common Mistakes | Training Progression,1,1,0,1,29,20,20,15,10,0,10,10
en,bjj-faq,85,⚠️  POOR,Drill,2857,6,Common Mistakes in Faq | Training Tips for Faq | Learning Progression for Faq | Recommended Drills for Faq | Competition Applications of Faq,1,1,0,1,13,20,20,15,10,0,10,10
en,bjj-feel-in-bjj,85,⚠️  POOR,Technique,971,6,Core Principles | Step-by-Step Guide | Common Mistakes to Avoid | Frequently Asked Questions | Common Mistakes in Feel In Bjj,1,1,0,1,23,20,20,15,10,0,10,10
en,bjj-film-study-bjj,85,⚠️  POOR,Technique,787,7,Overview | Key Concepts | Step-by-Step Guide | Common Mistakes | Training Progression,1,1,0,1,23,20,20,15,10,0,10,10
en,bjj-film-study-guide,85,⚠️  POOR,Drill,985,6,Common Mistakes in Film Study Guide | Training Tips for Film Study Guide | Learning Progression for Film Study Guide | Recommended Drills for Film Study Guide | Competition Applications of Film Study Guide,1,1,0,1,9,20,20,15,10,0,10,10
en,bjj-first-year-bjj,85,⚠️  POOR,Technique,794,7,Overview | Key Concepts | Step-by-Step Guide | Common Mistakes | Training Progression,1,1,0,1,23,20,20,15,10,0,10,10
en,bjj-flexibility-routine,85,⚠️  POOR,Drill,957,6,Common Mistakes in Flexibility Routine | Training Tips for Flexibility Routine | Learning Progression for Flexibility Routine | Recommended Drills for Flexibility Routine | Competition Applications of Flexibility Routine,1,1,0,1,9,20,20,15,10,0,10,10
en,bjj-flow-rolling-advanced,85,⚠️  POOR,Drill,948,7,"Intentional Flow Rolling | The ""Yes-And"" Rule | Purposeful Giving | Flow Rolling for Competition Prep | Identifying Flow Rolling Partners",1,1,0,1,9,20,20,15,10,0,10,10
en,bjj-flow-rolling,85,⚠️  POOR,Drill,1090,7,What Is Flow Rolling? | Benefits of Flow Rolling | How to Flow Roll Correctly | Common Mistakes | Flow Rolling Drills,1,1,0,1,19,20,20,15,10,0,10,10
en,bjj-flow-state-training,85,⚠️  POOR,Drill,677,6,What is Flow State in BJJ? | Conditions That Enable Flow | Drill Protocols for Flow | Competition Flow Preparation | Post-Training Flow Review,1,1,0,1,12,20,20,15,10,0,10,10
en,bjj-foam-rolling-bjj,85,⚠️  POOR,Technique,792,7,Overview | Key Concepts | Step-by-Step Guide | Common Mistakes | Training Progression,1,1,0,1,23,20,20,15,10,0,10,10
en,bjj-focus-concentration-guide,85,⚠️  POOR,Drill,1009,6,Common Mistakes in Focus Concentration Guide | Training Tips for Focus Concentration Guide | Learning Progression for Focus Concentration Guide | Recommended Drills for Focus Concentration Guide | Competition Applications of Focus Concentration Guide,1,1,0,1,17,20,20,15,10,0,10,10
en,bjj-for-beginners-guide,85,⚠️  POOR,Drill,1008,6,Overview | Common Mistakes in For Beginners Guide | Training Tips for For Beginners Guide | Learning Progression for For Beginners Guide | Recommended Drills for For Beginners Guide,1,1,0,1,13,20,20,15,10,0,10,10
en,bjj-for-mma-guide,85,⚠️  POOR,Drill,1008,6,Overview | Common Mistakes in For Mma Guide | Training Tips for For Mma Guide | Learning Progression for For Mma Guide | Recommended Drills for For Mma Guide,1,1,0,1,13,20,20,15,10,0,10,10
en,bjj-for-women-guide,85,⚠️  POOR,Drill,1008,6,Overview | Common Mistakes in For Women Guide | Training Tips for For Women Guide | Learning Progression for For Women Guide | Recommended Drills for For Women Guide,1,1,0,1,13,20,20,15,10,0,10,10
en,bjj-for-wrestlers,85,⚠️  POOR,Drill,981,6,Overview | Common Mistakes in For Wrestlers | Training Tips for For Wrestlers | Learning Progression for For Wrestlers | Recommended Drills for For Wrestlers,1,1,0,1,13,20,20,15,10,0,10,10
en,bjj-framing-in-bjj,85,⚠️  POOR,Drill,1120,6,Overview | Common Mistakes in Framing In Bjj | Training Tips for Framing In Bjj | Learning Progression for Framing In Bjj | Recommended Drills for Framing In Bjj,1,1,0,1,23,20,20,15,10,0,10,10
en,bjj-front-headlock-attacks,85,⚠️  POOR,Technique,816,8,Overview | Key Concepts | Step-by-Step Guide | Common Mistakes | Training Progression,1,1,0,1,29,20,20,15,10,0,10,10
en,bjj-game-plan,85,⚠️  POOR,Drill,1014,6,What Is a Game Plan? | Choosing Your A-Game | Building the Chain | Drilling Under Pressure | Game Plan Execution in Competition,1,1,0,1,16,20,20,15,10,0,10,10
en,bjj-game-planning-guide,85,⚠️  POOR,Technique,798,6,Self-Knowledge | Opponent Analysis | Strategy Development | In-Match Execution | Frequently Asked Questions,1,1,0,1,27,20,20,15,10,0,10,10
en,bjj-garry-tonon-game-plan,85,⚠️  POOR,Drill,1013,6,Common Mistakes in Garry Tonon Game Plan | Training Tips for Garry Tonon Game Plan | Learning Progression for Garry Tonon Game Plan | Recommended Drills for Garry Tonon Game Plan | Competition Applications of Garry Tonon Game Plan,1,1,0,1,9,20,20,15,10,0,10,10
en,bjj-gi-brands-guide,85,⚠️  POOR,Equipment_Gear,953,7,🇺🇸 Top US/International Brands | 💰 Budget Picks | 🩳 No-Gi Gear | 📊 Quick Comparison | 📐 Sizing & Care Tips,0,1,0,1,9,20,20,0,10,15,10,10
en,bjj-gi-buying-guide,85,⚠️  POOR,Technique,1121,10,Step 1: Understand Gi Weave Types | Step 2: Find Your Correct Size | Step 3: Consider Your Body Type | Step 4: Set Your Budget | Step 5: Check Durability Features,1,1,0,1,8,20,20,15,10,0,10,10
en,bjj-gi-choke-systems,85,⚠️  POOR,Drill,968,8,Cross Collar Choke (Cross-Choke) | Bow and Arrow Choke | Ezekiel Choke | Baseball Bat Choke | Lapel Guard Chokes,1,1,0,1,17,20,20,15,10,0,10,10
en,bjj-gift-wrap-attack,85,⚠️  POOR,Technique,790,7,Overview | Key Concepts | Step-by-Step Guide | Common Mistakes | Training Progression,1,1,0,1,23,20,20,15,10,0,10,10
en,bjj-gordon-ryan-game-plan,85,⚠️  POOR,Drill,1013,6,Common Mistakes in Gordon Ryan Game Plan | Training Tips for Gordon Ryan Game Plan | Learning Progression for Gordon Ryan Game Plan | Recommended Drills for Gordon Ryan Game Plan | Competition Applications of Gordon Ryan Game Plan,1,1,0,1,9,20,20,15,10,0,10,10
en,bjj-granby-roll-advanced,85,⚠️  POOR,Technique,928,6,The Granby Roll Explained | Proper Positioning | Execution Mechanics | Advanced Variations | When Granby Rolls Work Best,1,1,0,1,15,20,20,15,10,0,10,10
en,bjj-grip-endurance-training,85,⚠️  POOR,Technique,969,6,Core Principles | Step-by-Step Guide | Common Mistakes to Avoid | Frequently Asked Questions | Common Mistakes in Grip Endurance Training,1,1,0,1,23,20,20,15,10,0,10,10
en,bjj-grip-strength-training,85,⚠️  POOR,Drill,1022,6,Overview | Common Mistakes in Grip Strength Training | Training Tips for Grip Strength Training | Learning Progression for Grip Strength Training | Recommended Drills for Grip Strength Training,1,1,0,1,14,20,20,15,10,0,10,10
en,bjj-growth-mindset-bjj,85,⚠️  POOR,Drill,985,6,Common Mistakes in Growth Mindset Bjj | Training Tips for Growth Mindset Bjj | Learning Progression for Growth Mindset Bjj | Recommended Drills for Growth Mindset Bjj | Competition Applications of Growth Mindset Bjj,1,1,0,1,9,20,20,15,10,0,10,10
en,bjj-guard-attack-systems,85,⚠️  POOR,Drill,953,6,Common Mistakes in Guard Attack Systems | Training Tips for Guard Attack Systems | Learning Progression for Guard Attack Systems | Recommended Drills for Guard Attack Systems | Frequently Asked Questions,1,1,0,1,23,20,20,15,10,0,10,10
en,bjj-guard-development-system,85,⚠️  POOR,Technique,843,7,Key Concepts | Step-by-Step Guide | Belt-Level Progressions | Common Mistakes | Training Methods,1,1,0,1,18,20,20,15,10,0,10,10
en,bjj-guard-hierarchy-guide,85,⚠️  POOR,Drill,954,6,Common Mistakes in Guard Hierarchy Guide | Training Tips for Guard Hierarchy Guide | Learning Progression for Guard Hierarchy Guide | Recommended Drills for Guard Hierarchy Guide | Frequently Asked Questions,1,1,0,1,23,20,20,15,10,0,10,10
en,bjj-guard-pull-vs-takedown,85,⚠️  POOR,Technique,932,6,Core Principles | Step-by-Step Guide | Common Mistakes to Avoid | Frequently Asked Questions | Common Mistakes in Guard Pull Vs Takedown,1,1,0,1,29,20,20,15,10,0,10,10
en,bjj-guard-recovery-drills,85,⚠️  POOR,Drill,807,7,Core Principles | Technical Setup | Advanced Applications | Training and Drilling | Common Mistakes and Corrections,1,1,0,1,33,20,20,15,10,0,10,10
en,bjj-guard-recovery-no-gi,85,⚠️  POOR,Drill,810,7,Core Principles | Technical Setup | Advanced Applications | Training and Drilling | Common Mistakes and Corrections,1,1,0,1,33,20,20,15,10,0,10,10
en,bjj-guard-recovery-timing,85,⚠️  POOR,Technique,922,6,Core Principles | Step-by-Step Guide | Common Mistakes to Avoid | Frequently Asked Questions | Common Mistakes in Guard Recovery Timing,1,1,0,1,29,20,20,15,10,0,10,10
en,bjj-guard-retention-drills,85,⚠️  POOR,Drill,825,6,Core Retention Principles | Essential Drills | Common Retention Mistakes | Frequently Asked Questions | Related Techniques,1,1,0,1,21,20,20,15,10,0,10,10
en,bjj-guard-retention,85,⚠️  POOR,Drill,921,6,The Three Pillars of Guard Retention | Frame Management | Hip Movement Drills | Preventing Common Passes | Frequently Asked Questions,1,1,0,1,21,20,20,15,10,0,10,10
en,bjj-guard-selection-guide,85,⚠️  POOR,Drill,954,6,Common Mistakes in Guard Selection Guide | Training Tips for Guard Selection Guide | Learning Progression for Guard Selection Guide | Recommended Drills for Guard Selection Guide | Frequently Asked Questions,1,1,0,1,23,20,20,15,10,0,10,10
en,bjj-guard-to-submission-guide,85,⚠️  POOR,Drill,972,6,Common Mistakes in Guard To Submission Guide | Training Tips for Guard To Submission Guide | Learning Progression for Guard To Submission Guide | Recommended Drills for Guard To Submission Guide | Frequently Asked Questions,1,1,0,1,23,20,20,15,10,0,10,10
en,bjj-guide-239-0,85,⚠️  POOR,Drill,1003,6,Common Mistakes in Guide 239 0 | Training Tips for Guide 239 0 | Learning Progression for Guide 239 0 | Recommended Drills for Guide 239 0 | Competition Applications of Guide 239 0,1,1,0,1,17,20,20,15,10,0,10,10
en,bjj-guide-239-1,85,⚠️  POOR,Drill,1003,6,Common Mistakes in Guide 239 1 | Training Tips for Guide 239 1 | Learning Progression for Guide 239 1 | Recommended Drills for Guide 239 1 | Competition Applications of Guide 239 1,1,1,0,1,17,20,20,15,10,0,10,10
en,bjj-guide-239-2,85,⚠️  POOR,Drill,1003,6,Common Mistakes in Guide 239 2 | Training Tips for Guide 239 2 | Learning Progression for Guide 239 2 | Recommended Drills for Guide 239 2 | Competition Applications of Guide 239 2,1,1,0,1,17,20,20,15,10,0,10,10
en,bjj-guide-239-3,85,⚠️  POOR,Drill,1003,6,Common Mistakes in Guide 239 3 | Training Tips for Guide 239 3 | Learning Progression for Guide 239 3 | Recommended Drills for Guide 239 3 | Competition Applications of Guide 239 3,1,1,0,1,17,20,20,15,10,0,10,10
en,bjj-guide-239-4,85,⚠️  POOR,Drill,1003,6,Common Mistakes in Guide 239 4 | Training Tips for Guide 239 4 | Learning Progression for Guide 239 4 | Recommended Drills for Guide 239 4 | Competition Applications of Guide 239 4,1,1,0,1,17,20,20,15,10,0,10,10
en,bjj-guide-240-0,85,⚠️  POOR,Drill,1003,6,Common Mistakes in Guide 240 0 | Training Tips for Guide 240 0 | Learning Progression for Guide 240 0 | Recommended Drills for Guide 240 0 | Competition Applications of Guide 240 0,1,1,0,1,17,20,20,15,10,0,10,10
en,bjj-guide-240-1,85,⚠️  POOR,Drill,1003,6,Common Mistakes in Guide 240 1 | Training Tips for Guide 240 1 | Learning Progression for Guide 240 1 | Recommended Drills for Guide 240 1 | Competition Applications of Guide 240 1,1,1,0,1,17,20,20,15,10,0,10,10
en,bjj-guide-240-2,85,⚠️  POOR,Drill,1003,6,Common Mistakes in Guide 240 2 | Training Tips for Guide 240 2 | Learning Progression for Guide 240 2 | Recommended Drills for Guide 240 2 | Competition Applications of Guide 240 2,1,1,0,1,17,20,20,15,10,0,10,10
en,bjj-guide-240-3,85,⚠️  POOR,Drill,1003,6,Common Mistakes in Guide 240 3 | Training Tips for Guide 240 3 | Learning Progression for Guide 240 3 | Recommended Drills for Guide 240 3 | Competition Applications of Guide 240 3,1,1,0,1,17,20,20,15,10,0,10,10
en,bjj-guide-240-4,85,⚠️  POOR,Drill,1003,6,Common Mistakes in Guide 240 4 | Training Tips for Guide 240 4 | Learning Progression for Guide 240 4 | Recommended Drills for Guide 240 4 | Competition Applications of Guide 240 4,1,1,0,1,17,20,20,15,10,0,10,10
en,bjj-guide-241-0,85,⚠️  POOR,Drill,1003,6,Common Mistakes in Guide 241 0 | Training Tips for Guide 241 0 | Learning Progression for Guide 241 0 | Recommended Drills for Guide 241 0 | Competition Applications of Guide 241 0,1,1,0,1,17,20,20,15,10,0,10,10
en,bjj-guide-241-1,85,⚠️  POOR,Drill,1003,6,Common Mistakes in Guide 241 1 | Training Tips for Guide 241 1 | Learning Progression for Guide 241 1 | Recommended Drills for Guide 241 1 | Competition Applications of Guide 241 1,1,1,0,1,17,20,20,15,10,0,10,10
en,bjj-guide-241-2,85,⚠️  POOR,Drill,1003,6,Common Mistakes in Guide 241 2 | Training Tips for Guide 241 2 | Learning Progression for Guide 241 2 | Recommended Drills for Guide 241 2 | Competition Applications of Guide 241 2,1,1,0,1,17,20,20,15,10,0,10,10
en,bjj-guide-241-3,85,⚠️  POOR,Drill,1003,6,Common Mistakes in Guide 241 3 | Training Tips for Guide 241 3 | Learning Progression for Guide 241 3 | Recommended Drills for Guide 241 3 | Competition Applications of Guide 241 3,1,1,0,1,17,20,20,15,10,0,10,10
en,bjj-guide-241-4,85,⚠️  POOR,Drill,1003,6,Common Mistakes in Guide 241 4 | Training Tips for Guide 241 4 | Learning Progression for Guide 241 4 | Recommended Drills for Guide 241 4 | Competition Applications of Guide 241 4,1,1,0,1,17,20,20,15,10,0,10,10
en,bjj-guide-242-0,85,⚠️  POOR,Drill,1003,6,Common Mistakes in Guide 242 0 | Training Tips for Guide 242 0 | Learning Progression for Guide 242 0 | Recommended Drills for Guide 242 0 | Competition Applications of Guide 242 0,1,1,0,1,17,20,20,15,10,0,10,10
en,bjj-guide-242-1,85,⚠️  POOR,Drill,1003,6,Common Mistakes in Guide 242 1 | Training Tips for Guide 242 1 | Learning Progression for Guide 242 1 | Recommended Drills for Guide 242 1 | Competition Applications of Guide 242 1,1,1,0,1,17,20,20,15,10,0,10,10
en,bjj-guide-242-2,85,⚠️  POOR,Drill,1003,6,Common Mistakes in Guide 242 2 | Training Tips for Guide 242 2 | Learning Progression for Guide 242 2 | Recommended Drills for Guide 242 2 | Competition Applications of Guide 242 2,1,1,0,1,17,20,20,15,10,0,10,10
en,bjj-guide-242-3,85,⚠️  POOR,Drill,1003,6,Common Mistakes in Guide 242 3 | Training Tips for Guide 242 3 | Learning Progression for Guide 242 3 | Recommended Drills for Guide 242 3 | Competition Applications of Guide 242 3,1,1,0,1,17,20,20,15,10,0,10,10
en,bjj-guide-242-4,85,⚠️  POOR,Drill,1003,6,Common Mistakes in Guide 242 4 | Training Tips for Guide 242 4 | Learning Progression for Guide 242 4 | Recommended Drills for Guide 242 4 | Competition Applications of Guide 242 4,1,1,0,1,17,20,20,15,10,0,10,10
en,bjj-guide-243-0,85,⚠️  POOR,Drill,1003,6,Common Mistakes in Guide 243 0 | Training Tips for Guide 243 0 | Learning Progression for Guide 243 0 | Recommended Drills for Guide 243 0 | Competition Applications of Guide 243 0,1,1,0,1,17,20,20,15,10,0,10,10
en,bjj-guide-243-1,85,⚠️  POOR,Drill,1003,6,Common Mistakes in Guide 243 1 | Training Tips for Guide 243 1 | Learning Progression for Guide 243 1 | Recommended Drills for Guide 243 1 | Competition Applications of Guide 243 1,1,1,0,1,17,20,20,15,10,0,10,10
en,bjj-guide-243-2,85,⚠️  POOR,Drill,1003,6,Common Mistakes in Guide 243 2 | Training Tips for Guide 243 2 | Learning Progression for Guide 243 2 | Recommended Drills for Guide 243 2 | Competition Applications of Guide 243 2,1,1,0,1,17,20,20,15,10,0,10,10
en,bjj-guide-243-3,85,⚠️  POOR,Drill,1003,6,Common Mistakes in Guide 243 3 | Training Tips for Guide 243 3 | Learning Progression for Guide 243 3 | Recommended Drills for Guide 243 3 | Competition Applications of Guide 243 3,1,1,0,1,17,20,20,15,10,0,10,10
en,bjj-guide-243-4,85,⚠️  POOR,Drill,1003,6,Common Mistakes in Guide 243 4 | Training Tips for Guide 243 4 | Learning Progression for Guide 243 4 | Recommended Drills for Guide 243 4 | Competition Applications of Guide 243 4,1,1,0,1,17,20,20,15,10,0,10,10
en,bjj-guide-244-0,85,⚠️  POOR,Drill,1003,6,Common Mistakes in Guide 244 0 | Training Tips for Guide 244 0 | Learning Progression for Guide 244 0 | Recommended Drills for Guide 244 0 | Competition Applications of Guide 244 0,1,1,0,1,17,20,20,15,10,0,10,10
en,bjj-guide-244-1,85,⚠️  POOR,Drill,1003,6,Common Mistakes in Guide 244 1 | Training Tips for Guide 244 1 | Learning Progression for Guide 244 1 | Recommended Drills for Guide 244 1 | Competition Applications of Guide 244 1,1,1,0,1,17,20,20,15,10,0,10,10
en,bjj-guide-244-2,85,⚠️  POOR,Drill,1003,6,Common Mistakes in Guide 244 2 | Training Tips for Guide 244 2 | Learning Progression for Guide 244 2 | Recommended Drills for Guide 244 2 | Competition Applications of Guide 244 2,1,1,0,1,17,20,20,15,10,0,10,10
en,bjj-guide-244-3,85,⚠️  POOR,Drill,1003,6,Common Mistakes in Guide 244 3 | Training Tips for Guide 244 3 | Learning Progression for Guide 244 3 | Recommended Drills for Guide 244 3 | Competition Applications of Guide 244 3,1,1,0,1,17,20,20,15,10,0,10,10
en,bjj-guide-244-4,85,⚠️  POOR,Drill,1003,6,Common Mistakes in Guide 244 4 | Training Tips for Guide 244 4 | Learning Progression for Guide 244 4 | Recommended Drills for Guide 244 4 | Competition Applications of Guide 244 4,1,1,0,1,17,20,20,15,10,0,10,10
en,bjj-guide-245-0,85,⚠️  POOR,Drill,1003,6,Common Mistakes in Guide 245 0 | Training Tips for Guide 245 0 | Learning Progression for Guide 245 0 | Recommended Drills for Guide 245 0 | Competition Applications of Guide 245 0,1,1,0,1,17,20,20,15,10,0,10,10
en,bjj-guide-245-1,85,⚠️  POOR,Drill,1003,6,Common Mistakes in Guide 245 1 | Training Tips for Guide 245 1 | Learning Progression for Guide 245 1 | Recommended Drills for Guide 245 1 | Competition Applications of Guide 245 1,1,1,0,1,17,20,20,15,10,0,10,10
en,bjj-guide-245-2,85,⚠️  POOR,Drill,1003,6,Common Mistakes in Guide 245 2 | Training Tips for Guide 245 2 | Learning Progression for Guide 245 2 | Recommended Drills for Guide 245 2 | Competition Applications of Guide 245 2,1,1,0,1,17,20,20,15,10,0,10,10
en,bjj-guide-245-3,85,⚠️  POOR,Drill,1003,6,Common Mistakes in Guide 245 3 | Training Tips for Guide 245 3 | Learning Progression for Guide 245 3 | Recommended Drills for Guide 245 3 | Competition Applications of Guide 245 3,1,1,0,1,17,20,20,15,10,0,10,10
en,bjj-guide-245-4,85,⚠️  POOR,Drill,1003,6,Common Mistakes in Guide 245 4 | Training Tips for Guide 245 4 | Learning Progression for Guide 245 4 | Recommended Drills for Guide 245 4 | Competition Applications of Guide 245 4,1,1,0,1,17,20,20,15,10,0,10,10
en,bjj-guillotine-variations,85,⚠️  POOR,Technique,889,6,Core Principles | Step-by-Step Guide | Common Mistakes to Avoid | Frequently Asked Questions | Common Mistakes in Guillotine Variations,1,1,0,1,29,20,20,15,10,0,10,10
en,bjj-head-control-bjj,85,⚠️  POOR,Technique,816,8,Overview | Key Concepts | Step-by-Step Guide | Common Mistakes | Training Progression,1,1,0,1,29,20,20,15,10,0,10,10
en,bjj-heel-hook-defense-guide,85,⚠️  POOR,Drill,835,7,Core Principles | Technical Setup | Advanced Applications | Training and Drilling | Common Mistakes and Corrections,1,1,0,1,33,20,20,15,10,0,10,10
en,bjj-heel-hook-entries,85,⚠️  POOR,Technique,856,8,Overview | Key Concepts | Step-by-Step Guide | Common Mistakes | Training Progression,1,1,0,1,29,20,20,15,10,0,10,10
en,bjj-heel-hook-entry-guide,85,⚠️  POOR,Drill,852,7,Core Principles | Technical Setup | Advanced Applications | Training and Drilling | Common Mistakes and Corrections,1,1,0,1,33,20,20,15,10,0,10,10
en,bjj-heel-hook-finish-guide,85,⚠️  POOR,Drill,843,7,Core Principles | Technical Setup | Advanced Applications | Training and Drilling | Common Mistakes and Corrections,1,1,0,1,33,20,20,15,10,0,10,10
en,bjj-heel-hook-safety-guide,85,⚠️  POOR,Drill,841,7,Core Principles | Technical Setup | Advanced Applications | Training and Drilling | Common Mistakes and Corrections,1,1,0,1,33,20,20,15,10,0,10,10
en,bjj-heel-hook-to-kneebar-flow,85,⚠️  POOR,Technique,945,6,Core Principles | Step-by-Step Guide | Common Mistakes to Avoid | Frequently Asked Questions | Common Mistakes in Heel Hook To Kneebar Flow,1,1,0,1,29,20,20,15,10,0,10,10
en,bjj-heel-hook-training-guide,85,⚠️  POOR,Drill,839,7,Core Principles | Technical Setup | Advanced Applications | Training and Drilling | Common Mistakes and Corrections,1,1,0,1,33,20,20,15,10,0,10,10
en,bjj-high-mount-attacks,85,⚠️  POOR,Technique,916,6,Core Principles | Step-by-Step Guide | Common Mistakes to Avoid | Frequently Asked Questions | Common Mistakes in High Mount Attacks,1,1,0,1,29,20,20,15,10,0,10,10
en,bjj-hip-bump-details,85,⚠️  POOR,Technique,968,6,Core Principles | Step-by-Step Guide | Common Mistakes to Avoid | Frequently Asked Questions | Common Mistakes in Hip Bump Details,1,1,0,1,23,20,20,15,10,0,10,10
en,bjj-hip-control-leg-locks,85,⚠️  POOR,Technique,872,8,Overview | Key Concepts | Step-by-Step Guide | Common Mistakes | Training Progression,1,1,0,1,29,20,20,15,10,0,10,10
en,bjj-hip-escape-details,85,⚠️  POOR,Technique,822,8,Overview | Key Concepts | Step-by-Step Guide | Common Mistakes | Training Progression,1,1,0,1,29,20,20,15,10,0,10,10
en,bjj-hip-mobility-bjj,85,⚠️  POOR,Technique,975,6,Core Principles | Step-by-Step Guide | Common Mistakes to Avoid | Frequently Asked Questions | Common Mistakes in Hip Mobility Bjj,1,1,0,1,23,20,20,15,10,0,10,10
en,bjj-hip-recovery-guide,85,⚠️  POOR,Drill,776,6,Core Principles | Technical Setup | Advanced Applications | Training and Drilling | Common Mistakes and Corrections,1,1,0,1,27,20,20,15,10,0,10,10
en,bjj-home-gym,85,⚠️  POOR,Drill,963,6,The Essential: Puzzle Mats | Nice to Have: Grappling Dummy | Mirror or Video Setup | Best Solo Drills for Home | Open Mat at Home,1,1,0,1,16,20,20,15,10,0,10,10
en,bjj-home-training,85,⚠️  POOR,Drill,946,6,What You Can Improve Alone | Essential Solo BJJ Drills | Shadow Grappling | Space Requirements | Frequently Asked Questions,1,1,0,1,15,20,20,15,10,0,10,10
en,bjj-hook-sweep-details,85,⚠️  POOR,Technique,893,6,Core Principles | Step-by-Step Guide | Common Mistakes to Avoid | Frequently Asked Questions | Common Mistakes in Hook Sweep Details,1,1,0,1,29,20,20,15,10,0,10,10
en,bjj-hydration-bjj,85,⚠️  POOR,Technique,775,7,Overview | Key Concepts | Step-by-Step Guide | Common Mistakes | Training Progression,1,1,0,1,23,20,20,15,10,0,10,10
en,bjj-ibjjf-nogi-strategy,85,⚠️  POOR,Drill,985,6,Common Mistakes in Ibjjf Nogi Strategy | Training Tips for Ibjjf Nogi Strategy | Learning Progression for Ibjjf Nogi Strategy | Recommended Drills for Ibjjf Nogi Strategy | Competition Applications of Ibjjf Nogi Strategy,1,1,0,1,9,20,20,15,10,0,10,10
en,bjj-ice-bath-bjj,85,⚠️  POOR,Technique,792,7,Overview | Key Concepts | Step-by-Step Guide | Common Mistakes | Training Progression,1,1,0,1,23,20,20,15,10,0,10,10
en,bjj-initiative-bjj,85,⚠️  POOR,Technique,959,6,Core Principles | Step-by-Step Guide | Common Mistakes to Avoid | Frequently Asked Questions | Common Mistakes in Initiative Bjj,1,1,0,1,23,20,20,15,10,0,10,10
en,bjj-inside-ashi-guide,85,⚠️  POOR,Drill,771,6,Core Principles | Technical Setup | Advanced Applications | Training and Drilling | Common Mistakes and Corrections,1,1,0,1,27,20,20,15,10,0,10,10
en,bjj-inside-step-bjj,85,⚠️  POOR,Technique,786,7,Overview | Key Concepts | Step-by-Step Guide | Common Mistakes | Training Progression,1,1,0,1,23,20,20,15,10,0,10,10
en,bjj-kids-bjj-competition,85,⚠️  POOR,Technique,780,7,Overview | Key Concepts | Step-by-Step Guide | Common Mistakes | Training Progression,1,1,0,1,23,20,20,15,10,0,10,10
en,bjj-kimura-defense-guide,85,⚠️  POOR,Drill,795,7,Core Principles | Technical Setup | Advanced Applications | Training and Drilling | Common Mistakes and Corrections,1,1,0,1,33,20,20,15,10,0,10,10
en,bjj-kimura-from-top,85,⚠️  POOR,Drill,802,7,Core Principles | Technical Setup | Advanced Applications | Training and Drilling | Common Mistakes and Corrections,1,1,0,1,33,20,20,15,10,0,10,10
en,bjj-kimura-to-back-guide,85,⚠️  POOR,Drill,811,7,Core Principles | Technical Setup | Advanced Applications | Training and Drilling | Common Mistakes and Corrections,1,1,0,1,33,20,20,15,10,0,10,10
en,bjj-kimura-to-guillotine,85,⚠️  POOR,Technique,897,6,Core Principles | Step-by-Step Guide | Common Mistakes to Avoid | Frequently Asked Questions | Common Mistakes in Kimura To Guillotine,1,1,0,1,29,20,20,15,10,0,10,10
en,bjj-kimura-trap-guide,85,⚠️  POOR,Drill,800,7,Core Principles | Technical Setup | Advanced Applications | Training and Drilling | Common Mistakes and Corrections,1,1,0,1,33,20,20,15,10,0,10,10
en,bjj-knee-health-bjj,85,⚠️  POOR,Technique,973,6,Core Principles | Step-by-Step Guide | Common Mistakes to Avoid | Frequently Asked Questions | Common Mistakes in Knee Health Bjj,1,1,0,1,23,20,20,15,10,0,10,10
en,bjj-knee-on-belly-control,85,⚠️  POOR,Drill,1224,6,Frequently Asked Questions | Related Techniques | Common Mistakes in Knee On Belly Control | Training Tips for Knee On Belly Control | Learning Progression for Knee On Belly Control,1,1,0,1,15,20,20,15,10,0,10,10
en,bjj-knee-shield-details,85,⚠️  POOR,Technique,788,7,Overview | Key Concepts | Step-by-Step Guide | Common Mistakes | Training Progression,1,1,0,1,23,20,20,15,10,0,10,10
en,bjj-kuzushi-bjj,85,⚠️  POOR,Drill,1024,6,Overview | Common Mistakes in Kuzushi Bjj | Training Tips for Kuzushi Bjj | Learning Progression for Kuzushi Bjj | Recommended Drills for Kuzushi Bjj,1,1,0,1,18,20,20,15,10,0,10,10
en,bjj-lapel-choke-details,85,⚠️  POOR,Technique,824,8,Overview | Key Concepts | Step-by-Step Guide | Common Mistakes | Training Progression,1,1,0,1,29,20,20,15,10,0,10,10
en,bjj-late-defense-bjj,85,⚠️  POOR,Technique,897,6,Core Principles | Step-by-Step Guide | Common Mistakes to Avoid | Frequently Asked Questions | Common Mistakes in Late Defense Bjj,1,1,0,1,29,20,20,15,10,0,10,10
en,bjj-leg-lock-entries-advanced,85,⚠️  POOR,Drill,1031,8,The Ashi Garami Entry System | Single-Leg X (SLX) Entries | Outside Heel Hook (OHH) Entry | Inside Heel Hook (IHH) Entry | Transition Safety Rules,1,1,0,1,18,20,20,15,10,0,10,10
en,bjj-leg-lock-exchanges,85,⚠️  POOR,Technique,852,8,Overview | Key Concepts | Step-by-Step Guide | Common Mistakes | Training Progression,1,1,0,1,29,20,20,15,10,0,10,10
en,bjj-leg-lock-from-guard,85,⚠️  POOR,Technique,879,8,Overview | Key Concepts | Step-by-Step Guide | Common Mistakes | Training Progression,1,1,0,1,29,20,20,15,10,0,10,10
en,bjj-leg-weave-passing-guide,85,⚠️  POOR,Drill,929,6,Common Mistakes in Leg Weave Passing Guide | Training Tips for Leg Weave Passing Guide | Learning Progression for Leg Weave Passing Guide | Recommended Drills for Leg Weave Passing Guide | Frequently Asked Questions,1,1,0,1,23,20,20,15,10,0,10,10
en,bjj-leverage-principles-bjj,85,⚠️  POOR,Technique,968,6,Core Principles | Step-by-Step Guide | Common Mistakes to Avoid | Frequently Asked Questions | Common Mistakes in Leverage Principles Bjj,1,1,0,1,23,20,20,15,10,0,10,10
en,bjj-lockdown-guard-system,85,⚠️  POOR,Technique,926,6,Core Principles | Step-by-Step Guide | Common Mistakes to Avoid | Frequently Asked Questions | Common Mistakes in Lockdown Guard System,1,1,0,1,29,20,20,15,10,0,10,10
en,bjj-longevity-bjj,85,⚠️  POOR,Drill,995,6,Overview | Common Mistakes in Longevity Bjj | Training Tips for Longevity Bjj | Learning Progression for Longevity Bjj | Recommended Drills for Longevity Bjj,1,1,0,1,14,20,20,15,10,0,10,10
en,bjj-low-mount-system,85,⚠️  POOR,Technique,915,6,Core Principles | Step-by-Step Guide | Common Mistakes to Avoid | Frequently Asked Questions | Common Mistakes in Low Mount System,1,1,0,1,29,20,20,15,10,0,10,10
en,bjj-masters-bjj-tips,85,⚠️  POOR,Technique,780,7,Overview | Key Concepts | Step-by-Step Guide | Common Mistakes | Training Progression,1,1,0,1,23,20,20,15,10,0,10,10
en,bjj-mastery-concepts,85,⚠️  POOR,Technique,956,6,Core Principles | Step-by-Step Guide | Common Mistakes to Avoid | Frequently Asked Questions | Common Mistakes in Mastery Concepts,1,1,0,1,23,20,20,15,10,0,10,10
en,bjj-mastery-vs-breadth,85,⚠️  POOR,Technique,797,7,Overview | Key Concepts | Step-by-Step Guide | Common Mistakes | Training Progression,1,1,0,1,23,20,20,15,10,0,10,10
en,bjj-match-strategy-guide,85,⚠️  POOR,Drill,1085,6,Strategic Planning | Common Mistakes in Match Strategy Guide | Training Tips for Match Strategy Guide | Learning Progression for Match Strategy Guide | Recommended Drills for Match Strategy Guide,1,1,0,1,18,20,20,15,10,0,10,10
en,bjj-mikey-musumeci-game-plan,85,⚠️  POOR,Drill,1013,6,Common Mistakes in Mikey Musumeci Game Plan | Training Tips for Mikey Musumeci Game Plan | Learning Progression for Mikey Musumeci Game Plan | Recommended Drills for Mikey Musumeci Game Plan | Competition Applications of Mikey Musumeci Game Plan,1,1,0,1,9,20,20,15,10,0,10,10
en,bjj-mindfulness-bjj,85,⚠️  POOR,Drill,995,6,Overview | Common Mistakes in Mindfulness Bjj | Training Tips for Mindfulness Bjj | Learning Progression for Mindfulness Bjj | Recommended Drills for Mindfulness Bjj,1,1,0,1,14,20,20,15,10,0,10,10
en,bjj-modern-guard-systems,85,⚠️  POOR,Drill,932,6,Related Techniques | Common Mistakes in Modern Guard Systems | Training Tips for Modern Guard Systems | Learning Progression for Modern Guard Systems | Recommended Drills for Modern Guard Systems,1,1,0,1,15,20,20,15,10,0,10,10
en,bjj-mount-arm-attacks,85,⚠️  POOR,Technique,920,6,Core Principles | Step-by-Step Guide | Common Mistakes to Avoid | Frequently Asked Questions | Common Mistakes in Mount Arm Attacks,1,1,0,1,29,20,20,15,10,0,10,10
en,bjj-mount-control-details,85,⚠️  POOR,Drill,1263,6,Frequently Asked Questions | Related Techniques | Common Mistakes in Mount Control Details | Training Tips for Mount Control Details | Learning Progression for Mount Control Details,1,1,0,1,16,20,20,15,10,0,10,10
en,bjj-mount-escape-bridge-guide,85,⚠️  POOR,Drill,811,7,Core Principles | Technical Setup | Advanced Applications | Training and Drilling | Common Mistakes and Corrections,1,1,0,1,33,20,20,15,10,0,10,10
en,bjj-mount-escape-drills,85,⚠️  POOR,Drill,809,7,Core Principles | Technical Setup | Advanced Applications | Training and Drilling | Common Mistakes and Corrections,1,1,0,1,33,20,20,15,10,0,10,10
en,bjj-mount-escape-elbow-guide,85,⚠️  POOR,Drill,824,7,Core Principles | Technical Setup | Advanced Applications | Training and Drilling | Common Mistakes and Corrections,1,1,0,1,33,20,20,15,10,0,10,10
en,bjj-mount-escape-timing-guide,85,⚠️  POOR,Drill,808,7,Core Principles | Technical Setup | Advanced Applications | Training and Drilling | Common Mistakes and Corrections,1,1,0,1,33,20,20,15,10,0,10,10
en,bjj-mount-escape-to-guard,85,⚠️  POOR,Drill,824,7,Core Principles | Technical Setup | Advanced Applications | Training and Drilling | Common Mistakes and Corrections,1,1,0,1,33,20,20,15,10,0,10,10
en,bjj-mount-pressure-guide,85,⚠️  POOR,Technique,912,6,Core Principles | Step-by-Step Guide | Common Mistakes to Avoid | Frequently Asked Questions | Common Mistakes in Mount Pressure Guide,1,1,0,1,29,20,20,15,10,0,10,10
en,bjj-mount-pressure-system,85,⚠️  POOR,Drill,911,6,Related Techniques | Common Mistakes in Mount Pressure System | Training Tips for Mount Pressure System | Learning Progression for Mount Pressure System | Recommended Drills for Mount Pressure System,1,1,0,1,15,20,20,15,10,0,10,10
en,bjj-mount-to-back-guide,85,⚠️  POOR,Technique,921,6,Core Principles | Step-by-Step Guide | Common Mistakes to Avoid | Frequently Asked Questions | Common Mistakes in Mount To Back Guide,1,1,0,1,29,20,20,15,10,0,10,10
en,bjj-mounted-armbar-detail,85,⚠️  POOR,Technique,829,8,Overview | Key Concepts | Step-by-Step Guide | Common Mistakes | Training Progression,1,1,0,1,29,20,20,15,10,0,10,10
en,bjj-mounted-triangle-setup,85,⚠️  POOR,Technique,826,8,Overview | Key Concepts | Step-by-Step Guide | Common Mistakes | Training Progression,1,1,0,1,29,20,20,15,10,0,10,10
en,bjj-neck-ties-guide,85,⚠️  POOR,Technique,801,8,Overview | Key Concepts | Step-by-Step Guide | Common Mistakes | Training Progression,1,1,0,1,26,20,20,15,10,0,10,10
en,bjj-nicholas-meregali-game-plan,85,⚠️  POOR,Drill,1013,6,Common Mistakes in Nicholas Meregali Game Plan | Training Tips for Nicholas Meregali Game Plan | Learning Progression for Nicholas Meregali Game Plan | Recommended Drills for Nicholas Meregali Game Plan | Competition Applications of Nicholas Meregali Game Plan,1,1,0,1,9,20,20,15,10,0,10,10
en,bjj-no-gi-clinch-guide,85,⚠️  POOR,Technique,982,6,Core Principles | Step-by-Step Guide | Common Mistakes to Avoid | Frequently Asked Questions | Common Mistakes in No Gi Clinch Guide,1,1,0,1,23,20,20,15,10,0,10,10
en,bjj-nogi-guard-advanced,85,⚠️  POOR,Technique,662,6,Overview | How to Execute | Key Details | Variations | Related Techniques,1,1,0,1,16,20,20,15,10,0,10,10
en,bjj-nogi-leg-entanglements-deep,85,⚠️  POOR,Technique,722,6,Overview | How to Execute | Key Details | Variations | Common Mistakes in Nogi Leg Entanglements Deep,1,1,0,1,10,20,20,15,10,0,10,10
en,bjj-nogi-top-control-advanced,85,⚠️  POOR,Technique,664,6,Overview | How to Execute | Key Details | Variations | Related Techniques,1,1,0,1,16,20,20,15,10,0,10,10
en,bjj-nogi-wrestling-guide,85,⚠️  POOR,Drill,1036,6,Overview | Common Mistakes in Nogi Wrestling Guide | Training Tips for Nogi Wrestling Guide | Learning Progression for Nogi Wrestling Guide | Recommended Drills for Nogi Wrestling Guide,1,1,0,1,15,20,20,15,10,0,10,10
en,bjj-offense-first-bjj,85,⚠️  POOR,Technique,825,6,Key Concepts | Step-by-Step Guide | Mental Framework | Technical Foundations | Building Your Attack System,1,1,0,1,12,20,20,15,10,0,10,10
en,bjj-old-school-half-guard,85,⚠️  POOR,Technique,847,8,Overview | Key Concepts | Step-by-Step Guide | Common Mistakes | Training Progression,1,1,0,1,29,20,20,15,10,0,10,10
en,bjj-open-guard-mastery,85,⚠️  POOR,Drill,1283,6,Frequently Asked Questions | Related Techniques | Common Mistakes in Open Guard Mastery | Training Tips for Open Guard Mastery | Learning Progression for Open Guard Mastery,1,1,0,1,16,20,20,15,10,0,10,10
en,bjj-open-guard-transitions,85,⚠️  POOR,Drill,1010,8,The DLR → X-Guard Transition | Spider → Lasso → Back Take | Butterfly → Half Guard | Inverted Guard Concepts | Reading Your Opponent's Base,1,1,0,1,17,20,20,15,10,0,10,10
en,bjj-over-collar-tie,85,⚠️  POOR,Technique,792,7,Overview | Key Concepts | Step-by-Step Guide | Common Mistakes | Training Progression,1,1,0,1,23,20,20,15,10,0,10,10
en,bjj-overhook-guard,85,⚠️  POOR,Technique,912,6,Core Principles | Step-by-Step Guide | Common Mistakes to Avoid | Frequently Asked Questions | Common Mistakes in Overhook Guard,1,1,0,1,29,20,20,15,10,0,10,10
en,bjj-overtime-strategy-bjj,85,⚠️  POOR,Drill,1120,6,Overview | Common Mistakes in Overtime Strategy Bjj | Training Tips for Overtime Strategy Bjj | Learning Progression for Overtime Strategy Bjj | Recommended Drills for Overtime Strategy Bjj,1,1,0,1,23,20,20,15,10,0,10,10
en,bjj-parterre-escapes,85,⚠️  POOR,Technique,889,6,Core Principles | Step-by-Step Guide | Common Mistakes to Avoid | Frequently Asked Questions | Common Mistakes in Parterre Escapes,1,1,0,1,29,20,20,15,10,0,10,10
en,bjj-partner-drilling-guide,85,⚠️  POOR,Drill,965,6,Overview | Related Techniques | Training Recommendations | Common Mistakes in Partner Drilling Guide | Training Tips for Partner Drilling Guide,1,1,0,1,27,20,20,15,10,0,10,10
en,bjj-partner-drills,85,⚠️  POOR,Drill,835,6,Drilling Intensity Spectrum | High-Value Partner Drill Sequences | FAQ | Related Techniques | Common Mistakes in Partner Drills,1,1,0,1,22,20,20,15,10,0,10,10
en,bjj-passing-butterfly-details,85,⚠️  POOR,Drill,799,7,Core Principles | Technical Setup | Advanced Applications | Training and Drilling | Common Mistakes and Corrections,1,1,0,1,33,20,20,15,10,0,10,10
en,bjj-passing-butterfly-guard,85,⚠️  POOR,Technique,920,6,Core Principles | Step-by-Step Guide | Common Mistakes to Avoid | Frequently Asked Questions | Common Mistakes in Passing Butterfly Guard,1,1,0,1,29,20,20,15,10,0,10,10
en,bjj-passing-closed-guard,85,⚠️  POOR,Technique,928,6,Core Principles | Step-by-Step Guide | Common Mistakes to Avoid | Frequently Asked Questions | Common Mistakes in Passing Closed Guard,1,1,0,1,29,20,20,15,10,0,10,10
en,bjj-passing-dlr-guard,85,⚠️  POOR,Technique,927,6,Core Principles | Step-by-Step Guide | Common Mistakes to Avoid | Frequently Asked Questions | Common Mistakes in Passing Dlr Guard,1,1,0,1,29,20,20,15,10,0,10,10
en,bjj-passing-from-standing,85,⚠️  POOR,Drill,804,7,Core Principles | Technical Setup | Advanced Applications | Training and Drilling | Common Mistakes and Corrections,1,1,0,1,33,20,20,15,10,0,10,10
en,bjj-passing-guard-fundamentals,85,⚠️  POOR,Drill,1157,6,Frequently Asked Questions | Related Techniques | Common Mistakes in Passing Guard Fundamentals | Training Tips for Passing Guard Fundamentals | Learning Progression for Passing Guard Fundamentals,1,1,0,1,16,20,20,15,10,0,10,10
en,bjj-passing-half-guard,85,⚠️  POOR,Technique,927,6,Core Principles | Step-by-Step Guide | Common Mistakes to Avoid | Frequently Asked Questions | Common Mistakes in Passing Half Guard,1,1,0,1,29,20,20,15,10,0,10,10
en,bjj-passing-spider-details,85,⚠️  POOR,Drill,814,7,Core Principles | Technical Setup | Advanced Applications | Training and Drilling | Common Mistakes and Corrections,1,1,0,1,33,20,20,15,10,0,10,10
en,bjj-passing-spider-guard,85,⚠️  POOR,Technique,925,6,Core Principles | Step-by-Step Guide | Common Mistakes to Avoid | Frequently Asked Questions | Common Mistakes in Passing Spider Guard,1,1,0,1,29,20,20,15,10,0,10,10
en,bjj-penalty-avoidance-bjj,85,⚠️  POOR,Technique,967,6,Core Principles | Step-by-Step Guide | Common Mistakes to Avoid | Frequently Asked Questions | Common Mistakes in Penalty Avoidance Bjj,1,1,0,1,23,20,20,15,10,0,10,10
en,bjj-points-scoring-guide,85,⚠️  POOR,Drill,1072,6,Point Values | Common Mistakes in Points Scoring Guide | Training Tips for Points Scoring Guide | Learning Progression for Points Scoring Guide | Recommended Drills for Points Scoring Guide,1,1,0,1,15,20,20,15,10,0,10,10
en,bjj-points-strategy-guide,85,⚠️  POOR,Drill,1116,6,Overview | Common Mistakes in Points Strategy Guide | Training Tips for Points Strategy Guide | Learning Progression for Points Strategy Guide | Recommended Drills for Points Strategy Guide,1,1,0,1,23,20,20,15,10,0,10,10
en,bjj-polaris-rules-strategy,85,⚠️  POOR,Drill,985,6,Common Mistakes in Polaris Rules Strategy | Training Tips for Polaris Rules Strategy | Learning Progression for Polaris Rules Strategy | Recommended Drills for Polaris Rules Strategy | Competition Applications of Polaris Rules Strategy,1,1,0,1,9,20,20,15,10,0,10,10
en,bjj-position-map,85,⚠️  POOR,Drill,2958,6,Related Techniques | Common Mistakes in Position Map | Training Tips for Position Map | Learning Progression for Position Map | Recommended Drills for Position Map,1,1,0,1,17,20,20,15,10,0,10,10
en,bjj-positional-drilling-system,85,⚠️  POOR,Drill,925,8,What is Positional Drilling? | Building Your Position Library | The 5-Minute Rule | Progressive Resistance | Measuring Progress,1,1,0,1,15,20,20,15,10,0,10,10
en,bjj-positional-drilling,85,⚠️  POOR,Drill,858,6,High-Priority Positional Drills | Positional Drilling Protocols | FAQ | Related Techniques | Common Mistakes in Positional Drilling,1,1,0,1,22,20,20,15,10,0,10,10
en,bjj-post-training-nutrition,85,⚠️  POOR,Technique,780,7,Overview | Key Concepts | Step-by-Step Guide | Common Mistakes | Training Progression,1,1,0,1,23,20,20,15,10,0,10,10
en,bjj-pre-training-nutrition,85,⚠️  POOR,Technique,782,7,Overview | Key Concepts | Step-by-Step Guide | Common Mistakes | Training Progression,1,1,0,1,23,20,20,15,10,0,10,10
en,bjj-prehab-routine,85,⚠️  POOR,Drill,957,6,Common Mistakes in Prehab Routine | Training Tips for Prehab Routine | Learning Progression for Prehab Routine | Recommended Drills for Prehab Routine | Competition Applications of Prehab Routine,1,1,0,1,9,20,20,15,10,0,10,10
en,bjj-pressure-passing-advanced,85,⚠️  POOR,Drill,1225,6,Frequently Asked Questions | Related Techniques | Common Mistakes in Pressure Passing Advanced | Training Tips for Pressure Passing Advanced | Learning Progression for Pressure Passing Advanced,1,1,0,1,16,20,20,15,10,0,10,10
en,bjj-pressure-passing-mechanics,85,⚠️  POOR,Drill,905,6,Common Mistakes in Pressure Passing Mechanics | Training Tips for Pressure Passing Mechanics | Learning Progression for Pressure Passing Mechanics | Recommended Drills for Pressure Passing Mechanics | Frequently Asked Questions,1,1,0,1,23,20,20,15,10,0,10,10
en,bjj-pressure-testing-guide,85,⚠️  POOR,Drill,1021,6,Overview | Common Mistakes in Pressure Testing Guide | Training Tips for Pressure Testing Guide | Learning Progression for Pressure Testing Guide | Recommended Drills for Pressure Testing Guide,1,1,0,1,14,20,20,15,10,0,10,10
en,bjj-pressure-vs-speed-guide,85,⚠️  POOR,Drill,1029,6,Common Mistakes in Pressure Vs Speed Guide | Training Tips for Pressure Vs Speed Guide | Learning Progression for Pressure Vs Speed Guide | Recommended Drills for Pressure Vs Speed Guide | Competition Applications of Pressure Vs Speed Guide,1,1,0,1,17,20,20,15,10,0,10,10
en,bjj-principle-based-bjj,85,⚠️  POOR,Technique,962,6,Core Principles | Step-by-Step Guide | Common Mistakes to Avoid | Frequently Asked Questions | Common Mistakes in Principle Based Bjj,1,1,0,1,23,20,20,15,10,0,10,10
en,bjj-proactive-bjj,85,⚠️  POOR,Technique,955,6,Core Principles | Step-by-Step Guide | Common Mistakes to Avoid | Frequently Asked Questions | Common Mistakes in Proactive Bjj,1,1,0,1,23,20,20,15,10,0,10,10
en,bjj-progressive-overload-bjj,85,⚠️  POOR,Technique,790,7,Overview | Key Concepts | Step-by-Step Guide | Common Mistakes | Training Progression,1,1,0,1,23,20,20,15,10,0,10,10
en,bjj-purple-belt-curriculum,85,⚠️  POOR,Technique,786,7,Overview | Key Concepts | Step-by-Step Guide | Common Mistakes | Training Progression,1,1,0,1,23,20,20,15,10,0,10,10
en,bjj-rdlr-back-take-guide,85,⚠️  POOR,Drill,823,7,Core Principles | Technical Setup | Advanced Applications | Training and Drilling | Common Mistakes and Corrections,1,1,0,1,33,20,20,15,10,0,10,10
en,bjj-rdlr-entries-guide,85,⚠️  POOR,Drill,784,6,Core Principles | Technical Setup | Advanced Applications | Training and Drilling | Common Mistakes and Corrections,1,1,0,1,27,20,20,15,10,0,10,10
en,bjj-rdlr-leg-attacks,85,⚠️  POOR,Drill,788,6,Core Principles | Technical Setup | Advanced Applications | Training and Drilling | Common Mistakes and Corrections,1,1,0,1,27,20,20,15,10,0,10,10
en,bjj-rdlr-sweeps-guide,85,⚠️  POOR,Drill,806,7,Core Principles | Technical Setup | Advanced Applications | Training and Drilling | Common Mistakes and Corrections,1,1,0,1,33,20,20,15,10,0,10,10
en,bjj-rdlr-x-guard-combo,85,⚠️  POOR,Drill,823,7,Core Principles | Technical Setup | Advanced Applications | Training and Drilling | Common Mistakes and Corrections,1,1,0,1,33,20,20,15,10,0,10,10
en,bjj-reaction-training-bjj,85,⚠️  POOR,Drill,803,6,Key Concepts | Step-by-Step Guide | Drill Types | Neurological Foundation | Integration with Live Training,1,1,0,1,13,20,20,15,10,0,10,10
en,bjj-reading-opponent-bjj,85,⚠️  POOR,Technique,970,6,Core Principles | Step-by-Step Guide | Common Mistakes to Avoid | Frequently Asked Questions | Common Mistakes in Reading Opponent Bjj,1,1,0,1,23,20,20,15,10,0,10,10
en,bjj-reading-opponents,85,⚠️  POOR,Drill,1014,6,Overview | Common Mistakes in Reading Opponents | Training Tips for Reading Opponents | Learning Progression for Reading Opponents | Recommended Drills for Reading Opponents,1,1,0,1,15,20,20,15,10,0,10,10
en,bjj-recovery-protocol-bjj,85,⚠️  POOR,Drill,1022,6,Overview | Common Mistakes in Recovery Protocol Bjj | Training Tips for Recovery Protocol Bjj | Learning Progression for Recovery Protocol Bjj | Recommended Drills for Recovery Protocol Bjj,1,1,0,1,14,20,20,15,10,0,10,10
en,bjj-referee-position-bjj,85,⚠️  POOR,Technique,887,6,Core Principles | Step-by-Step Guide | Common Mistakes to Avoid | Frequently Asked Questions | Common Mistakes in Referee Position Bjj,1,1,0,1,29,20,20,15,10,0,10,10
en,bjj-reverse-dlr-sweeps,85,⚠️  POOR,Technique,815,8,Overview | Key Concepts | Step-by-Step Guide | Common Mistakes | Training Progression,1,1,0,1,29,20,20,15,10,0,10,10
en,bjj-rubber-guard-advanced,85,⚠️  POOR,Drill,857,8,What Is the Advanced Rubber Guard? | Key Positions in the Advanced System | Submission Chains from Rubber Guard | Flexibility Requirements & Drills | Rubber Guard Against Passing Pressure,1,1,0,1,17,20,20,15,10,0,10,10
en,bjj-scissor-sweep-details,85,⚠️  POOR,Technique,894,6,Core Principles | Step-by-Step Guide | Common Mistakes to Avoid | Frequently Asked Questions | Common Mistakes in Scissor Sweep Details,1,1,0,1,29,20,20,15,10,0,10,10
en,bjj-sensitivity-training,85,⚠️  POOR,Technique,961,6,Core Principles | Step-by-Step Guide | Common Mistakes to Avoid | Frequently Asked Questions | Common Mistakes in Sensitivity Training,1,1,0,1,23,20,20,15,10,0,10,10
en,bjj-setups-and-traps-guide,85,⚠️  POOR,Drill,1049,6,Overview | Common Mistakes in Setups And Traps Guide | Training Tips for Setups And Traps Guide | Learning Progression for Setups And Traps Guide | Recommended Drills for Setups And Traps Guide,1,1,0,1,14,20,20,15,10,0,10,10
en,bjj-shoulder-health-bjj,85,⚠️  POOR,Technique,967,6,Core Principles | Step-by-Step Guide | Common Mistakes to Avoid | Frequently Asked Questions | Common Mistakes in Shoulder Health Bjj,1,1,0,1,23,20,20,15,10,0,10,10
en,bjj-shrimping-details,85,⚠️  POOR,Technique,775,7,Overview | Key Concepts | Step-by-Step Guide | Common Mistakes | Training Progression,1,1,0,1,23,20,20,15,10,0,10,10
en,bjj-side-control-escape-drills,85,⚠️  POOR,Drill,806,7,Core Principles | Technical Setup | Advanced Applications | Training and Drilling | Common Mistakes and Corrections,1,1,0,1,33,20,20,15,10,0,10,10
en,bjj-side-control-escape-far-side,85,⚠️  POOR,Drill,814,7,Core Principles | Technical Setup | Advanced Applications | Training and Drilling | Common Mistakes and Corrections,1,1,0,1,33,20,20,15,10,0,10,10
en,bjj-side-control-escape-frame,85,⚠️  POOR,Drill,814,7,Core Principles | Technical Setup | Advanced Applications | Training and Drilling | Common Mistakes and Corrections,1,1,0,1,33,20,20,15,10,0,10,10
en,bjj-side-control-escape-guard,85,⚠️  POOR,Drill,838,7,Core Principles | Technical Setup | Advanced Applications | Training and Drilling | Common Mistakes and Corrections,1,1,0,1,33,20,20,15,10,0,10,10
en,bjj-side-control-escape-turtle,85,⚠️  POOR,Drill,814,7,Core Principles | Technical Setup | Advanced Applications | Training and Drilling | Common Mistakes and Corrections,1,1,0,1,33,20,20,15,10,0,10,10
en,bjj-side-control-positions,85,⚠️  POOR,Drill,1141,6,Frequently Asked Questions | Related Techniques | Common Mistakes in Side Control Positions | Training Tips for Side Control Positions | Learning Progression for Side Control Positions,1,1,0,1,15,20,20,15,10,0,10,10
en,bjj-single-leg-guard,85,⚠️  POOR,Technique,923,6,Core Principles | Step-by-Step Guide | Common Mistakes to Avoid | Frequently Asked Questions | Common Mistakes in Single Leg Guard,1,1,0,1,29,20,20,15,10,0,10,10
en,bjj-single-leg-x-attacks,85,⚠️  POOR,Drill,774,6,Core Principles | Technical Setup | Advanced Applications | Training and Drilling | Common Mistakes and Corrections,1,1,0,1,27,20,20,15,10,0,10,10
en,bjj-single-leg-x-entries,85,⚠️  POOR,Drill,785,6,Core Principles | Technical Setup | Advanced Applications | Training and Drilling | Common Mistakes and Corrections,1,1,0,1,27,20,20,15,10,0,10,10
en,bjj-sit-up-sweep-details,85,⚠️  POOR,Technique,896,6,Core Principles | Step-by-Step Guide | Common Mistakes to Avoid | Frequently Asked Questions | Common Mistakes in Sit Up Sweep Details,1,1,0,1,29,20,20,15,10,0,10,10
en,bjj-situational-awareness-bjj,85,⚠️  POOR,Drill,1022,6,Overview | Common Mistakes in Situational Awareness Bjj | Training Tips for Situational Awareness Bjj | Learning Progression for Situational Awareness Bjj | Recommended Drills for Situational Awareness Bjj,1,1,0,1,14,20,20,15,10,0,10,10
en,bjj-sleep-for-bjj,85,⚠️  POOR,Drill,1022,6,Overview | Common Mistakes in Sleep For Bjj | Training Tips for Sleep For Bjj | Learning Progression for Sleep For Bjj | Recommended Drills for Sleep For Bjj,1,1,0,1,14,20,20,15,10,0,10,10
en,bjj-smash-passing-details,85,⚠️  POOR,Drill,795,7,Core Principles | Technical Setup | Advanced Applications | Training and Drilling | Common Mistakes and Corrections,1,1,0,1,33,20,20,15,10,0,10,10
en,bjj-smash-passing-guide,85,⚠️  POOR,Drill,909,6,Common Mistakes in Smash Passing Guide | Training Tips for Smash Passing Guide | Learning Progression for Smash Passing Guide | Recommended Drills for Smash Passing Guide | Frequently Asked Questions,1,1,0,1,23,20,20,15,10,0,10,10
en,bjj-snap-down-details,85,⚠️  POOR,Technique,789,7,Overview | Key Concepts | Step-by-Step Guide | Common Mistakes | Training Progression,1,1,0,1,23,20,20,15,10,0,10,10
en,bjj-solo-drilling-guide,85,⚠️  POOR,Drill,730,6,Key Concepts | Training Recommendations | Further Reading | Common Mistakes in Solo Drilling Guide | Frequently Asked Questions,1,1,0,1,33,20,20,15,10,0,10,10
en,bjj-solo-drills,85,⚠️  POOR,Drill,921,6,Why Solo Drilling Accelerates BJJ Progress | Essential BJJ Solo Drills | Solo Drill Protocol | Frequently Asked Questions | Related Techniques,1,1,0,1,21,20,20,15,10,0,10,10
en,bjj-sparring-partners-bjj,85,⚠️  POOR,Technique,788,7,Overview | Key Concepts | Step-by-Step Guide | Common Mistakes | Training Progression,1,1,0,1,23,20,20,15,10,0,10,10
en,bjj-sparring-tips,85,⚠️  POOR,Drill,968,7,"The Hierarchy of Sparring Intensity | How to Roll with Bigger, Stronger Training Partners | The Positional Rolling Drill | Rolling vs. Drilling: When to Use Each | How to Review and Learn From Every Roll",1,1,0,1,18,20,20,15,10,0,10,10
en,bjj-specific-training-bjj,85,⚠️  POOR,Technique,790,7,Overview | Key Concepts | Step-by-Step Guide | Common Mistakes | Training Progression,1,1,0,1,23,20,20,15,10,0,10,10
en,bjj-spider-guard-lasso-combo,85,⚠️  POOR,Drill,815,7,Core Principles | Technical Setup | Advanced Applications | Training and Drilling | Common Mistakes and Corrections,1,1,0,1,33,20,20,15,10,0,10,10
en,bjj-spider-guard-no-gi,85,⚠️  POOR,Drill,820,7,Core Principles | Technical Setup | Advanced Applications | Training and Drilling | Common Mistakes and Corrections,1,1,0,1,33,20,20,15,10,0,10,10
en,bjj-spider-guard-passing,85,⚠️  POOR,Technique,827,8,Overview | Key Concepts | Step-by-Step Guide | Common Mistakes | Training Progression,1,1,0,1,29,20,20,15,10,0,10,10
en,bjj-spider-guard-submissions,85,⚠️  POOR,Technique,828,8,Overview | Key Concepts | Step-by-Step Guide | Common Mistakes | Training Progression,1,1,0,1,29,20,20,15,10,0,10,10
en,bjj-spider-guard-sweeps,85,⚠️  POOR,Technique,827,8,Overview | Key Concepts | Step-by-Step Guide | Common Mistakes | Training Progression,1,1,0,1,29,20,20,15,10,0,10,10
en,bjj-spider-guard-variants,85,⚠️  POOR,Technique,826,8,Overview | Key Concepts | Step-by-Step Guide | Common Mistakes | Training Progression,1,1,0,1,29,20,20,15,10,0,10,10
en,bjj-sprawl-system-guide,85,⚠️  POOR,Drill,1008,6,Overview | Common Mistakes in Sprawl System Guide | Training Tips for Sprawl System Guide | Learning Progression for Sprawl System Guide | Recommended Drills for Sprawl System Guide,1,1,0,1,13,20,20,15,10,0,10,10
en,bjj-sprawl-to-front-headlock,85,⚠️  POOR,Technique,901,6,Core Principles | Step-by-Step Guide | Common Mistakes to Avoid | Frequently Asked Questions | Common Mistakes in Sprawl To Front Headlock,1,1,0,1,29,20,20,15,10,0,10,10
en,bjj-stalling-rules-bjj,85,⚠️  POOR,Drill,1116,6,Overview | Common Mistakes in Stalling Rules Bjj | Training Tips for Stalling Rules Bjj | Learning Progression for Stalling Rules Bjj | Recommended Drills for Stalling Rules Bjj,1,1,0,1,23,20,20,15,10,0,10,10
en,bjj-stiff-arm-frames,85,⚠️  POOR,Drill,1119,6,Overview | Common Mistakes in Stiff Arm Frames | Training Tips for Stiff Arm Frames | Learning Progression for Stiff Arm Frames | Recommended Drills for Stiff Arm Frames,1,1,0,1,23,20,20,15,10,0,10,10
en,bjj-stress-management-bjj,85,⚠️  POOR,Drill,1022,6,Overview | Common Mistakes in Stress Management Bjj | Training Tips for Stress Management Bjj | Learning Progression for Stress Management Bjj | Recommended Drills for Stress Management Bjj,1,1,0,1,14,20,20,15,10,0,10,10
en,bjj-submission-chain-attacks,85,⚠️  POOR,Drill,915,7,Core Principles of Chaining | Kimura Trap System | Leg Lock Chains | Upper Body Chains | Drilling Chain Attacks,1,1,0,1,21,20,20,15,10,0,10,10
en,bjj-submission-flow-drill,85,⚠️  POOR,Drill,892,6,Core Principles | Step-by-Step Guide | Common Mistakes to Avoid | Frequently Asked Questions | Common Mistakes in Submission Flow Drill,1,1,0,1,29,20,20,15,10,0,10,10
en,bjj-submission-hunting-bjj,85,⚠️  POOR,Technique,895,6,Core Principles | Step-by-Step Guide | Common Mistakes to Avoid | Frequently Asked Questions | Common Mistakes in Submission Hunting Bjj,1,1,0,1,29,20,20,15,10,0,10,10
en,bjj-takedown-entry-systems,85,⚠️  POOR,Drill,1219,10,Understanding Takedown Entry Systems in BJJ | The Clinch as Your Entry Hub | Key Entry Types | The Penetration Step in Detail | Creating Setups and Reactions,1,1,0,1,23,20,20,15,10,0,10,10
en,bjj-takedown-to-position,85,⚠️  POOR,Technique,904,6,Core Principles | Step-by-Step Guide | Common Mistakes to Avoid | Frequently Asked Questions | Common Mistakes in Takedown To Position,1,1,0,1,29,20,20,15,10,0,10,10
en,bjj-taking-back-from-guard,85,⚠️  POOR,Technique,932,6,Core Principles | Step-by-Step Guide | Common Mistakes to Avoid | Frequently Asked Questions | Common Mistakes in Taking Back From Guard,1,1,0,1,29,20,20,15,10,0,10,10
en,bjj-team-scoring-bjj,85,⚠️  POOR,Technique,791,7,Overview | Key Concepts | Step-by-Step Guide | Common Mistakes | Training Progression,1,1,0,1,23,20,20,15,10,0,10,10
en,bjj-three-year-bjj,85,⚠️  POOR,Technique,793,7,Overview | Key Concepts | Step-by-Step Guide | Common Mistakes | Training Progression,1,1,0,1,23,20,20,15,10,0,10,10
en,bjj-tie-up-control-bjj,85,⚠️  POOR,Technique,903,6,Core Principles | Step-by-Step Guide | Common Mistakes to Avoid | Frequently Asked Questions | Common Mistakes in Tie Up Control Bjj,1,1,0,1,29,20,20,15,10,0,10,10
en,bjj-time-management-bjj,85,⚠️  POOR,Technique,967,6,Core Principles | Step-by-Step Guide | Common Mistakes to Avoid | Frequently Asked Questions | Common Mistakes in Time Management Bjj,1,1,0,1,23,20,20,15,10,0,10,10
en,bjj-timing-and-reactions,85,⚠️  POOR,Drill,1022,6,Overview | Common Mistakes in Timing And Reactions | Training Tips for Timing And Reactions | Learning Progression for Timing And Reactions | Recommended Drills for Timing And Reactions,1,1,0,1,14,20,20,15,10,0,10,10
en,bjj-timing-reactions-guide,85,⚠️  POOR,Drill,1036,6,Overview | Common Mistakes in Timing Reactions Guide | Training Tips for Timing Reactions Guide | Learning Progression for Timing Reactions Guide | Recommended Drills for Timing Reactions Guide,1,1,0,1,15,20,20,15,10,0,10,10
en,bjj-top-game-plan,85,⚠️  POOR,Drill,1022,6,Overview | Common Mistakes in Top Game Plan | Training Tips for Top Game Plan | Learning Progression for Top Game Plan | Recommended Drills for Top Game Plan,1,1,0,1,14,20,20,15,10,0,10,10
en,bjj-top-pressure-guide,85,⚠️  POOR,Drill,1006,6,Common Mistakes in Top Pressure Guide | Training Tips for Top Pressure Guide | Learning Progression for Top Pressure Guide | Recommended Drills for Top Pressure Guide | Competition Applications of Top Pressure Guide,1,1,0,1,17,20,20,15,10,0,10,10
en,bjj-training-with-advanced,85,⚠️  POOR,Technique,793,7,Overview | Key Concepts | Step-by-Step Guide | Common Mistakes | Training Progression,1,1,0,1,23,20,20,15,10,0,10,10
en,bjj-training-with-beginners,85,⚠️  POOR,Technique,789,7,Overview | Key Concepts | Step-by-Step Guide | Common Mistakes | Training Progression,1,1,0,1,23,20,20,15,10,0,10,10
en,bjj-transfer-of-training,85,⚠️  POOR,Technique,790,7,Overview | Key Concepts | Step-by-Step Guide | Common Mistakes | Training Progression,1,1,0,1,23,20,20,15,10,0,10,10
en,bjj-triangle-finish-guide,85,⚠️  POOR,Drill,799,7,Core Principles | Technical Setup | Advanced Applications | Training and Drilling | Common Mistakes and Corrections,1,1,0,1,33,20,20,15,10,0,10,10
en,bjj-triangle-from-back-details,85,⚠️  POOR,Drill,812,7,Core Principles | Technical Setup | Advanced Applications | Training and Drilling | Common Mistakes and Corrections,1,1,0,1,33,20,20,15,10,0,10,10
en,bjj-triangle-to-omoplata-flow,85,⚠️  POOR,Technique,901,6,Core Principles | Step-by-Step Guide | Common Mistakes to Avoid | Frequently Asked Questions | Common Mistakes in Triangle To Omoplata Flow,1,1,0,1,29,20,20,15,10,0,10,10
en,bjj-triangle-variations-guide,85,⚠️  POOR,Drill,794,7,Core Principles | Technical Setup | Advanced Applications | Training and Drilling | Common Mistakes and Corrections,1,1,0,1,33,20,20,15,10,0,10,10
en,bjj-trips-and-throws-bjj,85,⚠️  POOR,Technique,977,6,Core Principles | Step-by-Step Guide | Common Mistakes to Avoid | Frequently Asked Questions | Common Mistakes in Trips And Throws Bjj,1,1,0,1,23,20,20,15,10,0,10,10
en,bjj-under-the-stack-escape,85,⚠️  POOR,Technique,905,6,Core Principles | Step-by-Step Guide | Common Mistakes to Avoid | Frequently Asked Questions | Common Mistakes in Under The Stack Escape,1,1,0,1,29,20,20,15,10,0,10,10
en,bjj-underhook-guard,85,⚠️  POOR,Technique,911,6,Core Principles | Step-by-Step Guide | Common Mistakes to Avoid | Frequently Asked Questions | Common Mistakes in Underhook Guard,1,1,0,1,29,20,20,15,10,0,10,10
en,bjj-underhook-half-details,85,⚠️  POOR,Technique,788,7,Overview | Key Concepts | Step-by-Step Guide | Common Mistakes | Training Progression,1,1,0,1,23,20,20,15,10,0,10,10
en,bjj-underhook-to-back,85,⚠️  POOR,Technique,901,6,Core Principles | Step-by-Step Guide | Common Mistakes to Avoid | Frequently Asked Questions | Common Mistakes in Underhook To Back,1,1,0,1,29,20,20,15,10,0,10,10
en,bjj-understanding-bjj,85,⚠️  POOR,Technique,778,7,Overview | Key Concepts | Step-by-Step Guide | Common Mistakes | Training Progression,1,1,0,1,23,20,20,15,10,0,10,10
en,bjj-upa-escape-guide,85,⚠️  POOR,Technique,980,8,Upa Mechanics | Step-by-Step Upa | Arm Trap Details | Foot Trap Details | Against High Mount,1,1,0,1,18,20,20,15,10,0,10,10
en,bjj-warm-up-drills,85,⚠️  POOR,Drill,816,6,Warm-Up Structure | Essential BJJ Warm-Up Drills | FAQ | Related Techniques | Common Mistakes in Warm Up Drills,1,1,0,1,22,20,20,15,10,0,10,10
en,bjj-weight-class-bjj,85,⚠️  POOR,Technique,787,7,Overview | Key Concepts | Step-by-Step Guide | Common Mistakes | Training Progression,1,1,0,1,23,20,20,15,10,0,10,10
en,bjj-weight-distribution-guide,85,⚠️  POOR,Drill,1116,6,Overview | Common Mistakes in Weight Distribution Guide | Training Tips for Weight Distribution Guide | Learning Progression for Weight Distribution Guide | Recommended Drills for Weight Distribution Guide,1,1,0,1,23,20,20,15,10,0,10,10
en,bjj-white-belt-curriculum,85,⚠️  POOR,Technique,786,7,Overview | Key Concepts | Step-by-Step Guide | Common Mistakes | Training Progression,1,1,0,1,23,20,20,15,10,0,10,10
en,bjj-whizzer-counter,85,⚠️  POOR,Drill,948,7,Understanding the Whizzer | Whizzer From Top Position | Whizzer From Guard | Common Whizzer Counters | Whizzer Mistakes to Avoid,1,1,0,1,23,20,20,15,10,0,10,10
en,bjj-whizzer-guide,85,⚠️  POOR,Drill,981,6,Overview | Common Mistakes in Whizzer Guide | Training Tips for Whizzer Guide | Learning Progression for Whizzer Guide | Recommended Drills for Whizzer Guide,1,1,0,1,13,20,20,15,10,0,10,10
en,bjj-whizzer-half-guard,85,⚠️  POOR,Technique,833,8,Overview | Key Concepts | Step-by-Step Guide | Common Mistakes | Training Progression,1,1,0,1,29,20,20,15,10,0,10,10
en,bjj-winning-mindset-guide,85,⚠️  POOR,Drill,1009,6,Common Mistakes in Winning Mindset Guide | Training Tips for Winning Mindset Guide | Learning Progression for Winning Mindset Guide | Recommended Drills for Winning Mindset Guide | Competition Applications of Winning Mindset Guide,1,1,0,1,17,20,20,15,10,0,10,10
en,bjj-winning-on-points,85,⚠️  POOR,Technique,970,6,Core Principles | Step-by-Step Guide | Common Mistakes to Avoid | Frequently Asked Questions | Common Mistakes in Winning On Points,1,1,0,1,23,20,20,15,10,0,10,10
en,bjj-wrestling-integration,85,⚠️  POOR,Drill,867,6,Key Wrestling Concepts for BJJ | Takedown Defense | Scramble Mastery | The Guard Pull Decision | Wrestling Drills for BJJ,1,1,0,1,12,20,20,15,10,0,10,10
en,bjj-wrist-control-bjj,85,⚠️  POOR,Technique,965,6,Core Principles | Step-by-Step Guide | Common Mistakes to Avoid | Frequently Asked Questions | Common Mistakes in Wrist Control Bjj,1,1,0,1,23,20,20,15,10,0,10,10
en,bjj-x-guard-back-take,85,⚠️  POOR,Drill,825,7,Core Principles | Technical Setup | Advanced Applications | Training and Drilling | Common Mistakes and Corrections,1,1,0,1,33,20,20,15,10,0,10,10
en,bjj-x-guard-entries,85,⚠️  POOR,Drill,810,7,Core Principles | Technical Setup | Advanced Applications | Training and Drilling | Common Mistakes and Corrections,1,1,0,1,33,20,20,15,10,0,10,10
en,bjj-x-guard-leg-attacks,85,⚠️  POOR,Drill,814,7,Core Principles | Technical Setup | Advanced Applications | Training and Drilling | Common Mistakes and Corrections,1,1,0,1,33,20,20,15,10,0,10,10
en,bjj-x-guard-sweeps,85,⚠️  POOR,Drill,807,7,Core Principles | Technical Setup | Advanced Applications | Training and Drilling | Common Mistakes and Corrections,1,1,0,1,33,20,20,15,10,0,10,10
en,bjj-z-guard-guide,85,⚠️  POOR,Technique,925,6,Core Principles | Step-by-Step Guide | Common Mistakes to Avoid | Frequently Asked Questions | Common Mistakes in Z Guard Guide,1,1,0,1,29,20,20,15,10,0,10,10
en,blue-belt-bjj-guide,85,⚠️  POOR,Drill,1070,6,❓ FAQ | 🥋 Core Blue Belt Techniques | Common Mistakes in Blue Belt Guide | Training Tips for Blue Belt Guide | Learning Progression for Blue Belt Guide,1,1,0,1,27,20,20,15,10,0,10,10
en,body-triangle,85,⚠️  POOR,Technique,1189,6,⚙️ Step-by-Step Guide | Related Techniques | Common Mistakes in Body Triangle | Training Tips for Body Triangle | Learning Progression for Body Triangle,1,1,0,1,36,20,20,15,10,0,10,10
en,bridge-and-roll,85,⚠️  POOR,Technique,1387,6,Step-by-Step Execution | Timing is Everything | Variations | Related Techniques | Common Mistakes in Bridge And Roll,1,1,0,1,45,20,20,15,10,0,10,10
en,cement-mixer,85,⚠️  POOR,Technique,1542,7,What Is the Cement Mixer? | How It Works | Step-by-Step Setup | Defense & Counters | Competition Use,1,1,0,1,27,20,20,15,10,0,10,10
en,clock-choke,85,⚠️  POOR,Technique,1209,6,⚙️ Step-by-Step Guide | Related Techniques | Common Mistakes in Clock Choke | Training Tips for Clock Choke | Learning Progression for Clock Choke,1,1,0,1,37,20,20,15,10,0,10,10
en,cross-collar-choke,85,⚠️  POOR,Technique,1221,6,⚙️ Step-by-Step Guide | Related Techniques | Common Mistakes in Cross Collar Choke | Training Tips for Cross Collar Choke | Learning Progression for Cross Collar Choke,1,1,0,1,36,20,20,15,10,0,10,10
en,deep-half-guard,85,⚠️  POOR,Technique,1607,7,How to Execute | Key Details & Tips | Variations | When to Use | Counters & Defenses,1,1,0,1,37,20,20,15,10,0,10,10
en,dog-fight,85,⚠️  POOR,Technique,1652,6,⚙️ Step-by-Step Guide | 🔑 Key Concepts | Related Techniques | Common Mistakes in Dog Fight | Training Tips for Dog Fight,1,1,0,1,31,20,20,15,10,0,10,10
en,double-leg-vs-single-leg,85,⚠️  POOR,Drill,1313,6,📊 Head-to-Head | ❓ FAQ | Common Mistakes in Double Leg Vs Single Leg | Training Tips for Double Leg Vs Single Leg | Learning Progression for Double Leg Vs Single Leg,1,1,0,1,28,20,20,15,10,0,10,10
en,double-under-pass,85,⚠️  POOR,Technique,1523,7,How to Execute | Key Details & Tips | Variations | When to Use | Counters & Defenses,1,1,0,1,36,20,20,15,10,0,10,10
en,elbow-knee-escape,85,⚠️  POOR,Technique,1187,6,⚙️ Step-by-Step Guide | Related Techniques | Common Mistakes in Elbow Knee Escape | Training Tips for Elbow Knee Escape | Learning Progression for Elbow Knee Escape,1,1,0,1,34,20,20,15,10,0,10,10
en,electric-chair,85,⚠️  POOR,Technique,1292,7,How to Execute the Electric Chair | Key Details & Common Mistakes | Variations | When to Use | Counters & Defense,1,1,0,1,24,20,20,15,10,0,10,10
en,elevator-sweep,85,⚠️  POOR,Technique,1188,6,⚙️ Step-by-Step Guide | Related Techniques | Common Mistakes in Elevator Sweep | Training Tips for Elevator Sweep | Learning Progression for Elevator Sweep,1,1,0,1,35,20,20,15,10,0,10,10
en,frame,85,⚠️  POOR,Technique,1149,6,⚙️ Step-by-Step Guide | Related Techniques | Common Mistakes in Frame | Training Tips for Frame | Learning Progression for Frame,1,1,0,1,34,20,20,15,10,0,10,10
en,front-headlock,85,⚠️  POOR,Technique,1170,6,⚙️ Step-by-Step Guide | Related Techniques | Common Mistakes in Front Headlock | Training Tips for Front Headlock | Learning Progression for Front Headlock,1,1,0,1,35,20,20,15,10,0,10,10
en,gi-vs-nogi-bjj,85,⚠️  POOR,Drill,1298,6,📊 Comparison | ❓ FAQ | Common Mistakes in Gi Vs Nogi Bjj | Training Tips for Gi Vs Nogi Bjj | Learning Progression for Gi Vs Nogi Bjj,1,1,0,1,31,20,20,15,10,0,10,10
en,granby-roll,85,⚠️  POOR,Technique,1170,6,⚙️ Step-by-Step Guide | Related Techniques | Common Mistakes in Granby Roll | Training Tips for Granby Roll | Learning Progression for Granby Roll,1,1,0,1,34,20,20,15,10,0,10,10
en,guard-retention,85,⚠️  POOR,Technique,1215,6,⚙️ Step-by-Step Guide | Related Techniques | Common Mistakes in Guard Retention | Training Tips for Guard Retention | Learning Progression for Guard Retention,1,1,0,1,35,20,20,15,10,0,10,10
en,harai-goshi,85,⚠️  POOR,Technique,1555,8,How to Execute | Key Details & Tips | Variations | When to Use | Counters & Defenses,1,1,0,1,33,20,20,15,10,0,10,10
en,hip-escape,85,⚠️  POOR,Technique,1187,6,⚙️ Step-by-Step Guide | Related Techniques | Common Mistakes in Hip Escape | Training Tips for Hip Escape | Learning Progression for Hip Escape,1,1,0,1,35,20,20,15,10,0,10,10
en,hip-throw,85,⚠️  POOR,Drill,986,6,How to Execute | Frequently Asked Questions | Common Mistakes in Hip Throw | Training Tips for Hip Throw | Learning Progression for Hip Throw,1,1,0,1,15,20,20,15,10,0,10,10
en,index,85,⚠️  POOR,Drill,1172,6,Common Mistakes in Index | Training Tips for Index | Learning Progression for Index | Recommended Drills for Index | Competition Applications of Index,1,1,0,1,7,20,20,15,10,0,10,10
en,ippon-seoi-nage,85,⚠️  POOR,Technique,1577,8,How to Execute | Key Details & Tips | Variations | When to Use | Counters & Defenses,1,1,0,1,35,20,20,15,10,0,10,10
en,knee-shield,85,⚠️  POOR,Technique,1561,6,⚙️ Step-by-Step Guide | 🔑 Key Details & Common Mistakes | Related Techniques | Common Mistakes in Knee Shield | Training Tips for Knee Shield,1,1,0,1,32,20,20,15,10,0,10,10
en,lapel-choke,85,⚠️  POOR,Technique,1194,6,⚙️ Step-by-Step Guide | Related Techniques | Common Mistakes in Lapel Choke | Training Tips for Lapel Choke | Learning Progression for Lapel Choke,1,1,0,1,36,20,20,15,10,0,10,10
en,lasso-guard,85,⚠️  POOR,Technique,1498,8,How to Execute | Key Details & Tips | Variations | When to Use | Counters & Defenses,1,1,0,1,37,20,20,15,10,0,10,10
en,modified-mount,85,⚠️  POOR,Technique,1187,6,⚙️ Step-by-Step Guide | Related Techniques | Common Mistakes in Modified Mount | Training Tips for Modified Mount | Learning Progression for Modified Mount,1,1,0,1,35,20,20,15,10,0,10,10
en,monoplata,85,⚠️  POOR,Technique,1183,6,⚙️ Step-by-Step Guide | Related Techniques | Common Mistakes in Monoplata | Training Tips for Monoplata | Learning Progression for Monoplata,1,1,0,1,36,20,20,15,10,0,10,10
en,morote-seoi-nage,85,⚠️  POOR,Technique,1583,8,How to Execute | Key Details & Tips | Variations | When to Use | Counters & Defenses,1,1,0,1,32,20,20,15,10,0,10,10
en,mounted-triangle,85,⚠️  POOR,Technique,949,6,How to Execute | Related Techniques | Frequently Asked Questions | Common Mistakes in Mounted Triangle | Training Tips for Mounted Triangle,1,1,0,1,12,20,20,15,10,0,10,10
en,north-south-choke,85,⚠️  POOR,Technique,1219,6,⚙️ Step-by-Step Guide | Related Techniques | Common Mistakes in North South Choke | Training Tips for North South Choke | Learning Progression for North South Choke,1,1,0,1,37,20,20,15,10,0,10,10
en,over-under-pass,85,⚠️  POOR,Technique,958,6,How to Execute | Related Techniques | Frequently Asked Questions | Common Mistakes in Over Under Pass | Training Tips for Over Under Pass,1,1,0,1,12,20,20,15,10,0,10,10
en,overhead-sweep,85,⚠️  POOR,Technique,1187,6,⚙️ Step-by-Step Guide | Related Techniques | Common Mistakes in Overhead Sweep | Training Tips for Overhead Sweep | Learning Progression for Overhead Sweep,1,1,0,1,35,20,20,15,10,0,10,10
en,overhook,85,⚠️  POOR,Technique,1150,6,⚙️ Step-by-Step Guide | Related Techniques | Common Mistakes in Overhook | Training Tips for Overhook | Learning Progression for Overhook,1,1,0,1,35,20,20,15,10,0,10,10
en,paper-cutter-choke,85,⚠️  POOR,Technique,1862,8,What Is the Paper Cutter Choke? | How It Works | Step-by-Step Setup | Variations | Defense & Counters,1,1,0,1,29,20,20,15,10,0,10,10
en,posture,85,⚠️  POOR,Drill,999,6,How to Execute | Frequently Asked Questions | Common Mistakes in Posture | Training Tips for Posture | Learning Progression for Posture,1,1,0,1,15,20,20,15,10,0,10,10
en,pressure-pass,85,⚠️  POOR,Technique,1480,7,How to Execute | Key Details & Tips | Variations | When to Use | Counters & Defenses,1,1,0,1,35,20,20,15,10,0,10,10
en,reverse-de-la-riva,85,⚠️  POOR,Technique,1529,7,How to Execute | Key Details & Tips | Variations | When to Use | Counters & Defenses,1,1,0,1,33,20,20,15,10,0,10,10
en,russian-2-on-1,85,⚠️  POOR,Technique,957,6,How to Execute | Related Techniques | Frequently Asked Questions | Common Mistakes in Russian 2 On 1 | Training Tips for Russian 2 On 1,1,1,0,1,12,20,20,15,10,0,10,10
en,russian-tie,85,⚠️  POOR,Technique,1191,6,⚙️ Step-by-Step Guide | Related Techniques | Common Mistakes in Russian Tie | Training Tips for Russian Tie | Learning Progression for Russian Tie,1,1,0,1,35,20,20,15,10,0,10,10
en,s-mount,85,⚠️  POOR,Technique,1175,6,⚙️ Step-by-Step Guide | Related Techniques | Common Mistakes in S Mount | Training Tips for S Mount | Learning Progression for S Mount,1,1,0,1,35,20,20,15,10,0,10,10
en,seat-belt-control,85,⚠️  POOR,Technique,1201,6,⚙️ Step-by-Step Guide | Related Techniques | Common Mistakes in Seat Belt Control | Training Tips for Seat Belt Control | Learning Progression for Seat Belt Control,1,1,0,1,35,20,20,15,10,0,10,10
en,shrimp-escape,85,⚠️  POOR,Drill,1254,6,The Shrimp Movement | Shrimp from Side Control | Shrimp from Mount | Drilling Tips | Related Techniques,1,1,0,1,44,20,20,15,10,0,10,10
en,sickle-sweep,85,⚠️  POOR,Technique,1190,6,⚙️ Step-by-Step Guide | Related Techniques | Common Mistakes in Sickle Sweep | Training Tips for Sickle Sweep | Learning Progression for Sickle Sweep,1,1,0,1,35,20,20,15,10,0,10,10
en,sitting-guard,85,⚠️  POOR,Technique,1252,6,⚙️ Step-by-Step Guide | Related Techniques | Common Mistakes in Sitting Guard | Training Tips for Sitting Guard | Learning Progression for Sitting Guard,1,1,0,1,36,20,20,15,10,0,10,10
en,smash-pass,85,⚠️  POOR,Technique,1541,7,How to Execute | Key Details & Tips | Variations | When to Use | Counters & Defenses,1,1,0,1,36,20,20,15,10,0,10,10
en,snap-down,85,⚠️  POOR,Technique,1456,8,How to Execute | Key Details & Tips | Variations | When to Use | Counters & Defenses,1,1,0,1,36,20,20,15,10,0,10,10
en,sparring-simulator,85,⚠️  POOR,Drill,2756,6,Training Session Complete! | ❓ FAQ | Common Mistakes in Sparring Simulator | Training Tips for Sparring Simulator | Learning Progression for Sparring Simulator,1,1,0,1,23,20,20,15,10,0,10,10
en,stack-pass,85,⚠️  POOR,Technique,1489,7,How to Execute | Key Details & Tips | Variations | When to Use | Counters & Defenses,1,1,0,1,36,20,20,15,10,0,10,10
en,stand-in-base,85,⚠️  POOR,Technique,1190,6,⚙️ Step-by-Step Guide | Related Techniques | Common Mistakes in Stand In Base | Training Tips for Stand In Base | Learning Progression for Stand In Base,1,1,0,1,34,20,20,15,10,0,10,10
en,straight-armbar,85,⚠️  POOR,Technique,1207,6,⚙️ Step-by-Step Guide | Related Techniques | Common Mistakes in Straight Armbar | Training Tips for Straight Armbar | Learning Progression for Straight Armbar,1,1,0,1,36,20,20,15,10,0,10,10
en,technical-standup,85,⚠️  POOR,Technique,1170,6,⚙️ Step-by-Step Guide | Related Techniques | Common Mistakes in Technical Standup | Training Tips for Technical Standup | Learning Progression for Technical Standup,1,1,0,1,34,20,20,15,10,0,10,10
en,top-bjj-submissions,85,⚠️  POOR,Drill,1192,6,Common Mistakes in Top Submissions | Training Tips for Top Submissions | Learning Progression for Top Submissions | Recommended Drills for Top Submissions | Frequently Asked Questions,1,1,0,1,15,20,20,15,10,0,10,10
en,tripod-sweep,85,⚠️  POOR,Technique,1204,6,⚙️ Step-by-Step Guide | Related Techniques | Common Mistakes in Tripod Sweep | Training Tips for Tripod Sweep | Learning Progression for Tripod Sweep,1,1,0,1,36,20,20,15,10,0,10,10
en,underhook,85,⚠️  POOR,Technique,1154,6,⚙️ Step-by-Step Guide | Related Techniques | Common Mistakes in Underhook | Training Tips for Underhook | Learning Progression for Underhook,1,1,0,1,35,20,20,15,10,0,10,10
en,white-belt-bjj-guide,85,⚠️  POOR,Drill,1074,6,❓ FAQ | 🥋 Essential White Belt Techniques | Common Mistakes in White Belt Guide | Training Tips for White Belt Guide | Learning Progression for White Belt Guide,1,1,0,1,27,20,20,15,10,0,10,10
en,x-guard-sweep,85,⚠️  POOR,Technique,1229,6,⚙️ Step-by-Step Guide | Related Techniques | Common Mistakes in X Guard Sweep | Training Tips for X Guard Sweep | Learning Progression for X Guard Sweep,1,1,0,1,35,20,20,15,10,0,10,10
en,x-pass,85,⚠️  POOR,Technique,1461,7,How to Execute | Key Details & Tips | Variations | When to Use | Counters & Defenses,1,1,0,1,36,20,20,15,10,0,10,10
en,z-guard,85,⚠️  POOR,Technique,1485,7,How to Execute | Key Details & Tips | Variations | When to Use | Counters & Defenses,1,1,0,1,35,20,20,15,10,0,10,10
en,americana,90,✅ GOOD,Technique,1639,7,How to Execute | Key Details & Tips | Variations | When to Use | Counters & Defenses,1,1,1,0,46,20,20,15,10,15,0,10
en,anaconda-choke,90,✅ GOOD,Technique,1675,7,How to Execute | Key Details & Tips | Variations | When to Use | Counters & Defenses,1,1,1,0,43,20,20,15,10,15,0,10
en,ankle-pick,90,✅ GOOD,Technique,1546,6,How to Execute | Key Details & Tips | Variations | When to Use | Counters & Defenses,1,1,1,0,37,20,20,15,10,15,0,10
en,armbar,90,✅ GOOD,Technique,1628,7,How to Execute | Key Details & Tips | Variations | When to Use | Counters & Defenses,1,1,1,0,43,20,20,15,10,15,0,10
en,athlete-andre-galvao,90,✅ GOOD,Athlete_Bio,1117,7,Biography | Fighting Style | Signature Technique | Why Study This Athlete | Career Highlights,1,0,0,1,18,20,20,15,0,15,10,10
en,athlete-bernardo-faria,90,✅ GOOD,Athlete_Bio,1101,7,Biography | Fighting Style | Signature Technique | Why Study This Athlete | Career Highlights,1,0,0,1,18,20,20,15,0,15,10,10
en,athlete-bia-mesquita,90,✅ GOOD,Athlete_Bio,1124,7,Biography | Fighting Style | Signature Technique | Why Study This Athlete | Career Highlights,1,0,0,1,18,20,20,15,0,15,10,10
en,athlete-buchecha,90,✅ GOOD,Athlete_Bio,1120,7,Biography | Fighting Style | Signature Technique | Why Study This Athlete | Career Highlights,1,0,0,1,18,20,20,15,0,15,10,10
en,athlete-caio-terra,90,✅ GOOD,Athlete_Bio,1093,7,Biography | Fighting Style | Signature Technique | Why Study This Athlete | Career Highlights,1,0,0,1,18,20,20,15,0,15,10,10
en,athlete-claudio-calasans,90,✅ GOOD,Athlete_Bio,1092,7,Biography | Fighting Style | Signature Technique | Why Study This Athlete | Career Highlights,1,0,0,1,18,20,20,15,0,15,10,10
en,athlete-cobrinha,90,✅ GOOD,Athlete_Bio,1141,7,Biography | Fighting Style | Signature Technique | Why Study This Athlete | Career Highlights,1,0,0,1,18,20,20,15,0,15,10,10
en,athlete-craig-jones,90,✅ GOOD,Athlete_Bio,1117,7,Biography | Fighting Style | Signature Technique | Why Study This Athlete | Career Highlights,1,0,0,1,19,20,20,15,0,15,10,10
en,athlete-ffion-davies,90,✅ GOOD,Athlete_Bio,1095,7,Biography | Fighting Style | Signature Technique | Why Study This Athlete | Career Highlights,1,0,0,1,18,20,20,15,0,15,10,10
en,athlete-garry-tonon,90,✅ GOOD,Athlete_Bio,1106,7,Biography | Fighting Style | Signature Technique | Why Study This Athlete | Career Highlights,1,0,0,1,18,20,20,15,0,15,10,10
en,athlete-gianni-grippo,90,✅ GOOD,Athlete_Bio,1095,7,Biography | Fighting Style | Signature Technique | Why Study This Athlete | Career Highlights,1,0,0,1,18,20,20,15,0,15,10,10
en,athlete-gordon-ryan,90,✅ GOOD,Athlete_Bio,1353,7,Biography | Fighting Style | Signature Technique | Why Study This Athlete | Career Highlights,1,0,0,1,19,20,20,15,0,15,10,10
en,athlete-john-danaher,90,✅ GOOD,Athlete_Bio,1144,7,Biography | Fighting Style | Signature Technique | Why Study This Athlete | Career Highlights,1,0,0,1,18,20,20,15,0,15,10,10
en,athlete-keenan-cornelius,90,✅ GOOD,Athlete_Bio,1117,7,Biography | Fighting Style | Signature Technique | Why Study This Athlete | Career Highlights,1,0,0,1,18,20,20,15,0,15,10,10
en,athlete-lachlan-giles,90,✅ GOOD,Athlete_Bio,1139,7,Biography | Fighting Style | Signature Technique | Why Study This Athlete | Career Highlights,1,0,0,1,18,20,20,15,0,15,10,10
en,athlete-leandro-lo,90,✅ GOOD,Athlete_Bio,1163,7,Biography | Fighting Style | Signature Technique | Why Study This Athlete | Career Highlights,1,0,0,1,18,20,20,15,0,15,10,10
en,athlete-mackenzie-dern,90,✅ GOOD,Athlete_Bio,1084,7,Biography | Fighting Style | Signature Technique | Why Study This Athlete | Career Highlights,1,0,0,1,18,20,20,15,0,15,10,10
en,athlete-marcelo-garcia,90,✅ GOOD,Athlete_Bio,1416,7,Biography | Fighting Style | Signature Technique | Why Study This Athlete | Career Highlights,1,0,0,1,19,20,20,15,0,15,10,10
en,athlete-mikey-musumeci,90,✅ GOOD,Athlete_Bio,1109,7,Biography | Fighting Style | Signature Technique | Why Study This Athlete | Career Highlights,1,0,0,1,19,20,20,15,0,15,10,10
en,athlete-nicky-ryan,90,✅ GOOD,Athlete_Bio,1121,7,Biography | Fighting Style | Signature Technique | Why Study This Athlete | Career Highlights,1,0,0,1,18,20,20,15,0,15,10,10
en,athlete-rafael-lovato-jr,90,✅ GOOD,Athlete_Bio,1107,7,Biography | Fighting Style | Signature Technique | Why Study This Athlete | Career Highlights,1,0,0,1,18,20,20,15,0,15,10,10
en,athlete-rafael-mendes,90,✅ GOOD,Athlete_Bio,1114,7,Biography | Fighting Style | Signature Technique | Why Study This Athlete | Career Highlights,1,0,0,1,18,20,20,15,0,15,10,10
en,athlete-romulo-barral,90,✅ GOOD,Athlete_Bio,1096,7,Biography | Fighting Style | Signature Technique | Why Study This Athlete | Career Highlights,1,0,0,1,18,20,20,15,0,15,10,10
en,athlete-xande-ribeiro-2,90,✅ GOOD,Athlete_Bio,1109,7,Biography | Fighting Style | Signature Technique | Why Study This Athlete | Career Highlights,1,0,0,1,18,20,20,15,0,15,10,10
en,athlete-xande-ribeiro,90,✅ GOOD,Athlete_Bio,1120,7,Biography | Fighting Style | Signature Technique | Why Study This Athlete | Career Highlights,1,0,0,1,18,20,20,15,0,15,10,10
en,back-mount,90,✅ GOOD,Technique,1604,7,How to Execute | Key Details & Tips | Variations | When to Use | Counters & Defenses,1,1,1,0,46,20,20,15,10,15,0,10
en,backtake,90,✅ GOOD,Technique,1547,6,How to Execute | Key Details & Tips | Variations | When to Use | Counters & Defenses,1,1,1,0,34,20,20,15,10,15,0,10
en,berimbolo,90,✅ GOOD,Technique,1607,7,How to Execute | Key Details & Tips | Variations | When to Use | Counters & Defenses,1,1,1,0,42,20,20,15,10,15,0,10
en,bicep-slicer,90,✅ GOOD,Concept_Strategy,1830,6,What Is the Bicep Slicer? | Submission Mechanics | Common Entries | Variations | Counters & Defenses,1,1,0,0,36,20,20,15,10,15,0,10
en,bjj-advanced-leg-lock-systems,90,✅ GOOD,Concept_Strategy,780,7,The Modern Leg Lock Game | Core Leg Lock Positions | Entry Systems | Heel Hook Finishing Mechanics | Defensive Frameworks,1,1,0,0,17,20,20,15,10,15,0,10
en,bjj-after-competition-bjj,90,✅ GOOD,Concept_Strategy,766,7,Introduction | Key Principles | Common Mistakes to Avoid | Training Progression | Advanced Variations,1,1,0,0,26,20,20,15,10,15,0,10
en,bjj-americana-guide,90,✅ GOOD,Concept_Strategy,861,7,Grip Setup | Americana from Mount | Americana from Side Control | Common Defenses | Defeating Defenses,1,1,0,0,19,20,20,15,10,15,0,10
en,bjj-ankle-pick-guide,90,✅ GOOD,Concept_Strategy,776,7,Introduction | Key Principles | Common Mistakes to Avoid | Training Progression | Advanced Variations,1,1,0,0,26,20,20,15,10,15,0,10
en,bjj-arm-defense-guide,90,✅ GOOD,Concept_Strategy,772,7,Introduction | Key Principles | Common Mistakes to Avoid | Training Progression | Advanced Variations,1,1,0,0,26,20,20,15,10,15,0,10
en,bjj-arm-drag-guard,90,✅ GOOD,Concept_Strategy,779,7,Introduction | Key Principles | Common Mistakes to Avoid | Training Progression | Advanced Variations,1,1,0,0,26,20,20,15,10,15,0,10
en,bjj-arm-drag-system,90,✅ GOOD,Concept_Strategy,883,7,Arm Drag Mechanics | Standing Arm Drag | Arm Drag from Butterfly Guard | Arm Drag to Single Leg | Arm Drag from Turtle,1,1,0,0,19,20,20,15,10,15,0,10
en,bjj-armbar-details-bjj,90,✅ GOOD,Concept_Strategy,769,7,Introduction | Key Principles | Common Mistakes to Avoid | Training Progression | Advanced Variations,1,1,0,0,26,20,20,15,10,15,0,10
en,bjj-ashi-garami-defense,90,✅ GOOD,Concept_Strategy,774,7,Introduction | Key Principles | Common Mistakes to Avoid | Training Progression | Advanced Variations,1,1,0,0,26,20,20,15,10,15,0,10
en,bjj-ashi-garami-setup,90,✅ GOOD,Concept_Strategy,775,7,Introduction | Key Principles | Common Mistakes to Avoid | Training Progression | Advanced Variations,1,1,0,0,26,20,20,15,10,15,0,10
en,bjj-athlete-mindset,90,✅ GOOD,Athlete_Bio,911,6,What Separates Good BJJ from Great BJJ | Goal Setting for BJJ Athletes | How Champions Use Video Study | Managing Performance Anxiety | Frequently Asked Questions,1,0,0,1,21,20,20,15,0,15,10,10
en,bjj-back-attacks-advanced,90,✅ GOOD,Equipment_Gear,1002,6,Seatbelt Control Mechanics | Bow and Arrow Choke | Rear Naked Choke (RNC) Mechanics | Armbar from Back | Back Retention Strategies,1,1,0,0,19,20,20,15,10,15,0,10
en,bjj-back-control-complete,90,✅ GOOD,Concept_Strategy,619,6,Overview | Hook Mechanics | Submission Threats | Control Maintenance | Escape Prevention,1,1,0,0,21,20,20,15,10,15,0,10
en,bjj-back-control-concepts,90,✅ GOOD,Concept_Strategy,980,6,The Seatbelt: Your Primary Control | Hook Management | The Rear Naked Choke (Primary Finish) | Back Take Entry Points | Defending Back Control,1,1,0,0,22,20,20,15,10,15,0,10
en,bjj-back-control-system,90,✅ GOOD,Concept_Strategy,866,6,Why Back Control is the Best Position | Back Control Fundamentals | Submissions from Back Control | Back Escapes for the Defender | Frequently Asked Questions,1,0,0,1,24,20,20,15,0,15,10,10
en,bjj-back-escape-system,90,✅ GOOD,Concept_Strategy,813,7,Understanding Back Control | The Priority Framework | The Roll-Over Escape | The Sit-Up Escape | Protecting Against the Rear Naked Choke,1,1,0,0,17,20,20,15,10,15,0,10
en,bjj-back-step-pass,90,✅ GOOD,Concept_Strategy,778,7,Introduction | Key Principles | Common Mistakes to Avoid | Training Progression | Advanced Variations,1,1,0,0,26,20,20,15,10,15,0,10
en,bjj-back-to-mount-transition,90,✅ GOOD,Concept_Strategy,788,7,Introduction | Key Principles | Common Mistakes to Avoid | Training Progression | Advanced Variations,1,1,0,0,26,20,20,15,10,15,0,10
en,bjj-balance-in-bjj,90,✅ GOOD,Concept_Strategy,776,7,Introduction | Key Principles | Common Mistakes to Avoid | Training Progression | Advanced Variations,1,1,0,0,26,20,20,15,10,15,0,10
en,bjj-balloon-sweep-bjj,90,✅ GOOD,Concept_Strategy,775,7,Introduction | Key Principles | Common Mistakes to Avoid | Training Progression | Advanced Variations,1,1,0,0,26,20,20,15,10,15,0,10
en,bjj-belt-promotion-criteria,90,✅ GOOD,Concept_Strategy,770,7,Introduction | Key Principles | Common Mistakes to Avoid | Training Progression | Advanced Variations,1,1,0,0,26,20,20,15,10,15,0,10
en,bjj-between-matches-bjj,90,✅ GOOD,Concept_Strategy,770,7,Introduction | Key Principles | Common Mistakes to Avoid | Training Progression | Advanced Variations,1,1,0,0,26,20,20,15,10,15,0,10
en,bjj-bjj-strength-training,90,✅ GOOD,Conditioning_Nutrition,961,6,Why Strength Training Matters for BJJ | Periodization for Grapplers | Essential Compound Movements | BJJ-Specific Supplementary Work | Energy Systems for BJJ,1,1,0,0,14,20,20,15,10,15,0,10
en,bjj-body-lock-pass-guide,90,✅ GOOD,Concept_Strategy,781,7,Introduction | Key Principles | Common Mistakes to Avoid | Training Progression | Advanced Variations,1,1,0,0,26,20,20,15,10,15,0,10
en,bjj-bottom-game-system,90,✅ GOOD,Concept_Strategy,757,6,What is a Bottom Game? | Guard Hierarchy | Guard Retention Fundamentals | The Sweep System | Guard Submissions,1,1,0,0,23,20,20,15,10,15,0,10
en,bjj-breaking-down-guard,90,✅ GOOD,Concept_Strategy,776,7,Introduction | Key Principles | Common Mistakes to Avoid | Training Progression | Advanced Variations,1,1,0,0,26,20,20,15,10,15,0,10
en,bjj-butterfly-guard,90,✅ GOOD,Equipment_Gear,820,6,What is Butterfly Guard? | Core Butterfly Guard Techniques | Butterfly Guard in Gi vs No-Gi | Common Mistakes | Frequently Asked Questions,1,0,0,1,21,20,20,15,0,15,10,10
en,bjj-cardio-systems-guide,90,✅ GOOD,Conditioning_Nutrition,685,6,BJJ Energy Systems | Steady-State Cardio Protocol | High-Intensity Interval Training (HIIT) | Competition-Specific Conditioning | Sport-Specific Circuit Training,1,1,0,0,27,20,20,15,10,15,0,10
en,bjj-closed-guard-concepts,90,✅ GOOD,Concept_Strategy,938,6,The Primary Goal: Break Posture | Hip Movement Is Everything | Submission Hierarchy | The Sweep-Submission Connection | Opening the Guard,1,1,0,0,22,20,20,15,10,15,0,10
en,bjj-closed-guard-system,90,✅ GOOD,Equipment_Gear,1000,7,Closed Guard Fundamentals | Breaking Posture | Closed Guard Submissions | Closed Guard Sweeps | Guard Opening Defense,1,1,0,0,19,20,20,15,10,15,0,10
en,bjj-collar-drag-guard,90,✅ GOOD,Concept_Strategy,773,7,Introduction | Key Principles | Common Mistakes to Avoid | Training Progression | Advanced Variations,1,1,0,0,26,20,20,15,10,15,0,10
en,bjj-collar-tie-takedowns,90,✅ GOOD,Concept_Strategy,778,7,Introduction | Key Principles | Common Mistakes to Avoid | Training Progression | Advanced Variations,1,1,0,0,26,20,20,15,10,15,0,10
en,bjj-combat-base-guide,90,✅ GOOD,Concept_Strategy,790,6,Combat Base Setup | Combat Base vs Sweeps | Attacking from Combat Base | Combat Base in Closed Guard | Transitioning Out,1,1,0,0,19,20,20,15,10,15,0,10
en,bjj-competition-mindset,90,✅ GOOD,Equipment_Gear,750,6,The Mental Game in BJJ Competition | Understanding and Managing Competition Nerves | Visualization Techniques | Pre-Match Routine Development | Dealing with Adversity Mid-Match,1,1,0,0,11,20,20,15,10,15,0,10
en,bjj-competition-prep-checklist,90,✅ GOOD,Equipment_Gear,928,7,2–4 Weeks Before: Base Preparation | Week Before: Taper & Logistics | Day Before: Final Prep | Day Of: Tournament Day | Post-Tournament Recovery,1,0,0,1,18,20,20,15,0,15,10,10
en,bjj-competition-rules-complete,90,✅ GOOD,Concept_Strategy,991,7,IBJJF Rules Overview | ADCC Rules | Submission-Only Formats | FloGrappling Rules | Stalling and Passivity Rules,1,1,0,0,13,20,20,15,10,15,0,10
en,bjj-competition-tactics-advanced,90,✅ GOOD,Concept_Strategy,803,6,Pre-Match Research and Scouting | Game Plan Development | Points and Advantages Strategy | Bracket Management | The Mental Game,1,1,0,0,14,20,20,15,10,15,0,10
en,bjj-competition-warmup-bjj,90,✅ GOOD,Concept_Strategy,770,7,Introduction | Key Principles | Common Mistakes to Avoid | Training Progression | Advanced Variations,1,1,0,0,26,20,20,15,10,15,0,10
en,bjj-confidence-bjj,90,✅ GOOD,Concept_Strategy,770,7,Introduction | Key Principles | Common Mistakes to Avoid | Training Progression | Advanced Variations,1,1,0,0,26,20,20,15,10,15,0,10
en,bjj-consistency-bjj,90,✅ GOOD,Concept_Strategy,769,7,Introduction | Key Principles | Common Mistakes to Avoid | Training Progression | Advanced Variations,1,1,0,0,26,20,20,15,10,15,0,10
en,bjj-cool-down-guide-bjj,90,✅ GOOD,Concept_Strategy,780,7,Introduction | Key Principles | Common Mistakes to Avoid | Training Progression | Advanced Variations,1,1,0,0,26,20,20,15,10,15,0,10
en,bjj-coordination-bjj,90,✅ GOOD,Concept_Strategy,770,7,Introduction | Key Principles | Common Mistakes to Avoid | Training Progression | Advanced Variations,1,1,0,0,26,20,20,15,10,15,0,10
en,bjj-curriculum-bjj,90,✅ GOOD,Concept_Strategy,766,7,Introduction | Key Principles | Common Mistakes to Avoid | Training Progression | Advanced Variations,1,1,0,0,26,20,20,15,10,15,0,10
en,bjj-dogfight-position-guide,90,✅ GOOD,Concept_Strategy,845,6,How You Get to Dogfight | The Underhook Battle | Dogfight Sweeps and Attacks | Back Take from Dogfight | Stand Up Option,1,1,0,0,29,20,20,15,10,15,0,10
en,bjj-duck-under-guide,90,✅ GOOD,Concept_Strategy,850,7,Duck Under Mechanics | Setup from Collar Tie | From Underhook Battle | Finishing to Back Control | Common Mistakes,1,1,0,0,19,20,20,15,10,15,0,10
en,bjj-endurance-game-bjj,90,✅ GOOD,Concept_Strategy,771,7,Introduction | Key Principles | Common Mistakes to Avoid | Training Progression | Advanced Variations,1,1,0,0,26,20,20,15,10,15,0,10
en,bjj-entanglement-recovery,90,✅ GOOD,Concept_Strategy,766,7,Introduction | Key Principles | Common Mistakes to Avoid | Training Progression | Advanced Variations,1,1,0,0,26,20,20,15,10,15,0,10
en,bjj-escape-side-control,90,✅ GOOD,Concept_Strategy,843,6,Why Side Control Is Dangerous | The Elbow-Knee Escape | Bridge and Roll Escape | Side Control Escape Options | Frequently Asked Questions,1,0,0,1,21,20,20,15,0,15,10,10
en,bjj-escapes-masterclass,90,✅ GOOD,Concept_Strategy,1050,6,Side Control Escapes | Mount Escapes | Back Escapes | Knee on Belly Escape | Building Escape Reflexes,1,1,0,0,19,20,20,15,10,15,0,10
en,bjj-explosive-bjj-game,90,✅ GOOD,Concept_Strategy,771,7,Introduction | Key Principles | Common Mistakes to Avoid | Training Progression | Advanced Variations,1,1,0,0,26,20,20,15,10,15,0,10
en,bjj-first-competition-guide,90,✅ GOOD,Concept_Strategy,776,7,Introduction | Key Principles | Common Mistakes to Avoid | Training Progression | Advanced Variations,1,1,0,0,26,20,20,15,10,15,0,10
en,bjj-flexibility-training,90,✅ GOOD,Concept_Strategy,773,7,Introduction | Key Principles | Common Mistakes to Avoid | Training Progression | Advanced Variations,1,1,0,0,26,20,20,15,10,15,0,10
en,bjj-floating-pass-bjj,90,✅ GOOD,Concept_Strategy,769,7,Introduction | Key Principles | Common Mistakes to Avoid | Training Progression | Advanced Variations,1,1,0,0,26,20,20,15,10,15,0,10
en,bjj-flow-between-positions,90,✅ GOOD,Concept_Strategy,755,6,What is Flow in BJJ? | The Flow Philosophy | Mount to Side Control Flow | Back Control to Mount Flow | Training Methodology,1,1,0,0,29,20,20,15,10,15,0,10
en,bjj-flow-state-bjj,90,✅ GOOD,Concept_Strategy,780,7,Introduction | Key Principles | Common Mistakes to Avoid | Training Progression | Advanced Variations,1,1,0,0,26,20,20,15,10,15,0,10
en,bjj-for-kids,90,✅ GOOD,Concept_Strategy,1013,7,What Age Can Kids Start BJJ? | Benefits of BJJ for Children | What Happens in a Kids BJJ Class | Choosing a Kids BJJ School | Kids BJJ Belt System,1,0,0,1,18,20,20,15,0,15,10,10
en,bjj-fundamentals-guide,90,✅ GOOD,Concept_Strategy,855,6,Base and Posture | Frames and Levers | Grips and Connection | The Positional Hierarchy | Transitions and Connection,1,1,0,0,22,20,20,15,10,15,0,10
en,bjj-gi-grip-fundamentals,90,✅ GOOD,Concept_Strategy,802,6,The Importance of Grip | Core Grip Types | Grip Placement Principles | Building Grip Strength | Common Grip Transitions,1,1,0,0,21,20,20,15,10,15,0,10
en,bjj-grinding-bjj-game,90,✅ GOOD,Concept_Strategy,775,7,Introduction | Key Principles | Common Mistakes to Avoid | Training Progression | Advanced Variations,1,1,0,0,26,20,20,15,10,15,0,10
en,bjj-grip-breaking-defense,90,✅ GOOD,Concept_Strategy,770,7,Introduction | Key Principles | Common Mistakes to Avoid | Training Progression | Advanced Variations,1,1,0,0,26,20,20,15,10,15,0,10
en,bjj-grip-fighting-advanced,90,✅ GOOD,Equipment_Gear,842,7,The Strategic Importance of Grip Control | Dominant Grip Hierarchies | Grip Exchanges and Battles | Grip Combinations | No-Gi Grip Fighting,1,1,0,0,14,20,20,15,10,15,0,10
en,bjj-guard-concepts-advanced,90,✅ GOOD,Concept_Strategy,751,6,Connection and Frame | Guard as an Active Weapon | Guard Recovery Architecture | The Guard-Passing Relationship | Conceptual Guard Systems,1,1,0,0,18,20,20,15,10,15,0,10
en,bjj-guard-engagement-bjj,90,✅ GOOD,Concept_Strategy,771,7,Introduction | Key Principles | Common Mistakes to Avoid | Training Progression | Advanced Variations,1,1,0,0,26,20,20,15,10,15,0,10
en,bjj-guard-passing-concepts,90,✅ GOOD,Concept_Strategy,1028,8,Guard Passing as a Conceptual Framework | The Two Fundamental Approaches | Hip Control is Everything | Breaking Grips and Connection Points | The Importance of Level,1,1,0,0,20,20,20,15,10,15,0,10
en,bjj-guard-pull-system,90,✅ GOOD,Rule,911,8,Why Pull Guard | Collar-Sleeve Guard Pull | Sit-Down Guard Pull | Jump Guard (Competition) | Guard Pull Timing,1,1,0,0,19,20,20,15,10,15,0,10
en,bjj-guard-recovery-deep,90,✅ GOOD,Concept_Strategy,776,7,Introduction | Key Principles | Common Mistakes to Avoid | Training Progression | Advanced Variations,1,1,0,0,26,20,20,15,10,15,0,10
en,bjj-guard-retention-advanced,90,✅ GOOD,Concept_Strategy,802,7,The Foundation of Guard Retention | Frame-Based Defense | Hip Escape Mastery | Anticipation and Proactive Retention | Re-Guard Sequences,1,1,0,0,17,20,20,15,10,15,0,10
en,bjj-guard-systems-advanced,90,✅ GOOD,Concept_Strategy,944,6,Spider Guard System | Lasso Guard System | Worm Guard System | Guard Chaining and Transitions | Training Advanced Guard Systems,1,1,0,0,19,20,20,15,10,15,0,10
en,bjj-guard-to-top-transition,90,✅ GOOD,Concept_Strategy,787,7,Introduction | Key Principles | Common Mistakes to Avoid | Training Progression | Advanced Variations,1,1,0,0,26,20,20,15,10,15,0,10
en,bjj-guard-vs-pass-dynamic,90,✅ GOOD,Concept_Strategy,945,6,Understanding the Guard-Pass Dynamic | The Guard Player's Perspective | The Passer's Perspective | The Dynamic Exchange | Training for Guard-Pass Exchanges,1,1,0,0,21,20,20,15,10,15,0,10
en,bjj-guard-vs-pressure,90,✅ GOOD,Concept_Strategy,775,7,Introduction | Key Principles | Common Mistakes to Avoid | Training Progression | Advanced Variations,1,1,0,0,26,20,20,15,10,15,0,10
en,bjj-guard-vs-speed,90,✅ GOOD,Concept_Strategy,776,7,Introduction | Key Principles | Common Mistakes to Avoid | Training Progression | Advanced Variations,1,1,0,0,26,20,20,15,10,15,0,10
en,bjj-guillotine-details,90,✅ GOOD,Concept_Strategy,764,7,Introduction | Key Principles | Common Mistakes to Avoid | Training Progression | Advanced Variations,1,1,0,0,26,20,20,15,10,15,0,10
en,bjj-injury-prevention-guide,90,✅ GOOD,Concept_Strategy,774,6,"The Injury Reality in BJJ | Tap Early, Tap Often | The Warm-Up Investment | Training Intensity Management | Common Injury Prevention Specifics",1,1,0,0,11,20,20,15,10,15,0,10
en,bjj-injury-prevention,90,✅ GOOD,Equipment_Gear,962,7,Most Common BJJ Injuries | Knee Protection Strategies | Protecting Fingers | Neck & Spine Care | General Prevention Principles,1,0,0,1,18,20,20,15,0,15,10,10
en,bjj-inside-trip-guide,90,✅ GOOD,Concept_Strategy,776,7,Introduction | Key Principles | Common Mistakes to Avoid | Training Progression | Advanced Variations,1,1,0,0,26,20,20,15,10,15,0,10
en,bjj-kimura-details-bjj,90,✅ GOOD,Concept_Strategy,769,7,Introduction | Key Principles | Common Mistakes to Avoid | Training Progression | Advanced Variations,1,1,0,0,26,20,20,15,10,15,0,10
en,bjj-kimura-system,90,✅ GOOD,Concept_Strategy,900,7,The Kimura Grip | Kimura Finish Mechanics | Kimura to Back Take | Kimura to Armbar | Guard Passing with Kimura,1,1,0,0,19,20,20,15,10,15,0,10
en,bjj-lasso-guard-system,90,✅ GOOD,Concept_Strategy,771,7,Introduction | Key Principles | Common Mistakes to Avoid | Training Progression | Advanced Variations,1,1,0,0,26,20,20,15,10,15,0,10
en,bjj-leg-entanglement-entries,90,✅ GOOD,Concept_Strategy,678,6,Why Entries Are Everything in Leg Locks | Guard-Based Entries | Passing-Based Entries | Scramble-Based Entries | The Leg Entanglement Exchange Game,1,1,0,0,11,20,20,15,10,15,0,10
en,bjj-leg-lock-safety-bjj,90,✅ GOOD,Concept_Strategy,820,7,Introduction | Key Principles | Common Mistakes to Avoid | Training Progression | Advanced Variations,1,1,0,0,26,20,20,15,10,15,0,10
en,bjj-leg-pummeling-bjj,90,✅ GOOD,Concept_Strategy,775,7,Introduction | Key Principles | Common Mistakes to Avoid | Training Progression | Advanced Variations,1,1,0,0,26,20,20,15,10,15,0,10
en,bjj-legacy-in-bjj,90,✅ GOOD,Concept_Strategy,781,7,Introduction | Key Principles | Common Mistakes to Avoid | Training Progression | Advanced Variations,1,1,0,0,26,20,20,15,10,15,0,10
en,bjj-losing-in-bjj,90,✅ GOOD,Concept_Strategy,777,7,Introduction | Key Principles | Common Mistakes to Avoid | Training Progression | Advanced Variations,1,1,0,0,26,20,20,15,10,15,0,10
en,bjj-lumberjack-sweep,90,✅ GOOD,Concept_Strategy,761,7,Introduction | Key Principles | Common Mistakes to Avoid | Training Progression | Advanced Variations,1,1,0,0,26,20,20,15,10,15,0,10
en,bjj-massage-therapy-bjj,90,✅ GOOD,Athlete_Bio,644,6,Overview | Key Concepts | Step-by-Step Guide | Common Mistakes | Training Progression,1,1,0,0,23,20,20,15,10,15,0,10
en,bjj-mat-etiquette,90,✅ GOOD,Equipment_Gear,865,7,"Hygiene Is Non-Negotiable | Arrive on Time, Warm Up First | Bowing and Respect Customs | Respecting the Hierarchy | Communication During Rolling",1,1,0,0,16,20,20,15,10,15,0,10
en,bjj-mental-game,90,✅ GOOD,Equipment_Gear,950,7,"Competition Anxiety — Normal, Not Dangerous | The Growth Mindset in BJJ | Mental Toughness Strategies | Dealing With Bad Training Days | Fear of Injury vs. Training Smart",1,0,0,1,17,20,20,15,0,15,10,10
en,bjj-mental-performance,90,✅ GOOD,Equipment_Gear,900,7,The Role of Mentality in BJJ | Visualization and Mental Rehearsal | Managing Pre-Match Anxiety | Building Confidence | Developing Fighting Spirit,1,1,0,0,14,20,20,15,10,15,0,10
en,bjj-motivation-bjj,90,✅ GOOD,Concept_Strategy,771,7,Introduction | Key Principles | Common Mistakes to Avoid | Training Progression | Advanced Variations,1,1,0,0,26,20,20,15,10,15,0,10
en,bjj-mount-to-side-control,90,✅ GOOD,Concept_Strategy,788,7,Introduction | Key Principles | Common Mistakes to Avoid | Training Progression | Advanced Variations,1,1,0,0,26,20,20,15,10,15,0,10
en,bjj-neck-defense-guide,90,✅ GOOD,Concept_Strategy,776,7,Introduction | Key Principles | Common Mistakes to Avoid | Training Progression | Advanced Variations,1,1,0,0,26,20,20,15,10,15,0,10
en,bjj-no-gi-guide,90,✅ GOOD,Equipment_Gear,960,7,Gi vs. No-Gi: Key Differences | Essential No-Gi Techniques to Learn First | What to Wear for No-Gi | ADCC Rules Basics | How to Train No-Gi if You're a Gi Player,1,0,0,1,20,20,20,15,0,15,10,10
en,bjj-nutrition-science,90,✅ GOOD,Athlete_Bio,768,6,Nutrition as a Performance Variable | Protein: The Non-Negotiable | Carbohydrate Periodization | Hydration for Grapplers | Competition Weight Management,1,1,0,0,11,20,20,15,10,15,0,10
en,bjj-nutrition-timing,90,✅ GOOD,Conditioning_Nutrition,810,6,Pre-Workout Nutrition | During Training | Post-Workout Recovery (The Anabolic Window) | Daily Hydration | Weight Cutting Protocols,1,1,0,0,14,20,20,15,10,15,0,10
en,bjj-omoplata-system,90,✅ GOOD,Concept_Strategy,899,8,Omoplata Mechanics | Entry from Closed Guard | Entry from Spider Guard | Finishing the Omoplata | Omoplata Sweep,1,1,0,0,19,20,20,15,10,15,0,10
en,bjj-open-guard-concepts,90,✅ GOOD,Equipment_Gear,796,6,What Makes Open Guard Work | Universal Open Guard Principles | Guard Transitions Map | Open Guard in No-Gi | Frequently Asked Questions,1,0,0,1,21,20,20,15,0,15,10,10
en,bjj-outside-ashi-defense,90,✅ GOOD,Concept_Strategy,772,7,Introduction | Key Principles | Common Mistakes to Avoid | Training Progression | Advanced Variations,1,1,0,0,26,20,20,15,10,15,0,10
en,bjj-outside-trip-guide,90,✅ GOOD,Concept_Strategy,776,7,Introduction | Key Principles | Common Mistakes to Avoid | Training Progression | Advanced Variations,1,1,0,0,26,20,20,15,10,15,0,10
en,bjj-overhead-sweep-bjj,90,✅ GOOD,Concept_Strategy,772,7,Introduction | Key Principles | Common Mistakes to Avoid | Training Progression | Advanced Variations,1,1,0,0,26,20,20,15,10,15,0,10
en,bjj-overtraining-signs-bjj,90,✅ GOOD,Concept_Strategy,776,7,Introduction | Key Principles | Common Mistakes to Avoid | Training Progression | Advanced Variations,1,1,0,0,26,20,20,15,10,15,0,10
en,bjj-passing-concepts,90,✅ GOOD,Equipment_Gear,928,6,The Two Primary Passing Philosophies | Breaking Grips and Frames | Weight Distribution and Base | What to Do When They Recover Guard | Passing in the Gi vs. No-Gi,1,1,0,0,22,20,20,15,10,15,0,10
en,bjj-peak-performance-guide,90,✅ GOOD,Concept_Strategy,709,6,The Taper Phase (2-3 Weeks Before Competition) | Mental Preparation Protocols | Pre-Competition Checklist (24 Hours Before) | Match Day Protocol | Performance Anxiety Management,1,1,0,0,27,20,20,15,10,15,0,10
en,bjj-pendulum-sweep-bjj,90,✅ GOOD,Concept_Strategy,769,7,Introduction | Key Principles | Common Mistakes to Avoid | Training Progression | Advanced Variations,1,1,0,0,26,20,20,15,10,15,0,10
en,bjj-periodization-guide,90,✅ GOOD,Concept_Strategy,766,6,The Four Phases of Periodization | Periodization Models for BJJ | Competition-Specific Periodization | Sample Weekly Structure During Build Phase | Deload Weeks and Recovery,1,1,0,0,30,20,20,15,10,15,0,10
en,bjj-plateaus-bjj,90,✅ GOOD,Concept_Strategy,765,7,Introduction | Key Principles | Common Mistakes to Avoid | Training Progression | Advanced Variations,1,1,0,0,26,20,20,15,10,15,0,10
en,bjj-position-before-submission,90,✅ GOOD,Concept_Strategy,845,6,What Does 'Position Before Submission' Mean? | The Positional Hierarchy in BJJ | When to Hunt Submissions vs. Improve Position | How This Principle Develops | Frequently Asked Questions,1,0,0,1,21,20,20,15,0,15,10,10
en,bjj-positional-hierarchy-guide,90,✅ GOOD,Concept_Strategy,945,8,Understanding Position Dominance | Top Tier Positions | Mid Tier Positions | Lower Tier Positions | How to Use the Hierarchy,1,1,0,0,21,20,20,15,10,15,0,10
en,bjj-posture-in-closed-guard,90,✅ GOOD,Concept_Strategy,785,7,Introduction | Key Principles | Common Mistakes to Avoid | Training Progression | Advanced Variations,1,1,0,0,26,20,20,15,10,15,0,10
en,bjj-proprioception-bjj,90,✅ GOOD,Concept_Strategy,765,7,Introduction | Key Principles | Common Mistakes to Avoid | Training Progression | Advanced Variations,1,1,0,0,26,20,20,15,10,15,0,10
en,bjj-protein-for-bjj,90,✅ GOOD,Athlete_Bio,644,6,Overview | Key Concepts | Step-by-Step Guide | Common Mistakes | Training Progression,1,1,0,0,23,20,20,15,10,15,0,10
en,bjj-pummel-to-takedown,90,✅ GOOD,Concept_Strategy,771,7,Introduction | Key Principles | Common Mistakes to Avoid | Training Progression | Advanced Variations,1,1,0,0,26,20,20,15,10,15,0,10
en,bjj-rear-naked-choke-detail,90,✅ GOOD,Concept_Strategy,782,7,Introduction | Key Principles | Common Mistakes to Avoid | Training Progression | Advanced Variations,1,1,0,0,26,20,20,15,10,15,0,10
en,bjj-recovery-optimization-guide,90,✅ GOOD,Conditioning_Nutrition,723,6,Sleep: The Foundation of Recovery | Nutrition for Recovery | Active Recovery Protocols | Stretching and Mobility Work | Massage and Soft Tissue Work,1,1,0,0,27,20,20,15,10,15,0,10
en,bjj-recovery-protocols,90,✅ GOOD,Conditioning_Nutrition,1037,8,Recovery as a Training Variable | Sleep: The Foundation of Recovery | Nutrition Timing for Recovery | Active Recovery | Cold Exposure,1,1,0,0,14,20,20,15,10,15,0,10
en,bjj-safe-training-guide,90,✅ GOOD,Concept_Strategy,776,7,Introduction | Key Principles | Common Mistakes to Avoid | Training Progression | Advanced Variations,1,1,0,0,26,20,20,15,10,15,0,10
en,bjj-self-defense,90,✅ GOOD,Concept_Strategy,1014,8,Why BJJ is Excellent for Self-Defense | Top Self-Defense BJJ Techniques | Key Self-Defense Differences from Sport BJJ | Gracie Self-Defense System | BJJ vs. Other Martial Arts for Self-Defense,1,0,0,1,25,20,20,15,0,15,10,10
en,bjj-shin-to-shin-guard,90,✅ GOOD,Concept_Strategy,781,7,Introduction | Key Principles | Common Mistakes to Avoid | Training Progression | Advanced Variations,1,1,0,0,26,20,20,15,10,15,0,10
en,bjj-side-control-escape-system,90,✅ GOOD,Equipment_Gear,1048,10,Why Side Control Escapes Matter | The Escape Framework | Frame Escape Variations | Bridge Escape Systems | Advanced Escape Strategies,1,1,0,0,25,20,20,15,10,15,0,10
en,bjj-side-control-submissions,90,✅ GOOD,Concept_Strategy,821,6,Americana — Finishing Details | Kimura — Finishing Details | North-South Choke | Can Opener | Submission-to-Submission Chains,1,1,0,0,29,20,20,15,10,15,0,10
en,bjj-side-to-north-south,90,✅ GOOD,Concept_Strategy,787,7,Introduction | Key Principles | Common Mistakes to Avoid | Training Progression | Advanced Variations,1,1,0,0,26,20,20,15,10,15,0,10
en,bjj-single-leg-counter-bjj,90,✅ GOOD,Concept_Strategy,793,6,Countering the Single Leg Attempt | The Over-the-Back Throw | Front Headlock Counter | Foot Sweep Counter | The Clench Strategy,1,1,0,0,23,20,20,15,10,15,0,10
en,bjj-single-leg-defense-bjj,90,✅ GOOD,Concept_Strategy,861,7,Understanding Single Leg Defense | The Sprawl: Foundation of Defense | The Whizzer Counter | Weight Distribution Keys | Advanced Variations,1,1,0,0,29,20,20,15,10,15,0,10
en,bjj-speed-advantage-bjj,90,✅ GOOD,Concept_Strategy,780,7,Introduction | Key Principles | Common Mistakes to Avoid | Training Progression | Advanced Variations,1,1,0,0,26,20,20,15,10,15,0,10
en,bjj-sprawl-and-brawl,90,✅ GOOD,Concept_Strategy,814,6,What is Sprawl and Brawl? | Core Principles | Setup Phases | Clinch Control Details | Famous Practitioners,1,1,0,0,23,20,20,15,10,15,0,10
en,bjj-sprawl-defense-guide,90,✅ GOOD,Concept_Strategy,871,6,Understanding the Sprawl | The Mechanics of a Proper Sprawl | Timing the Sprawl | Sprawl Variations | Post-Sprawl Positioning,1,1,0,0,21,20,20,15,10,15,0,10
en,bjj-stripes-system-bjj,90,✅ GOOD,Concept_Strategy,775,7,Introduction | Key Principles | Common Mistakes to Avoid | Training Progression | Advanced Variations,1,1,0,0,26,20,20,15,10,15,0,10
en,bjj-submission-defense-systems,90,✅ GOOD,Concept_Strategy,1056,7,The Philosophy of Submission Defense | Layer 1: Posture and Position | Layer 2: Early Recognition and Disruption | Layer 3: Technical Escapes | Layer 4: Tapping Smart,1,1,0,0,20,20,20,15,10,15,0,10
en,bjj-submission-defense,90,✅ GOOD,Concept_Strategy,836,6,The Most Important Rule: When to Tap | Core Submission Defenses | Building Submission Resistance | Heel Hook Safety | Frequently Asked Questions,1,0,0,1,21,20,20,15,0,15,10,10
en,bjj-submission-flow-guide,90,✅ GOOD,Concept_Strategy,1082,7,What Is Submission Flow? | The Philosophy Behind Submission Flow | Core Principles of Submission Flow | Common Submission Flow Sequences | Developing Submission Flow Skills,1,1,0,0,21,20,20,15,10,15,0,10
en,bjj-submission-prevention,90,✅ GOOD,Concept_Strategy,766,7,Introduction | Key Principles | Common Mistakes to Avoid | Training Progression | Advanced Variations,1,1,0,0,26,20,20,15,10,15,0,10
en,bjj-takedown-mastery-guide,90,✅ GOOD,Concept_Strategy,602,6,Fundamental Takedowns | Clinch Control | Explosive Entries | Safe Landings | Training Takedowns,1,1,0,0,33,20,20,15,10,15,0,10
en,bjj-takedowns-for-beginners,90,✅ GOOD,Concept_Strategy,1032,8,1. Double Leg Takedown | 2. Single Leg Takedown | 3. Hip Throw (O-goshi) | 4. Collar Drag | 5. Snap Down,1,0,0,1,27,20,20,15,0,15,10,10
en,bjj-tap-protocols-bjj,90,✅ GOOD,Concept_Strategy,775,7,Introduction | Key Principles | Common Mistakes to Avoid | Training Progression | Advanced Variations,1,1,0,0,26,20,20,15,10,15,0,10
en,bjj-teaching-bjj,90,✅ GOOD,Concept_Strategy,771,7,Introduction | Key Principles | Common Mistakes to Avoid | Training Progression | Advanced Variations,1,1,0,0,26,20,20,15,10,15,0,10
en,bjj-technical-standup-guide,90,✅ GOOD,Concept_Strategy,803,6,Why the Technical Standup Matters | Technical Standup Steps | Technical Standup from Seated Guard | Against Guard Pulls | Self-Defense Application,1,1,0,0,19,20,20,15,10,15,0,10
en,bjj-timing-in-bjj,90,✅ GOOD,Concept_Strategy,777,7,Introduction | Key Principles | Common Mistakes to Avoid | Training Progression | Advanced Variations,1,1,0,0,26,20,20,15,10,15,0,10
en,bjj-tomoe-nage-bjj,90,✅ GOOD,Concept_Strategy,776,7,Introduction | Key Principles | Common Mistakes to Avoid | Training Progression | Advanced Variations,1,1,0,0,26,20,20,15,10,15,0,10
en,bjj-top-game-concepts,90,✅ GOOD,Concept_Strategy,805,6,The Core Principle: Gravity + Technique | The Positional Hierarchy | Base and Pressure | Reading Opponent's Escapes | The Attack Chain Concept,1,1,0,0,12,20,20,15,10,15,0,10
en,bjj-top-to-back-transition,90,✅ GOOD,Concept_Strategy,789,7,Introduction | Key Principles | Common Mistakes to Avoid | Training Progression | Advanced Variations,1,1,0,0,26,20,20,15,10,15,0,10
en,bjj-toreando-variations,90,✅ GOOD,Concept_Strategy,766,7,Introduction | Key Principles | Common Mistakes to Avoid | Training Progression | Advanced Variations,1,1,0,0,26,20,20,15,10,15,0,10
en,bjj-training-intensity-guide,90,✅ GOOD,Concept_Strategy,784,6,The Intensity Spectrum | Why Flow Rolling Matters | Weekly Intensity Distribution | Signs You Are Training Too Hard | Periodization for BJJ,1,1,0,0,12,20,20,15,10,15,0,10
en,bjj-triangle-choke-details,90,✅ GOOD,Concept_Strategy,775,7,Introduction | Key Principles | Common Mistakes to Avoid | Training Progression | Advanced Variations,1,1,0,0,26,20,20,15,10,15,0,10
en,bjj-turtle-escape-guide,90,✅ GOOD,Concept_Strategy,808,6,Granby Roll (Shoulder Roll) | Sit Out | Technical Stand Up from Turtle | Peterson Roll | Recovery Priority,1,1,0,0,29,20,20,15,10,15,0,10
en,bjj-warm-up-importance,90,✅ GOOD,Concept_Strategy,772,7,Introduction | Key Principles | Common Mistakes to Avoid | Training Progression | Advanced Variations,1,1,0,0,26,20,20,15,10,15,0,10
en,bjj-weight-advantage-bjj,90,✅ GOOD,Concept_Strategy,780,7,Introduction | Key Principles | Common Mistakes to Avoid | Training Progression | Advanced Variations,1,1,0,0,26,20,20,15,10,15,0,10
en,bjj-weight-cutting,90,✅ GOOD,Conditioning_Nutrition,831,7,How Much Should You Cut? | The Water Cut Protocol | Rehydration After Weigh-In | Day-Of Nutrition | Red Flags — When to Stop,1,0,0,1,17,20,20,15,0,15,10,10
en,bjj-wrestling-ties-guide,90,✅ GOOD,Equipment_Gear,869,7,The Collar Tie | The Underhook | The Overhook (Whizzer) | The Body Lock | Tie-Up Battles,1,1,0,0,19,20,20,15,10,15,0,10
en,bjj-wrist-lock-complete,90,✅ GOOD,Concept_Strategy,1045,7,Mechanics of Effective Wrist Locks | Guard-Based Wrist Locks | Top Position Wrist Locks | Wrist Locks from Standing | The Invisible Wrist Lock,1,1,0,0,19,20,20,15,10,15,0,10
en,bow-and-arrow-choke,90,✅ GOOD,Technique,1568,7,How to Execute | Key Details & Tips | Variations | When to Use | Counters & Defenses,1,1,1,0,44,20,20,15,10,15,0,10
en,butterfly-guard,90,✅ GOOD,Technique,1632,7,How to Execute | Key Details & Tips | Variations | When to Use | Counters & Defenses,1,1,1,0,43,20,20,15,10,15,0,10
en,calf-slicer,90,✅ GOOD,Technique,1670,6,How to Execute | Key Details & Tips | Variations | When to Use | Counters & Defenses,1,1,1,0,42,20,20,15,10,15,0,10
en,closed-guard,90,✅ GOOD,Technique,1626,7,How to Execute | Key Details & Tips | Variations | When to Use | Counters & Defenses,1,1,1,0,43,20,20,15,10,15,0,10
en,crucifix,90,✅ GOOD,Concept_Strategy,1565,7,What Is the Crucifix? | Entries | Maintaining Control | Submissions from Crucifix | Escaping the Crucifix,1,1,0,0,29,20,20,15,10,15,0,10
en,darce-choke,90,✅ GOOD,Technique,1661,7,How to Execute | Key Details & Tips | Variations | When to Use | Counters & Defenses,1,1,1,0,44,20,20,15,10,15,0,10
en,de-la-riva-guard,90,✅ GOOD,Technique,1567,7,How to Execute | Key Details & Tips | Variations | When to Use | Counters & Defenses,1,1,1,0,45,20,20,15,10,15,0,10
en,double-leg-takedown,90,✅ GOOD,Technique,1594,7,How to Execute | Key Details & Tips | Variations | When to Use | Counters & Defenses,1,1,1,0,45,20,20,15,10,15,0,10
en,ezekiel-choke,90,✅ GOOD,Technique,1532,6,How to Execute | Key Details & Tips | Variations | When to Use | Counters & Defenses,1,1,1,0,42,20,20,15,10,15,0,10
en,flower-sweep,90,✅ GOOD,Technique,1545,6,How to Execute | Key Details & Tips | Variations | When to Use | Counters & Defenses,1,1,1,0,38,20,20,15,10,15,0,10
en,guard-pass,90,✅ GOOD,Technique,1572,7,How to Execute | Key Details & Tips | Variations | When to Use | Counters & Defenses,1,1,1,0,43,20,20,15,10,15,0,10
en,guillotine-choke,90,✅ GOOD,Technique,1617,7,How to Execute | Key Details & Tips | Variations | When to Use | Counters & Defenses,1,1,1,0,43,20,20,15,10,15,0,10
en,half-guard,90,✅ GOOD,Technique,1530,7,How to Execute | Key Details & Tips | Variations | When to Use | Counters & Defenses,1,1,1,0,43,20,20,15,10,15,0,10
en,headquarters-pass,90,✅ GOOD,Technique,1661,6,How to Execute | Key Details & Tips | Variations | When to Use | Counters & Defenses,1,1,1,0,41,20,20,15,10,15,0,10
en,heel-hook,90,✅ GOOD,Technique,1837,7,How to Execute | Key Details & Tips | Variations | When to Use | Counters & Defenses,1,1,1,0,46,20,20,15,10,15,0,10
en,hip-bump-sweep,90,✅ GOOD,Technique,1502,6,How to Execute | Key Details & Tips | Variations | When to Use | Counters & Defenses,1,1,1,0,39,20,20,15,10,15,0,10
en,imanari-roll,90,✅ GOOD,Concept_Strategy,1998,7,What Is the Imanari Roll? | How It Works | Setup & Entry Steps | Variations | Counters & Defense,1,1,0,0,35,20,20,15,10,15,0,10
en,inside-heel-hook,90,✅ GOOD,Technique,1607,7,How to Execute | Key Details & Tips | Variations | When to Use | Counters & Defenses,1,1,1,0,44,20,20,15,10,15,0,10
en,kimura,90,✅ GOOD,Technique,1587,7,How to Execute | Key Details & Tips | Variations | When to Use | Counters & Defenses,1,1,1,0,45,20,20,15,10,15,0,10
en,knee-bar,90,✅ GOOD,Technique,1618,7,How to Execute | Key Details & Tips | Variations | When to Use | Counters & Defenses,1,1,1,0,45,20,20,15,10,15,0,10
en,knee-on-belly,90,✅ GOOD,Technique,1544,6,How to Execute | Key Details & Tips | Variations | When to Use | Counters & Defenses,1,1,1,0,44,20,20,15,10,15,0,10
en,knee-slice-pass,90,✅ GOOD,Technique,1613,6,How to Execute | Key Details & Tips | Variations | When to Use | Counters & Defenses,1,1,1,0,42,20,20,15,10,15,0,10
en,leg-drag-pass,90,✅ GOOD,Technique,1515,6,How to Execute | Key Details & Tips | Variations | When to Use | Counters & Defenses,1,1,1,0,42,20,20,15,10,15,0,10
en,loop-choke,90,✅ GOOD,Technique,1548,6,How to Execute | Key Details & Tips | Variations | When to Use | Counters & Defenses,1,1,1,0,41,20,20,15,10,15,0,10
en,mount,90,✅ GOOD,Technique,1447,7,How to Execute | Key Details & Tips | Variations | When to Use | Counters & Defenses,1,1,1,0,46,20,20,15,10,15,0,10
en,north-south,90,✅ GOOD,Technique,1487,6,How to Execute | Key Details & Tips | Variations | When to Use | Counters & Defenses,1,1,1,0,42,20,20,15,10,15,0,10
en,omoplata,90,✅ GOOD,Technique,1539,7,How to Execute | Key Details & Tips | Variations | When to Use | Counters & Defenses,1,1,1,0,44,20,20,15,10,15,0,10
en,open-guard,90,✅ GOOD,Technique,1466,6,How to Execute | Key Details & Tips | Variations | When to Use | Counters & Defenses,1,1,1,0,41,20,20,15,10,15,0,10
en,osoto-gari,90,✅ GOOD,Technique,1588,6,How to Execute | Key Details & Tips | Variations | When to Use | Counters & Defenses,1,1,1,0,39,20,20,15,10,15,0,10
en,outside-heel-hook,90,✅ GOOD,Technique,1639,7,How to Execute | Key Details & Tips | Variations | When to Use | Counters & Defenses,1,1,1,0,45,20,20,15,10,15,0,10
en,pendulum-sweep,90,✅ GOOD,Technique,1480,6,How to Execute | Key Details & Tips | Variations | When to Use | Counters & Defenses,1,1,1,0,39,20,20,15,10,15,0,10
en,peruvian-necktie,90,✅ GOOD,Concept_Strategy,1689,7,What Is the Peruvian Necktie? | How to Set It Up | Finishing Mechanics | Key Variations | Counters & Defenses,1,1,0,0,35,20,20,15,10,15,0,10
en,quarter-guard,90,✅ GOOD,Concept_Strategy,1557,6,What Is Quarter Guard? | Position Mechanics | Bottom Player: Escapes & Sweeps | Top Player: Passing Through Quarter Guard | Leg Lock Opportunities,1,1,0,0,32,20,20,15,10,15,0,10
en,rear-naked-choke,90,✅ GOOD,Technique,1684,7,How to Execute | Key Details & Tips | Variations | When to Use | Counters & Defenses,1,1,1,0,45,20,20,15,10,15,0,10
en,rubber-guard,90,✅ GOOD,Technique,1503,7,How to Execute | Key Details & Tips | Variations | When to Use | Counters & Defenses,1,1,1,0,44,20,20,15,10,15,0,10
en,scissor-sweep,90,✅ GOOD,Technique,1569,6,How to Execute | Key Details & Tips | Variations | When to Use | Counters & Defenses,1,1,1,0,39,20,20,15,10,15,0,10
en,side-control,90,✅ GOOD,Technique,1573,7,How to Execute | Key Details & Tips | Variations | When to Use | Counters & Defenses,1,1,1,0,45,20,20,15,10,15,0,10
en,single-leg-takedown,90,✅ GOOD,Technique,1403,6,How to Execute | Key Details & Tips | Variations | When to Use | Counters & Defenses,1,1,1,0,45,20,20,15,10,15,0,10
en,spider-guard,90,✅ GOOD,Technique,1608,7,How to Execute | Key Details & Tips | Variations | When to Use | Counters & Defenses,1,1,1,0,46,20,20,15,10,15,0,10
en,sprawl,90,✅ GOOD,Technique,1498,6,How to Execute | Key Details & Tips | Variations | When to Use | Counters & Defenses,1,1,1,0,35,20,20,15,10,15,0,10
en,techniques-az,90,✅ GOOD,Concept_Strategy,2844,23,A | B | C | D | E,1,1,0,0,127,20,20,15,10,15,0,10
en,toe-hold,90,✅ GOOD,Technique,1498,6,How to Execute | Key Details & Tips | Variations | When to Use | Counters & Defenses,1,1,1,0,42,20,20,15,10,15,0,10
en,torreando-pass,90,✅ GOOD,Technique,1543,6,How to Execute | Key Details & Tips | Variations | When to Use | Counters & Defenses,1,1,1,0,44,20,20,15,10,15,0,10
en,triangle-choke,90,✅ GOOD,Technique,1596,7,How to Execute | Key Details & Tips | Variations | When to Use | Counters & Defenses,1,1,1,0,45,20,20,15,10,15,0,10
en,turtle-position,90,✅ GOOD,Technique,1449,6,How to Execute | Key Details & Tips | Variations | When to Use | Counters & Defenses,1,1,1,0,41,20,20,15,10,15,0,10
en,twister,90,✅ GOOD,Concept_Strategy,1286,7,What Is the Twister? | Starting Position: Back Control | Setting Up the Leg Hook | The Finish: Rotating the Spine | Competition Legality & Safety,1,1,0,0,21,20,20,15,10,15,0,10
en,von-flue-choke,90,✅ GOOD,Concept_Strategy,1291,7,What Is the Von Flue Choke? | When to Use It: The Guillotine Trigger | The Setup from Side Control | The Finish: Pressure and Shoulder Drive | Arm-In vs Arm-Out Guillotine,1,1,0,0,21,20,20,15,10,15,0,10
en,worm-guard,90,✅ GOOD,Technique,1614,7,How to Execute | Key Details & Tips | Variations | When to Use | Counters & Defenses,1,1,1,0,43,20,20,15,10,15,0,10
en,wrist-lock,90,✅ GOOD,Technique,1641,6,How to Execute | Key Details & Tips | Variations | When to Use | Counters & Defenses,1,1,1,0,40,20,20,15,10,15,0,10
en,x-guard,90,✅ GOOD,Technique,1560,7,How to Execute | Key Details & Tips | Variations | When to Use | Counters & Defenses,1,1,1,0,46,20,20,15,10,15,0,10
en,adcc-rules,100,🏆 EXCELLENT,Rule,914,6,ADCC Scoring System | Submission Legality | ADCC Weight Classes | Frequently Asked Questions | Common Mistakes in Adcc Rules,1,1,0,1,15,20,20,15,10,15,10,10
en,ankle-lock,100,🏆 EXCELLENT,Concept_Strategy,1291,6,Mechanics | Key Entries | Common Mistakes | Related Techniques | Common Mistakes in Ankle Lock,1,1,0,1,45,20,20,15,10,15,10,10
en,arm-drag,100,🏆 EXCELLENT,Concept_Strategy,1205,6,The Arm Drag Mechanics | From Standing | From Seated / Butterfly Guard | Common Mistakes | Related Techniques,1,1,0,1,45,20,20,15,10,15,10,10
en,armbar-vs-kimura,100,🏆 EXCELLENT,Concept_Strategy,1243,6,📊 Head-to-Head | ❓ FAQ | Related Techniques | Common Mistakes in Armbar Vs Kimura | Training Tips for Armbar Vs Kimura,1,1,0,1,34,20,20,15,10,15,10,10
en,athletes,100,🏆 EXCELLENT,Athlete_Bio,642,8,Gordon Ryan | Mikey Musumeci | Craig Jones | Bernardo Faria | John Danaher,1,1,0,1,23,20,20,15,10,15,10,10
en,best-bjj-ear-guards,100,🏆 EXCELLENT,Concept_Strategy,1024,6,🏆 Top Picks | ❓ FAQ | Related Techniques | Common Mistakes in Best Ear Guards | Training Tips for Best Ear Guards,1,1,0,1,28,20,20,15,10,15,10,10
en,best-bjj-guards,100,🏆 EXCELLENT,Concept_Strategy,1237,6,🥋 Essential Techniques | ❓ Frequently Asked Questions | Related Techniques | Common Mistakes in Best Guards | Training Tips for Best Guards,1,1,0,1,43,20,20,15,10,15,10,10
en,best-bjj-rash-guard,100,🏆 EXCELLENT,Concept_Strategy,1010,6,🏆 Top Picks | ❓ FAQ | Related Techniques | Common Mistakes in Best Rash Guard | Training Tips for Best Rash Guard,1,1,0,1,28,20,20,15,10,15,10,10
en,bjj-50-50-guard-guide,100,🏆 EXCELLENT,Concept_Strategy,1006,7,What Is 50/50 Guard? | The 50/50 Geometry | Heel Hook from 50/50 | Back Take from 50/50 | 50/50 in Competition,1,1,0,1,30,20,20,15,10,15,10,10
en,bjj-50-50-guard-strategy,100,🏆 EXCELLENT,Concept_Strategy,863,6,Introduction | Core Concepts | Training Tips | Common Mistakes | Frequently Asked Questions,1,1,0,1,29,20,20,15,10,15,10,10
en,bjj-50-50-guard,100,🏆 EXCELLENT,Concept_Strategy,910,6,50/50 vs Saddle — Key Differences | 50/50 Strategy | Escaping 50/50 | Frequently Asked Questions | Related Techniques,1,1,0,1,21,20,20,15,10,15,10,10
en,bjj-absolute-division-strategy,100,🏆 EXCELLENT,Concept_Strategy,806,6,Key Concepts | Training Recommendations | Further Reading | Common Mistakes in Absolute Division Strategy | Training Tips for Absolute Division Strategy,1,1,0,1,27,20,20,15,10,15,10,10
en,bjj-academy-startup-guide,100,🏆 EXCELLENT,Equipment_Gear,666,6,Location & Facility Requirements | Legal Structure & Insurance | Curriculum & Class Design | Marketing & Student Acquisition | Student Retention Strategies,1,1,0,1,12,20,20,15,10,15,10,10
en,bjj-adcc-rules-complete,100,🏆 EXCELLENT,Concept_Strategy,907,6,Introduction | Core Concepts | Training Tips | Common Mistakes | Common Mistakes in Adcc Rules Complete,1,1,0,1,23,20,20,15,10,15,10,10
en,bjj-advanced-concepts-guide,100,🏆 EXCELLENT,Concept_Strategy,976,8,Connection & Control | Kuzushi — Breaking Balance | Framing vs. Posting | Leverage Over Strength | Positional Hierarchy,1,1,0,1,9,20,20,15,10,15,10,10
en,bjj-advanced-game-plan,100,🏆 EXCELLENT,Concept_Strategy,908,6,Introduction | Core Concepts | Training Tips | Common Mistakes | Common Mistakes in Advanced Game Plan,1,1,0,1,23,20,20,15,10,15,10,10
en,bjj-advanced-guard-passing,100,🏆 EXCELLENT,Concept_Strategy,824,6,Pressure Passing System | Speed Passing System | Combining Systems | Guard-Specific Counters | Frequently Asked Questions,1,1,0,1,26,20,20,15,10,15,10,10
en,bjj-advanced-transitions-guide,100,🏆 EXCELLENT,Concept_Strategy,984,6,Transition Fundamentals | Top Position Transitions | Guard Transitions | Submission Chain Transitions | Footwork Transitions,1,1,0,1,27,20,20,15,10,15,10,10
en,bjj-anaconda-choke-guide,100,🏆 EXCELLENT,Concept_Strategy,715,6,Fundamental Principles | Technique Variations | Training Methods | Common Mistakes | Frequently Asked Questions,1,1,0,1,33,20,20,15,10,15,10,10
en,bjj-andre-galvao-system,100,🏆 EXCELLENT,Concept_Strategy,679,6,Galvão's Butterfly Guard System | Back Take Sequences | Top Game & Pressure Passing | Competition Strategy & Mindset | Key Techniques to Study,1,1,0,1,12,20,20,15,10,15,10,10
en,bjj-angles-control,100,🏆 EXCELLENT,Concept_Strategy,711,6,Key Concepts | Technical Breakdown | Practical Application | Training Tips | Related Techniques,1,1,0,1,13,20,20,15,10,15,10,10
en,bjj-angles-in-bjj-guide,100,🏆 EXCELLENT,Concept_Strategy,772,6,Fundamental Principles | Technique Variations | Training Methods | Common Mistakes | Common Mistakes in Angles In Guide,1,1,0,1,27,20,20,15,10,15,10,10
en,bjj-ankle-pick-setup,100,🏆 EXCELLENT,Concept_Strategy,959,6,Understanding the Ankle Pick | Setting Up the Ankle Pick | Disrupting Balance | Variations | Frequently Asked Questions,1,1,0,1,17,20,20,15,10,15,10,10
en,bjj-arm-collection-bjj,100,🏆 EXCELLENT,Concept_Strategy,905,6,Introduction | Core Concepts | Training Tips | Common Mistakes | Common Mistakes in Arm Collection Bjj,1,1,0,1,23,20,20,15,10,15,10,10
en,bjj-arm-control-bjj,100,🏆 EXCELLENT,Concept_Strategy,840,6,Introduction | Core Concepts | Training Tips | Common Mistakes | Frequently Asked Questions,1,1,0,1,29,20,20,15,10,15,10,10
en,bjj-arm-drag-takedown,100,🏆 EXCELLENT,Equipment_Gear,937,8,Arm Drag vs Direct Takedowns | The Arm Drag Entry | Finishing the Arm Drag as Takedown | Arm Drag to Back Control | Arm Drag Mechanics in No-Gi,1,1,0,1,21,20,20,15,10,15,10,10
en,bjj-arm-drag-to-back,100,🏆 EXCELLENT,Concept_Strategy,863,6,Introduction | Core Concepts | Training Tips | Common Mistakes | Frequently Asked Questions,1,1,0,1,29,20,20,15,10,15,10,10
en,bjj-arm-drag,100,🏆 EXCELLENT,Concept_Strategy,1014,6,Arm Drag Mechanics | Arm Drag Entries by Position | Countering the Arm Drag | Frequently Asked Questions | Common Mistakes in Arm Drag,1,1,0,1,15,20,20,15,10,15,10,10
en,bjj-arm-trap-from-back,100,🏆 EXCELLENT,Concept_Strategy,985,6,Overview | Related Techniques | Training Recommendations | Common Mistakes in Arm Trap From Back | Training Tips for Arm Trap From Back,1,1,0,1,27,20,20,15,10,15,10,10
en,bjj-arm-triangle-details,100,🏆 EXCELLENT,Concept_Strategy,709,6,Fundamental Principles | Technique Variations | Training Methods | Common Mistakes | Frequently Asked Questions,1,1,0,1,33,20,20,15,10,15,10,10
en,bjj-armbar-defense-guide,100,🏆 EXCELLENT,Concept_Strategy,1022,6,Overview | Training Progression | Common Mistakes in Armbar Defense Guide | Training Tips for Armbar Defense Guide | Frequently Asked Questions,1,1,0,1,29,20,20,15,10,15,10,10
en,bjj-armbar-from-back,100,🏆 EXCELLENT,Concept_Strategy,713,6,Fundamental Principles | Technique Variations | Training Methods | Common Mistakes | Frequently Asked Questions,1,1,0,1,33,20,20,15,10,15,10,10
en,bjj-armbar-from-mount-details,100,🏆 EXCELLENT,Concept_Strategy,725,6,Fundamental Principles | Technique Variations | Training Methods | Common Mistakes | Frequently Asked Questions,1,1,0,1,33,20,20,15,10,15,10,10
en,bjj-armbar-guide,100,🏆 EXCELLENT,Concept_Strategy,1063,7,Why the Armbar is the Foundation Submission | Armbar from Closed Guard | Armbar from Mount | Armbar from Side Control | Finishing Mechanics,1,1,0,1,21,20,20,15,10,15,10,10
en,bjj-armbar-omoplata-chain,100,🏆 EXCELLENT,Concept_Strategy,741,6,Key Concepts | Training Recommendations | Further Reading | Common Mistakes in Armbar Omoplata Chain | Frequently Asked Questions,1,1,0,1,33,20,20,15,10,15,10,10
en,bjj-armbar-setup-guide,100,🏆 EXCELLENT,Concept_Strategy,976,6,Overview | Common Mistakes in Armbar Setup Guide | Training Tips for Armbar Setup Guide | Learning Progression for Armbar Setup Guide | Frequently Asked Questions,1,1,0,1,24,20,20,15,10,15,10,10
en,bjj-armbar-variations,100,🏆 EXCELLENT,Concept_Strategy,782,8,Standard Guard Armbar | Mounted Armbar | Rear Armbar | Inverted Armbar (Reverse Armbar) | Flying Armbar,1,1,0,1,27,20,20,15,10,15,10,10
en,bjj-ashi-from-passing,100,🏆 EXCELLENT,Concept_Strategy,841,6,Introduction | Core Concepts | Training Tips | Common Mistakes | Frequently Asked Questions,1,1,0,1,29,20,20,15,10,15,10,10
en,bjj-ashi-garami-variations,100,🏆 EXCELLENT,Equipment_Gear,901,6,Overview | Key Concepts | Tips & Strategies | Common Mistakes in Ashi Garami Variations | Training Tips for Ashi Garami Variations,1,1,0,1,11,20,20,15,10,15,10,10
en,bjj-athletic-bjj-game,100,🏆 EXCELLENT,Concept_Strategy,895,6,Introduction | Core Concepts | Training Tips | Common Mistakes | Common Mistakes in Athletic Game,1,1,0,1,23,20,20,15,10,15,10,10
en,bjj-attacking-from-turtle-advanced,100,🏆 EXCELLENT,Concept_Strategy,1032,6,Advanced Turtle Position Attacks | Related Techniques | Common Mistakes in Attacking From Turtle Advanced | Training Tips for Attacking From Turtle Advanced | Learning Progression for Attacking From Turtle Advanced,1,1,0,1,15,20,20,15,10,15,10,10
en,bjj-attacking-from-turtle,100,🏆 EXCELLENT,Concept_Strategy,924,6,How To | Key Details | Variations | Related Techniques | Common Mistakes in Attacking From Turtle,1,1,0,1,15,20,20,15,10,15,10,10
en,bjj-attribute-development,100,🏆 EXCELLENT,Equipment_Gear,886,6,Overview | Key Concepts | Tips & Strategies | Common Mistakes in Attribute Development | Training Tips for Attribute Development,1,1,0,1,11,20,20,15,10,15,10,10
en,bjj-back-attacks-guide,100,🏆 EXCELLENT,Concept_Strategy,1214,7,Why Back Control Is the Highest-Value Position | Taking the Back: Entry Methods | Back Control: Maintaining the Position | Finishing from Back Control | Common Back Control Mistakes,1,1,0,1,21,20,20,15,10,15,10,10
en,bjj-back-control-finishing-details,100,🏆 EXCELLENT,Concept_Strategy,1047,6,Back Control Finishing Details | Related Techniques | Common Mistakes in Back Control Finishing Details | Training Tips for Back Control Finishing Details | Learning Progression for Back Control Finishing Details,1,1,0,1,15,20,20,15,10,15,10,10
en,bjj-back-control-finishing,100,🏆 EXCELLENT,Concept_Strategy,935,6,How To | Key Details | Variations | Related Techniques | Common Mistakes in Back Control Finishing,1,1,0,1,15,20,20,15,10,15,10,10
en,bjj-back-control-fundamentals,100,🏆 EXCELLENT,Concept_Strategy,926,6,Back Control Mechanics | Choke Setups from Back | Maintaining Back Control | Frequently Asked Questions | Related Techniques,1,1,0,1,21,20,20,15,10,15,10,10
en,bjj-back-control-mastery,100,🏆 EXCELLENT,Concept_Strategy,740,6,Key Concepts | Training Recommendations | Further Reading | Common Mistakes in Back Control Mastery | Frequently Asked Questions,1,1,0,1,33,20,20,15,10,15,10,10
en,bjj-back-escape-guide,100,🏆 EXCELLENT,Concept_Strategy,1062,6,Overview | Common Mistakes in Back Escape Guide | Training Tips for Back Escape Guide | Learning Progression for Back Escape Guide | Frequently Asked Questions,1,1,0,1,32,20,20,15,10,15,10,10
en,bjj-back-escapes-guide,100,🏆 EXCELLENT,Concept_Strategy,822,8,Surviving Back Control Priorities | Seat Belt Escape (Roll to Guard) | Turn-In Defense | Hook Removal Fundamentals | Surviving the Rear Naked Choke,1,1,0,1,27,20,20,15,10,15,10,10
en,bjj-back-hooks-system,100,🏆 EXCELLENT,Concept_Strategy,971,6,Overview | Related Techniques | Training Recommendations | Common Mistakes in Back Hooks System | Training Tips for Back Hooks System,1,1,0,1,27,20,20,15,10,15,10,10
en,bjj-back-mastery-guide,100,🏆 EXCELLENT,Concept_Strategy,756,6,Hook Mechanics | Back Control Submissions | Preventing Back Escape | Maintaining Back Position | Frequently Asked Questions,1,1,0,1,33,20,20,15,10,15,10,10
en,bjj-back-retention,100,🏆 EXCELLENT,Concept_Strategy,874,6,Seatbelt Grip Mechanics | Hook Management | Shoulder Alignment | Body Triangle Alternative | Frequently Asked Questions,1,1,0,1,26,20,20,15,10,15,10,10
en,bjj-back-take-concepts,100,🏆 EXCELLENT,Concept_Strategy,855,6,Why the Back Is the Most Dominant Position | Core Back Take Entries | Seat Belt Mechanics | Common Back Retention Errors | Frequently Asked Questions,1,1,0,1,21,20,20,15,10,15,10,10
en,bjj-back-take-defense,100,🏆 EXCELLENT,Concept_Strategy,937,6,Prevention — Before They Get to Your Back | Turtle Defense | Escaping the Back Take | Common Mistakes | Frequently Asked Questions,1,1,0,1,29,20,20,15,10,15,10,10
en,bjj-back-take-from-guard-system,100,🏆 EXCELLENT,Concept_Strategy,1050,6,Overview | Common Mistakes in Back Take From Guard System | Training Tips for Back Take From Guard System | Learning Progression for Back Take From Guard System | Frequently Asked Questions,1,1,0,1,21,20,20,15,10,15,10,10
en,bjj-back-take-guide,100,🏆 EXCELLENT,Concept_Strategy,1001,6,Why Back Control is the Highest-Value Position | Back Takes from Turtle | Back Takes from Guard | Hook Placement and Control | Frequently Asked Questions,1,1,0,1,21,20,20,15,10,15,10,10
en,bjj-back-take-mechanics,100,🏆 EXCELLENT,Concept_Strategy,713,6,Fundamental Principles | Technique Variations | Training Methods | Common Mistakes | Frequently Asked Questions,1,1,0,1,33,20,20,15,10,15,10,10
en,bjj-back-take-systems,100,🏆 EXCELLENT,Concept_Strategy,805,6,Back Takes from Guard | Top Position Back Takes | Maintaining the Back | FAQ | Related Techniques,1,1,0,1,16,20,20,15,10,15,10,10
en,bjj-bad-position-survival,100,🏆 EXCELLENT,Concept_Strategy,717,6,Side Control Escapes | North-South Escapes | Back Control Escapes | Prevention vs. Escape | Frequently Asked Questions,1,1,0,1,33,20,20,15,10,15,10,10
en,bjj-balance-training-bjj,100,🏆 EXCELLENT,Concept_Strategy,772,6,Core Stability | Proprioceptive Training | Training Areas | Frequently Asked Questions | Common Mistakes in Balance Training Bjj,1,1,0,1,15,20,20,15,10,15,10,10
en,bjj-base-and-balance,100,🏆 EXCELLENT,Concept_Strategy,897,6,What Is Base? | What Is Balance? | Base in Side Control | Base in Mount | Preventing Sweeps with Balance,1,1,0,1,15,20,20,15,10,15,10,10
en,bjj-base-balance-guide,100,🏆 EXCELLENT,Concept_Strategy,778,6,Fundamental Principles | Technique Variations | Training Methods | Common Mistakes | Common Mistakes in Base Balance Guide,1,1,0,1,27,20,20,15,10,15,10,10
en,bjj-baseball-bat-choke-guide,100,🏆 EXCELLENT,Concept_Strategy,1059,6,Baseball Bat Choke Fundamentals | Training Progression | Related Techniques | Common Mistakes in Baseball Bat Choke Guide | Training Tips for Baseball Bat Choke Guide,1,1,0,1,17,20,20,15,10,15,10,10
en,bjj-baseball-choke-system,100,🏆 EXCELLENT,Concept_Strategy,945,6,Overview | Common Mistakes in Baseball Choke System | Training Tips for Baseball Choke System | Learning Progression for Baseball Choke System | Frequently Asked Questions,1,1,0,1,19,20,20,15,10,15,10,10
en,bjj-beginner-game-plan,100,🏆 EXCELLENT,Equipment_Gear,910,6,Introduction | Core Concepts | Training Tips | Common Mistakes | Common Mistakes in Beginner Game Plan,1,1,0,1,23,20,20,15,10,15,10,10
en,bjj-beginner-mind-bjj,100,🏆 EXCELLENT,Equipment_Gear,910,6,Introduction | Core Concepts | Training Tips | Common Mistakes | Common Mistakes in Beginner Mind Bjj,1,1,0,1,23,20,20,15,10,15,10,10
en,bjj-berimbolo-guide,100,🏆 EXCELLENT,Concept_Strategy,936,7,The Core Concept | Starting Position: De La Riva Guard | Entry Sequence | The Inversion Mechanics | Back Take Finish,1,1,0,1,15,20,20,15,10,15,10,10
en,bjj-berimbolo-system,100,🏆 EXCELLENT,Concept_Strategy,777,6,Key Concepts | Technical Breakdown | Practical Application | Training Tips | Common Mistakes in Berimbolo System,1,1,0,1,7,20,20,15,10,15,10,10
en,bjj-bernardo-faria-system,100,🏆 EXCELLENT,Concept_Strategy,665,6,The Over-Under Pass System | Deep Half Guard Attacks | Mount & Back Control | Pressure Philosophy | Training Methodology,1,1,0,1,12,20,20,15,10,15,10,10
en,bjj-biomechanics-guide,100,🏆 EXCELLENT,Concept_Strategy,742,6,Introduction | Key Techniques | Training Tips | Common Mistakes | Common Mistakes in Biomechanics Guide,1,1,0,1,7,20,20,15,10,15,10,10
en,bjj-bjj-academy-guide,100,🏆 EXCELLENT,Concept_Strategy,961,6,Overview | Related Techniques | Training Recommendations | Common Mistakes in Academy Guide | Training Tips for Academy Guide,1,1,0,1,27,20,20,15,10,15,10,10
en,bjj-bjj-belt-ceremony,100,🏆 EXCELLENT,Concept_Strategy,955,6,Overview | Related Techniques | Training Recommendations | Common Mistakes in Belt Ceremony | Training Tips for Belt Ceremony,1,1,0,1,27,20,20,15,10,15,10,10
en,bjj-bjj-community,100,🏆 EXCELLENT,Concept_Strategy,942,6,Overview | Related Techniques | Training Recommendations | Common Mistakes in Community | Training Tips for Community,1,1,0,1,27,20,20,15,10,15,10,10
en,bjj-bjj-culture-guide,100,🏆 EXCELLENT,Concept_Strategy,959,6,Overview | Related Techniques | Training Recommendations | Common Mistakes in Culture Guide | Training Tips for Culture Guide,1,1,0,1,27,20,20,15,10,15,10,10
en,bjj-bjj-for-adults,100,🏆 EXCELLENT,Concept_Strategy,962,6,Overview | Related Techniques | Training Recommendations | Common Mistakes in For Adults | Training Tips for For Adults,1,1,0,1,27,20,20,15,10,15,10,10
en,bjj-bjj-for-women,100,🏆 EXCELLENT,Athlete_Bio,956,6,Overview | Related Techniques | Training Recommendations | Common Mistakes in For Women | Training Tips for For Women,1,1,0,1,27,20,20,15,10,15,10,10
en,bjj-bjj-habits-guide,100,🏆 EXCELLENT,Concept_Strategy,960,6,Overview | Related Techniques | Training Recommendations | Common Mistakes in Habits Guide | Training Tips for Habits Guide,1,1,0,1,27,20,20,15,10,15,10,10
en,bjj-bjj-lineage-guide,100,🏆 EXCELLENT,Concept_Strategy,959,6,Overview | Related Techniques | Training Recommendations | Common Mistakes in Lineage Guide | Training Tips for Lineage Guide,1,1,0,1,27,20,20,15,10,15,10,10
en,bjj-bjj-travel-guide,100,🏆 EXCELLENT,Concept_Strategy,957,6,Overview | Related Techniques | Training Recommendations | Common Mistakes in Travel Guide | Training Tips for Travel Guide,1,1,0,1,27,20,20,15,10,15,10,10
en,bjj-black-belt-guide,100,🏆 EXCELLENT,Concept_Strategy,774,6,Introduction | Key Techniques | Training Tips | Common Mistakes | Common Mistakes in Black Belt Guide,1,1,0,1,7,20,20,15,10,15,10,10
en,bjj-black-belt-mindset,100,🏆 EXCELLENT,Concept_Strategy,1091,6,What the Black Belt Really Represents | The Long Road | Black Belt Thinking | The Black Belt's Responsibility | Beyond Competition,1,1,0,1,16,20,20,15,10,15,10,10
en,bjj-blast-double-guide,100,🏆 EXCELLENT,Concept_Strategy,774,6,Fundamental Principles | Technique Variations | Training Methods | Common Mistakes | Common Mistakes in Blast Double Guide,1,1,0,1,27,20,20,15,10,15,10,10
en,bjj-blast-double-leg,100,🏆 EXCELLENT,Equipment_Gear,825,6,The Snapdown Setup | From Snapdown to Shot | Power-Based Mechanics | No-Gi Application | Finishing the Blast Double,1,1,0,1,15,20,20,15,10,15,10,10
en,bjj-blue-belt-game,100,🏆 EXCELLENT,Concept_Strategy,1023,6,What Changes at Blue Belt | Building Your Guard | Building Your Passing Game | The Blue Belt Plateau | Competition at Blue Belt,1,1,0,1,16,20,20,15,10,15,10,10
en,bjj-blue-belt-guide,100,🏆 EXCELLENT,Concept_Strategy,772,6,Introduction | Key Techniques | Training Tips | Common Mistakes | Common Mistakes in Blue Belt Guide,1,1,0,1,7,20,20,15,10,15,10,10
en,bjj-blue-belt-requirements,100,🏆 EXCELLENT,Concept_Strategy,696,6,⏱️ Time Requirements | ✅ Technical Requirements | 🧠 Mindset & Character | 📅 Promotion Timeline | 🎯 Core Techniques to Master Before Blue Belt,1,1,0,1,35,20,20,15,10,15,10,10
en,bjj-body-lock-takedown,100,🏆 EXCELLENT,Concept_Strategy,1042,6,Overview | Common Mistakes in Body Lock Takedown | Training Tips for Body Lock Takedown | Learning Progression for Body Lock Takedown | Frequently Asked Questions,1,1,0,1,29,20,20,15,10,15,10,10
en,bjj-body-lock-takedowns,100,🏆 EXCELLENT,Concept_Strategy,709,6,Fundamental Principles | Technique Variations | Training Methods | Common Mistakes | Frequently Asked Questions,1,1,0,1,33,20,20,15,10,15,10,10
en,bjj-body-triangle-control,100,🏆 EXCELLENT,Concept_Strategy,745,7,Overview | Setup | Control Mechanics | Submission Transitions | Escape Defense,1,1,0,1,21,20,20,15,10,15,10,10
en,bjj-body-triangle-guide,100,🏆 EXCELLENT,Concept_Strategy,792,8,What Is the Body Triangle? | Body Triangle vs. Standard Hooks | How to Lock the Body Triangle | Attacks from Body Triangle | Defending and Escaping the Body Triangle,1,1,0,1,27,20,20,15,10,15,10,10
en,bjj-bow-arrow-details,100,🏆 EXCELLENT,Concept_Strategy,790,6,Fundamental Principles | Technique Variations | Training Methods | Common Mistakes | Common Mistakes in Bow Arrow Details,1,1,0,1,27,20,20,15,10,15,10,10
en,bjj-bow-arrow-from-back,100,🏆 EXCELLENT,Concept_Strategy,731,6,Fundamental Principles | Technique Variations | Training Methods | Common Mistakes | Frequently Asked Questions,1,1,0,1,33,20,20,15,10,15,10,10
en,bjj-bracket-reading,100,🏆 EXCELLENT,Equipment_Gear,915,6,Why Bracket Reading Matters | Scouting Opponents | Pacing Across Multiple Matches | Understanding the Path | Managing Energy Between Matches,1,1,0,1,24,20,20,15,10,15,10,10
en,bjj-bracket-strategy-guide,100,🏆 EXCELLENT,Concept_Strategy,768,6,Fundamental Principles | Technique Variations | Training Methods | Common Mistakes | Common Mistakes in Bracket Strategy Guide,1,1,0,1,27,20,20,15,10,15,10,10
en,bjj-breaking-grips-guide,100,🏆 EXCELLENT,Concept_Strategy,973,6,Overview | Related Techniques | Training Recommendations | Common Mistakes in Breaking Grips Guide | Training Tips for Breaking Grips Guide,1,1,0,1,27,20,20,15,10,15,10,10
en,bjj-breaking-posture-guard,100,🏆 EXCELLENT,Concept_Strategy,856,6,Introduction | Core Concepts | Training Tips | Common Mistakes | Frequently Asked Questions,1,1,0,1,29,20,20,15,10,15,10,10
en,bjj-bullfighter-pass-guide,100,🏆 EXCELLENT,Equipment_Gear,821,6,Overview | Key Concepts | Tips & Strategies | Related Techniques | Common Mistakes in Bullfighter Pass Guide,1,1,0,1,17,20,20,15,10,15,10,10
en,bjj-business-guide,100,🏆 EXCELLENT,Concept_Strategy,796,6,Key Concepts | Training Recommendations | Further Reading | Common Mistakes in Business Guide | Training Tips for Business Guide,1,1,0,1,27,20,20,15,10,15,10,10
en,bjj-butt-scoot-technique,100,🏆 EXCELLENT,Concept_Strategy,964,6,Overview | Related Techniques | Training Recommendations | Common Mistakes in Butt Scoot Technique | Training Tips for Butt Scoot Technique,1,1,0,1,27,20,20,15,10,15,10,10
en,bjj-butterfly-guard-entries,100,🏆 EXCELLENT,Equipment_Gear,860,6,Overview | Key Concepts | Tips & Strategies | Related Techniques | Common Mistakes in Butterfly Guard Entries,1,1,0,1,17,20,20,15,10,15,10,10
en,bjj-butterfly-guard-fundamentals,100,🏆 EXCELLENT,Concept_Strategy,912,6,Butterfly Guard Setup | Butterfly Guard Attacks | Passing Butterfly Guard | Frequently Asked Questions | Related Techniques,1,1,0,1,21,20,20,15,10,15,10,10
en,bjj-butterfly-guard-guide,100,🏆 EXCELLENT,Concept_Strategy,980,7,What Makes Butterfly Guard Unique | Installing the Butterfly Hooks | The Elevator Sweep | Back Take from Butterfly | Submissions from Butterfly,1,1,0,1,30,20,20,15,10,15,10,10
en,bjj-butterfly-guard-system,100,🏆 EXCELLENT,Equipment_Gear,853,6,Overview | Key Concepts | Tips & Strategies | Related Techniques | Common Mistakes in Butterfly Guard System,1,1,0,1,17,20,20,15,10,15,10,10
en,bjj-butterfly-hooks-guide,100,🏆 EXCELLENT,Equipment_Gear,908,6,Overview | Key Concepts | Tips & Strategies | Common Mistakes in Butterfly Hooks Guide | Training Tips for Butterfly Hooks Guide,1,1,0,1,11,20,20,15,10,15,10,10
en,bjj-butterfly-submissions,100,🏆 EXCELLENT,Equipment_Gear,814,6,Overview | Key Concepts | Tips & Strategies | Related Techniques | Common Mistakes in Butterfly Submissions,1,1,0,1,17,20,20,15,10,15,10,10
en,bjj-butterfly-sweep-guide,100,🏆 EXCELLENT,Equipment_Gear,831,6,Overview | Key Concepts | Tips & Strategies | Related Techniques | Common Mistakes in Butterfly Sweep Guide,1,1,0,1,17,20,20,15,10,15,10,10
en,bjj-c-clamp-grip-guide,100,🏆 EXCELLENT,Concept_Strategy,982,6,Understanding the C-Clamp | How It Works | Applications | Developing C-Clamp Strength | Common Mistakes in C Clamp Grip Guide,1,1,0,1,15,20,20,15,10,15,10,10
en,bjj-calf-slicer-finish,100,🏆 EXCELLENT,Concept_Strategy,1001,6,Overview | Related Techniques | Training Recommendations | Common Mistakes in Calf Slicer Finish | Training Tips for Calf Slicer Finish,1,1,0,1,27,20,20,15,10,15,10,10
en,bjj-calf-slicer-guide,100,🏆 EXCELLENT,Concept_Strategy,808,6,Fundamental Principles | Technique Variations | Training Methods | Common Mistakes | Common Mistakes in Calf Slicer Guide,1,1,0,1,27,20,20,15,10,15,10,10
en,bjj-capitalizing-mistakes,100,🏆 EXCELLENT,Concept_Strategy,898,6,Introduction | Core Concepts | Training Tips | Common Mistakes | Common Mistakes in Capitalizing Mistakes,1,1,0,1,23,20,20,15,10,15,10,10
en,bjj-cardio-training-guide,100,🏆 EXCELLENT,Athlete_Bio,971,6,Overview | Related Techniques | Training Recommendations | Common Mistakes in Cardio Training Guide | Training Tips for Cardio Training Guide,1,1,0,1,27,20,20,15,10,15,10,10
en,bjj-carlos-gracie-legacy,100,🏆 EXCELLENT,Concept_Strategy,958,6,Systematic Teaching Innovation | Competition Strategy | Family Expansion | Modern Relevance | Common Mistakes in Carlos Gracie Legacy,1,1,0,1,27,20,20,15,10,15,10,10
en,bjj-chain-attacks-guide,100,🏆 EXCELLENT,Concept_Strategy,1074,6,What Are Chain Attacks? | Benefits of Chain Attacks | Common Chain Attack Patterns | Developing Chain Attack Skills | Training Chain Attacks,1,1,0,1,15,20,20,15,10,15,10,10
en,bjj-choke-defense-guide,100,🏆 EXCELLENT,Concept_Strategy,959,6,Overview | Common Mistakes in Choke Defense Guide | Training Tips for Choke Defense Guide | Learning Progression for Choke Defense Guide | Frequently Asked Questions,1,1,0,1,20,20,20,15,10,15,10,10
en,bjj-choke-mechanics,100,🏆 EXCELLENT,Concept_Strategy,964,6,Blood Choke vs Air Choke | Why Chokes Finish Faster Than Joint Locks | Choke Application Principles | Frequently Asked Questions | Related Techniques,1,1,0,1,21,20,20,15,10,15,10,10
en,bjj-choose-gym,100,🏆 EXCELLENT,Equipment_Gear,996,6,The Most Important Factor: The Instructor | What to Evaluate on Your First Visit | Red Flags to Walk Away From | Gi vs. No-Gi Focused Schools | Frequently Asked Questions,1,1,0,1,15,20,20,15,10,15,10,10
en,bjj-clinch-work-bjj,100,🏆 EXCELLENT,Concept_Strategy,780,6,Clinch Positions | Takedown Setup | Key Techniques | Frequently Asked Questions | Common Mistakes in Clinch Work Bjj,1,1,0,1,15,20,20,15,10,15,10,10
en,bjj-clinch-work-guide,100,🏆 EXCELLENT,Concept_Strategy,780,6,Fundamental Principles | Technique Variations | Training Methods | Common Mistakes | Common Mistakes in Clinch Work Guide,1,1,0,1,30,20,20,15,10,15,10,10
en,bjj-clock-choke-guide,100,🏆 EXCELLENT,Concept_Strategy,865,8,What Is the Clock Choke? | Entry from Top Turtle | Grip Variations | Pressure Mechanics | Combination Attacks from Turtle,1,1,0,1,27,20,20,15,10,15,10,10
en,bjj-clock-choke-system,100,🏆 EXCELLENT,Concept_Strategy,945,6,Overview | Common Mistakes in Clock Choke System | Training Tips for Clock Choke System | Learning Progression for Clock Choke System | Frequently Asked Questions,1,1,0,1,19,20,20,15,10,15,10,10
en,bjj-closed-guard-armlocks,100,🏆 EXCELLENT,Equipment_Gear,859,6,Overview | Key Concepts | Tips & Strategies | Related Techniques | Common Mistakes in Closed Guard Armlocks,1,1,0,1,17,20,20,15,10,15,10,10
en,bjj-closed-guard-chokes,100,🏆 EXCELLENT,Equipment_Gear,859,6,Overview | Key Concepts | Tips & Strategies | Related Techniques | Common Mistakes in Closed Guard Chokes,1,1,0,1,17,20,20,15,10,15,10,10
en,bjj-closed-guard-fundamentals,100,🏆 EXCELLENT,Concept_Strategy,913,6,Posture Breaking Fundamentals | Core Attacks from Closed Guard | Guard Opening Defence (Top Player) | Frequently Asked Questions | Related Techniques,1,1,0,1,21,20,20,15,10,15,10,10
en,bjj-closed-guard-mastery,100,🏆 EXCELLENT,Concept_Strategy,765,6,Key Concepts | Training Recommendations | Further Reading | Common Mistakes in Closed Guard Mastery | Frequently Asked Questions,1,1,0,1,33,20,20,15,10,15,10,10
en,bjj-closed-guard-sweeps,100,🏆 EXCELLENT,Equipment_Gear,854,6,Overview | Key Concepts | Tips & Strategies | Related Techniques | Common Mistakes in Closed Guard Sweeps,1,1,0,1,17,20,20,15,10,15,10,10
en,bjj-closed-guard-systems,100,🏆 EXCELLENT,Concept_Strategy,952,6,Core Principles of Closed Guard | Essential Sweeps | Primary Submissions from Closed Guard | Modern Closed Guard Concepts | Related Techniques,1,1,0,1,19,20,20,15,10,15,10,10
en,bjj-coaching-principles,100,🏆 EXCELLENT,Concept_Strategy,767,6,Key Concepts | Technical Breakdown | Practical Application | Training Tips | Common Mistakes in Coaching Principles,1,1,0,1,7,20,20,15,10,15,10,10
en,bjj-collar-choke-from-back,100,🏆 EXCELLENT,Concept_Strategy,735,6,Fundamental Principles | Technique Variations | Training Methods | Common Mistakes | Frequently Asked Questions,1,1,0,1,33,20,20,15,10,15,10,10
en,bjj-collar-choke-guard,100,🏆 EXCELLENT,Concept_Strategy,998,6,Overview | Related Techniques | Training Recommendations | Common Mistakes in Collar Choke Guard | Training Tips for Collar Choke Guard,1,1,0,1,27,20,20,15,10,15,10,10
en,bjj-collar-choke-system,100,🏆 EXCELLENT,Concept_Strategy,962,6,Collar Choke Fundamentals | Common Mistakes to Avoid | Training Progression | Sparring Tips | Related Techniques,1,1,0,1,18,20,20,15,10,15,10,10
en,bjj-collar-choke-variations,100,🏆 EXCELLENT,Concept_Strategy,746,6,Key Concepts | Training Recommendations | Further Reading | Common Mistakes in Collar Choke Variations | Frequently Asked Questions,1,1,0,1,33,20,20,15,10,15,10,10
en,bjj-collar-drag-guide,100,🏆 EXCELLENT,Concept_Strategy,965,6,Collar Drag Overview | Submission Chains from Collar Drag | Sparring Applications | Related Techniques | Common Mistakes in Collar Drag Guide,1,1,0,1,17,20,20,15,10,15,10,10
en,bjj-collar-grip-fighting,100,🏆 EXCELLENT,Concept_Strategy,776,6,Fundamental Principles | Technique Variations | Training Methods | Common Mistakes | Common Mistakes in Collar Grip Fighting,1,1,0,1,27,20,20,15,10,15,10,10
en,bjj-collar-grip-guide,100,🏆 EXCELLENT,Concept_Strategy,972,6,Overview | Related Techniques | Training Recommendations | Common Mistakes in Collar Grip Guide | Training Tips for Collar Grip Guide,1,1,0,1,27,20,20,15,10,15,10,10
en,bjj-collar-sleeve-guard,100,🏆 EXCELLENT,Concept_Strategy,1089,6,Overview | Common Mistakes in Collar Sleeve Guard | Training Tips for Collar Sleeve Guard | Learning Progression for Collar Sleeve Guard | Frequently Asked Questions,1,1,0,1,29,20,20,15,10,15,10,10
en,bjj-combination-attacks-bjj,100,🏆 EXCELLENT,Concept_Strategy,973,6,Overview | Related Techniques | Training Recommendations | Common Mistakes in Combination Attacks Bjj | Training Tips for Combination Attacks Bjj,1,1,0,1,27,20,20,15,10,15,10,10
en,bjj-combination-attacks,100,🏆 EXCELLENT,Concept_Strategy,1036,6,Understanding Combination Attacks | Why Combinations Work | Common Combination Attack Scenarios | Developing Combination Offense | Training Combinations,1,1,0,1,15,20,20,15,10,15,10,10
en,bjj-community-culture-guide,100,🏆 EXCELLENT,Concept_Strategy,808,6,Key Concepts | Training Recommendations | Further Reading | Common Mistakes in Community Culture Guide | Training Tips for Community Culture Guide,1,1,0,1,27,20,20,15,10,15,10,10
en,bjj-competition-anxiety,100,🏆 EXCELLENT,Concept_Strategy,958,6,Overview | Related Techniques | Training Recommendations | Common Mistakes in Competition Anxiety | Training Tips for Competition Anxiety,1,1,0,1,27,20,20,15,10,15,10,10
en,bjj-competition-diet-guide,100,🏆 EXCELLENT,Conditioning_Nutrition,795,6,Pre-Tournament Weight Management | Tournament Day Eating | Recovery Nutrition After Matches | FAQ | Common Mistakes in Competition Diet Guide,1,1,0,1,10,20,20,15,10,15,10,10
en,bjj-competition-nerves-management,100,🏆 EXCELLENT,Concept_Strategy,743,6,Understanding Nervousness | Breathing Techniques | Preparation & Practice | Mindset | Post-Match,1,1,0,1,15,20,20,15,10,15,10,10
en,bjj-competition-prep-advanced,100,🏆 EXCELLENT,Concept_Strategy,876,6,Periodization for Competition | A-Game Development and Protection | Bracket and Opponent Analysis | Weight Management | Competition Day Protocol,1,1,0,1,12,20,20,15,10,15,10,10
en,bjj-competition-strategy,100,🏆 EXCELLENT,Rule,939,6,Understanding the IBJJF Scoring System | Building Your Game Plan | Guard Pull vs. Takedown Decision | Protecting a Lead | Frequently Asked Questions,1,1,0,1,15,20,20,15,10,15,10,10
en,bjj-competition-weight-cutting,100,🏆 EXCELLENT,Concept_Strategy,788,6,Key Concepts | Technical Breakdown | Practical Application | Training Tips | Common Mistakes in Competition Weight Cutting,1,1,0,1,7,20,20,15,10,15,10,10
en,bjj-complete-beginners-guide,100,🏆 EXCELLENT,Equipment_Gear,781,6,Introduction | Key Techniques | Training Tips | Common Mistakes | Common Mistakes in Complete Beginners Guide,1,1,0,1,7,20,20,15,10,15,10,10
en,bjj-complete-game-guide,100,🏆 EXCELLENT,Concept_Strategy,948,6,The Five Pillars | Building Balance | Common Mistakes in Complete Game Guide | Training Tips for Complete Game Guide | Learning Progression for Complete Game Guide,1,1,0,1,27,20,20,15,10,15,10,10
en,bjj-compression-locks-bjj,100,🏆 EXCELLENT,Concept_Strategy,838,6,Introduction | Core Concepts | Training Tips | Common Mistakes | Frequently Asked Questions,1,1,0,1,29,20,20,15,10,15,10,10
en,bjj-conceptual-learning-bjj,100,🏆 EXCELLENT,Concept_Strategy,765,6,Fundamental Principles | Technique Variations | Training Methods | Common Mistakes | Common Mistakes in Conceptual Learning Bjj,1,1,0,1,27,20,20,15,10,15,10,10
en,bjj-conceptual-learning-framework,100,🏆 EXCELLENT,Concept_Strategy,668,6,Techniques vs Concepts vs Principles | The BJJ Learning Hierarchy | Building Conceptual Frameworks | Transfer of Learning Between Positions | Training Methods for Conceptual Development,1,1,0,1,12,20,20,15,10,15,10,10
en,bjj-conditioning-workout,100,🏆 EXCELLENT,Conditioning_Nutrition,888,6,🏋️ Strength Base (3x/week) | ⚡ Explosive Power (2x/week) | 🫁 BJJ Cardio (2x/week) | ❓ FAQ | 📚 Related Guides,1,1,0,1,18,20,20,15,10,15,10,10
en,bjj-connection-control-guide,100,🏆 EXCELLENT,Concept_Strategy,711,6,Fundamental Principles | Technique Variations | Training Methods | Common Mistakes | Frequently Asked Questions,1,1,0,1,33,20,20,15,10,15,10,10
en,bjj-connection-principle,100,🏆 EXCELLENT,Concept_Strategy,774,6,Key Concepts | Technical Breakdown | Practical Application | Training Tips | Common Mistakes in Connection Principle,1,1,0,1,7,20,20,15,10,15,10,10
en,bjj-cool-down-recovery,100,🏆 EXCELLENT,Concept_Strategy,946,6,Phase 1 — Active Cool Down (3 min) | Phase 2 — Static Stretching (8 min) | Phase 3 — Recovery Habits (ongoing) | Pro Tips | FAQ,1,1,0,1,13,20,20,15,10,15,10,10
en,bjj-cool-down-stretches,100,🏆 EXCELLENT,Concept_Strategy,858,6,Cool-Down Protocol | Priority Stretches for BJJ | FAQ | Common Mistakes in Cool Down Stretches | Training Tips for Cool Down Stretches,1,1,0,1,16,20,20,15,10,15,10,10
en,bjj-core-exercises,100,🏆 EXCELLENT,Concept_Strategy,863,6,Core Demands in BJJ | Best Core Exercises for BJJ | FAQ | Common Mistakes in Core Exercises | Training Tips for Core Exercises,1,1,0,1,16,20,20,15,10,15,10,10
en,bjj-core-strength-development,100,🏆 EXCELLENT,Concept_Strategy,808,6,Key Concepts | Training Recommendations | Further Reading | Common Mistakes in Core Strength Development | Training Tips for Core Strength Development,1,1,0,1,27,20,20,15,10,15,10,10
en,bjj-counter-attack-bjj,100,🏆 EXCELLENT,Concept_Strategy,907,6,Introduction | Core Concepts | Training Tips | Common Mistakes | Common Mistakes in Counter Attack Bjj,1,1,0,1,23,20,20,15,10,15,10,10
en,bjj-crab-ride-guide,100,🏆 EXCELLENT,Concept_Strategy,693,7,What Is the Crab Ride? | How to Enter the Crab Ride | Attacks from Crab Ride | Crab Ride vs. Back Mount | Crab Ride in Competition,1,1,0,1,21,20,20,15,10,15,10,10
en,bjj-creating-angles-bjj,100,🏆 EXCELLENT,Concept_Strategy,911,6,Introduction | Core Concepts | Training Tips | Common Mistakes | Common Mistakes in Creating Angles Bjj,1,1,0,1,23,20,20,15,10,15,10,10
en,bjj-cross-collar-choke-guide,100,🏆 EXCELLENT,Concept_Strategy,730,6,Fundamental Principles | Technique Variations | Training Methods | Common Mistakes | Frequently Asked Questions,1,1,0,1,33,20,20,15,10,15,10,10
en,bjj-cross-collar-choke,100,🏆 EXCELLENT,Concept_Strategy,968,6,Overview | Related Techniques | Training Recommendations | Common Mistakes in Cross Collar Choke | Training Tips for Cross Collar Choke,1,1,0,1,27,20,20,15,10,15,10,10
en,bjj-cross-collar-from-mount,100,🏆 EXCELLENT,Concept_Strategy,725,6,Fundamental Principles | Technique Variations | Training Methods | Common Mistakes | Frequently Asked Questions,1,1,0,1,33,20,20,15,10,15,10,10
en,bjj-cross-lapel-choke,100,🏆 EXCELLENT,Concept_Strategy,1031,6,Cross Lapel Choke Overview | Position Variations | Related Techniques | Common Mistakes in Cross Lapel Choke | Training Tips for Cross Lapel Choke,1,1,0,1,17,20,20,15,10,15,10,10
en,bjj-crossbody-position,100,🏆 EXCELLENT,Equipment_Gear,812,6,Overview | Key Concepts | Tips & Strategies | Related Techniques | Common Mistakes in Crossbody Position,1,1,0,1,17,20,20,15,10,15,10,10
en,bjj-crucifix-position-system,100,🏆 EXCELLENT,Concept_Strategy,942,6,Entering the Crucifix | Controlling the Crucifix | Arm-In Choke from Crucifix | Neck Crank and Additional Attacks | Related Techniques,1,1,0,1,16,20,20,15,10,15,10,10
en,bjj-cutting-weight-bjj,100,🏆 EXCELLENT,Concept_Strategy,967,6,Overview | Related Techniques | Training Recommendations | Common Mistakes in Cutting Weight Bjj | Training Tips for Cutting Weight Bjj,1,1,0,1,27,20,20,15,10,15,10,10
en,bjj-d-arce-choke-details,100,🏆 EXCELLENT,Concept_Strategy,724,6,Fundamental Principles | Technique Variations | Training Methods | Common Mistakes | Frequently Asked Questions,1,1,0,1,33,20,20,15,10,15,10,10
en,bjj-darce-anaconda-system,100,🏆 EXCELLENT,Concept_Strategy,797,6,Key Concepts | Technical Breakdown | Practical Application | Training Tips | Common Mistakes in Darce Anaconda System,1,1,0,1,7,20,20,15,10,15,10,10
en,bjj-de-la-riva-guard-fundamentals,100,🏆 EXCELLENT,Concept_Strategy,867,6,What Is De La Riva Guard? | DLR Hook and Grip Setup | Core Sweeps from DLR | DLR to Berimbolo | Frequently Asked Questions,1,1,0,1,21,20,20,15,10,15,10,10
en,bjj-de-la-riva-system,100,🏆 EXCELLENT,Equipment_Gear,922,6,Overview | Key Concepts | Tips & Strategies | Common Mistakes in De La Riva System | Training Tips for De La Riva System,1,1,0,1,11,20,20,15,10,15,10,10
en,bjj-dealing-with-feet,100,🏆 EXCELLENT,Concept_Strategy,913,6,Introduction | Core Concepts | Training Tips | Common Mistakes | Common Mistakes in Dealing With Feet,1,1,0,1,23,20,20,15,10,15,10,10
en,bjj-deep-half-guard-attacks,100,🏆 EXCELLENT,Equipment_Gear,877,6,Overview | Key Concepts | Tips & Strategies | Related Techniques | Common Mistakes in Deep Half Guard Attacks,1,1,0,1,17,20,20,15,10,15,10,10
en,bjj-deep-half-guard-entries,100,🏆 EXCELLENT,Equipment_Gear,877,6,Overview | Key Concepts | Tips & Strategies | Related Techniques | Common Mistakes in Deep Half Guard Entries,1,1,0,1,17,20,20,15,10,15,10,10
en,bjj-deep-half-guard-system,100,🏆 EXCELLENT,Equipment_Gear,874,6,Overview | Key Concepts | Tips & Strategies | Related Techniques | Common Mistakes in Deep Half Guard System,1,1,0,1,17,20,20,15,10,15,10,10
en,bjj-deep-half-guard,100,🏆 EXCELLENT,Concept_Strategy,851,6,What Is Deep Half Guard? | Entries to Deep Half | Key Attacks from Deep Half | Deep Half Defense (Top Game) | Frequently Asked Questions,1,1,0,1,21,20,20,15,10,15,10,10
en,bjj-deep-half-sweep-system,100,🏆 EXCELLENT,Equipment_Gear,849,6,Overview | Key Concepts | Tips & Strategies | Related Techniques | Common Mistakes in Deep Half Sweep System,1,1,0,1,17,20,20,15,10,15,10,10
en,bjj-defense-combinations,100,🏆 EXCELLENT,Concept_Strategy,695,6,Fundamental Principles | Technique Variations | Training Methods | Common Mistakes | Frequently Asked Questions,1,1,0,1,33,20,20,15,10,15,10,10
en,bjj-defensive-bjj-guide,100,🏆 EXCELLENT,Concept_Strategy,823,6,Defensive Fundamentals | Guard Survival | Escaping Bad Positions | Defensive Mindset | Common Mistakes in Defensive Guide,1,1,0,1,27,20,20,15,10,15,10,10
en,bjj-defensive-frames-guide,100,🏆 EXCELLENT,Concept_Strategy,908,6,Introduction | Core Concepts | Training Tips | Common Mistakes | Common Mistakes in Defensive Frames Guide,1,1,0,1,23,20,20,15,10,15,10,10
en,bjj-defensive-posture-guide,100,🏆 EXCELLENT,Concept_Strategy,908,6,Introduction | Core Concepts | Training Tips | Common Mistakes | Common Mistakes in Defensive Posture Guide,1,1,0,1,23,20,20,15,10,15,10,10
en,bjj-diet-nutrition,100,🏆 EXCELLENT,Conditioning_Nutrition,1131,8,Nutrition Principles for BJJ | Macronutrient Basics for Grapplers | Pre-Training Nutrition | Post-Training Recovery Nutrition | Hydration for BJJ,1,1,0,1,15,20,20,15,10,15,10,10
en,bjj-distance-management-bjj,100,🏆 EXCELLENT,Equipment_Gear,899,6,Overview | Key Concepts | Tips & Strategies | Common Mistakes in Distance Management Bjj | Training Tips for Distance Management Bjj,1,1,0,1,11,20,20,15,10,15,10,10
en,bjj-distance-management,100,🏆 EXCELLENT,Equipment_Gear,990,6,The Three Ranges of BJJ | Closing Distance for Takedowns | Creating Distance from Guard | Managing the Transition Zone | Ground Distance Management,1,1,0,1,24,20,20,15,10,15,10,10
en,bjj-dog-bar-position,100,🏆 EXCELLENT,Concept_Strategy,833,6,Introduction | Core Concepts | Training Tips | Common Mistakes | Frequently Asked Questions,1,1,0,1,29,20,20,15,10,15,10,10
en,bjj-double-under-pass,100,🏆 EXCELLENT,Concept_Strategy,795,6,Setup | Establishing Both Arms Under | Control Mechanics | Finishing the Double Under | Frequently Asked Questions,1,1,0,1,21,20,20,15,10,15,10,10
en,bjj-double-underhook-pass,100,🏆 EXCELLENT,Concept_Strategy,838,6,Introduction | Core Concepts | Training Tips | Common Mistakes | Frequently Asked Questions,1,1,0,1,29,20,20,15,10,15,10,10
en,bjj-drilling-vs-rolling,100,🏆 EXCELLENT,Concept_Strategy,700,6,Fundamental Principles | Technique Variations | Training Methods | Common Mistakes | Frequently Asked Questions,1,1,0,1,33,20,20,15,10,15,10,10
en,bjj-ebi-overtime-rules,100,🏆 EXCELLENT,Concept_Strategy,903,6,Introduction | Core Concepts | Training Tips | Common Mistakes | Common Mistakes in Ebi Overtime Rules,1,1,0,1,23,20,20,15,10,15,10,10
en,bjj-ego-in-bjj,100,🏆 EXCELLENT,Concept_Strategy,909,6,Introduction | Core Concepts | Training Tips | Common Mistakes | Common Mistakes in Ego In Bjj,1,1,0,1,23,20,20,15,10,15,10,10
en,bjj-elbow-knee-shield,100,🏆 EXCELLENT,Concept_Strategy,907,6,Introduction | Core Concepts | Training Tips | Common Mistakes | Common Mistakes in Elbow Knee Shield,1,1,0,1,23,20,20,15,10,15,10,10
en,bjj-electric-chair-guide,100,🏆 EXCELLENT,Concept_Strategy,803,6,Fundamental Principles | Technique Variations | Training Methods | Common Mistakes | Common Mistakes in Electric Chair Guide,1,1,0,1,27,20,20,15,10,15,10,10
en,bjj-electric-fence-guide,100,🏆 EXCELLENT,Concept_Strategy,903,6,Introduction | Core Concepts | Training Tips | Common Mistakes | Common Mistakes in Electric Fence Guide,1,1,0,1,23,20,20,15,10,15,10,10
en,bjj-endurance-conditioning,100,🏆 EXCELLENT,Conditioning_Nutrition,792,6,Key Concepts | Training Recommendations | Further Reading | Common Mistakes in Endurance Conditioning | Training Tips for Endurance Conditioning,1,1,0,1,27,20,20,15,10,15,10,10
en,bjj-energy-systems,100,🏆 EXCELLENT,Concept_Strategy,752,6,Introduction | Key Techniques | Training Tips | Common Mistakes | Common Mistakes in Energy Systems,1,1,0,1,7,20,20,15,10,15,10,10
en,bjj-escapes-guide,100,🏆 EXCELLENT,Concept_Strategy,1170,7,Why Escapes Are the Most Important Skill | Escaping Mount | Escaping Side Control | Escaping Back Control | Universal Escape Principles,1,1,0,1,21,20,20,15,10,15,10,10
en,bjj-etiquette-dojo-guide,100,🏆 EXCELLENT,Concept_Strategy,790,6,Key Concepts | Technical Breakdown | Practical Application | Training Tips | Common Mistakes in Etiquette Dojo Guide,1,1,0,1,7,20,20,15,10,15,10,10
en,bjj-explosive-offense-guide,100,🏆 EXCELLENT,Concept_Strategy,919,6,Explosive Entry Mechanics | Explosive Guard Attack | Explosive Top Position Offense | Explosive Timing Principles | Explosive Combination Strategy,1,1,0,1,27,20,20,15,10,15,10,10
en,bjj-explosive-strength-guide,100,🏆 EXCELLENT,Concept_Strategy,812,6,Key Concepts | Training Recommendations | Further Reading | Common Mistakes in Explosive Strength Guide | Training Tips for Explosive Strength Guide,1,1,0,1,27,20,20,15,10,15,10,10
en,bjj-explosiveness-training,100,🏆 EXCELLENT,Concept_Strategy,766,6,Hip Power | Sport-Specific Explosiveness | Training Areas | Frequently Asked Questions | Common Mistakes in Explosiveness Training,1,1,0,1,15,20,20,15,10,15,10,10
en,bjj-failed-sweep-recovery,100,🏆 EXCELLENT,Concept_Strategy,711,6,Fundamental Principles | Technique Variations | Training Methods | Common Mistakes | Frequently Asked Questions,1,1,0,1,33,20,20,15,10,15,10,10
en,bjj-famous-quotes,100,🏆 EXCELLENT,Concept_Strategy,1038,6,Quotes on the Philosophy of BJJ | Quotes on Training and Improvement | Quotes on Competition and Mental Game | Modern Era Quotes | Frequently Asked Questions,1,1,0,1,15,20,20,15,10,15,10,10
en,bjj-feint-techniques-bjj,100,🏆 EXCELLENT,Concept_Strategy,973,6,Overview | Related Techniques | Training Recommendations | Common Mistakes in Feint Techniques Bjj | Training Tips for Feint Techniques Bjj,1,1,0,1,27,20,20,15,10,15,10,10
en,bjj-fight-iq-development,100,🏆 EXCELLENT,Concept_Strategy,989,6,What is Fight IQ in BJJ? | Building Pattern Recognition | Game Planning and Adaptation | Emotional Management and Composure | Accelerating Fight IQ Development,1,1,0,1,13,20,20,15,10,15,10,10
en,bjj-finishing-principles,100,🏆 EXCELLENT,Concept_Strategy,898,6,Introduction | Core Concepts | Training Tips | Common Mistakes | Common Mistakes in Finishing Principles,1,1,0,1,23,20,20,15,10,15,10,10
en,bjj-finishing-sequences-guide,100,🏆 EXCELLENT,Concept_Strategy,808,6,Key Concepts | Training Recommendations | Further Reading | Common Mistakes in Finishing Sequences Guide | Training Tips for Finishing Sequences Guide,1,1,0,1,27,20,20,15,10,15,10,10
en,bjj-fireman-carry-guide,100,🏆 EXCELLENT,Concept_Strategy,977,6,The Fireman Carry Takedown | Setting Up the Fireman Carry | The Lift and Dump | Landing Position | Common Mistakes,1,1,0,1,15,20,20,15,10,15,10,10
en,bjj-flattening-opponent,100,🏆 EXCELLENT,Concept_Strategy,898,6,Introduction | Core Concepts | Training Tips | Common Mistakes | Common Mistakes in Flattening Opponent,1,1,0,1,23,20,20,15,10,15,10,10
en,bjj-flexibility-bjj-guide,100,🏆 EXCELLENT,Concept_Strategy,964,6,Overview | Related Techniques | Training Recommendations | Common Mistakes in Flexibility Guide | Training Tips for Flexibility Guide,1,1,0,1,27,20,20,15,10,15,10,10
en,bjj-flexibility-for-bjj,100,🏆 EXCELLENT,Concept_Strategy,775,6,Key Areas | Warm-Up vs Static | Training Areas | Frequently Asked Questions | Common Mistakes in Flexibility For Bjj,1,1,0,1,15,20,20,15,10,15,10,10
en,bjj-flexibility-mobility-program,100,🏆 EXCELLENT,Athlete_Bio,671,6,Hip Mobility for Guard Work | Shoulder Health & Rotator Cuff | Spinal Rotation for Escapes | Daily 10-Minute Mobility Routine | Injury Prevention Exercises,1,1,0,1,12,20,20,15,10,15,10,10
en,bjj-flexibility-program,100,🏆 EXCELLENT,Concept_Strategy,968,6,Priority Areas for BJJ Flexibility | Shoulder Health Protocol | The 15-Minute Pre-Training Routine | The 20-Minute Post-Training Recovery Routine | When to Work on Flexibility,1,1,0,1,16,20,20,15,10,15,10,10
en,bjj-flexibility-training-bjj,100,🏆 EXCELLENT,Concept_Strategy,812,6,Key Concepts | Training Recommendations | Further Reading | Common Mistakes in Flexibility Training Bjj | Training Tips for Flexibility Training Bjj,1,1,0,1,27,20,20,15,10,15,10,10
en,bjj-flexible-grapplers-guide,100,🏆 EXCELLENT,Concept_Strategy,968,6,Overview | Related Techniques | Training Recommendations | Common Mistakes in Flexible Grapplers Guide | Training Tips for Flexible Grapplers Guide,1,1,0,1,27,20,20,15,10,15,10,10
en,bjj-flow-rolling-benefits,100,🏆 EXCELLENT,Concept_Strategy,786,6,Key Concepts | Technical Breakdown | Practical Application | Training Tips | Common Mistakes in Flow Rolling Benefits,1,1,0,1,7,20,20,15,10,15,10,10
en,bjj-flower-sweep-details,100,🏆 EXCELLENT,Concept_Strategy,703,6,Fundamental Principles | Technique Variations | Training Methods | Common Mistakes | Frequently Asked Questions,1,1,0,1,33,20,20,15,10,15,10,10
en,bjj-flower-sweep-guide,100,🏆 EXCELLENT,Concept_Strategy,976,6,Overview | Common Mistakes in Flower Sweep Guide | Training Tips for Flower Sweep Guide | Learning Progression for Flower Sweep Guide | Frequently Asked Questions,1,1,0,1,24,20,20,15,10,15,10,10
en,bjj-focus-techniques-bjj,100,🏆 EXCELLENT,Concept_Strategy,968,6,Overview | Related Techniques | Training Recommendations | Common Mistakes in Focus Techniques Bjj | Training Tips for Focus Techniques Bjj,1,1,0,1,27,20,20,15,10,15,10,10
en,bjj-folding-pass-guide,100,🏆 EXCELLENT,Concept_Strategy,702,6,Fundamental Principles | Technique Variations | Training Methods | Common Mistakes | Frequently Asked Questions,1,1,0,1,33,20,20,15,10,15,10,10
en,bjj-foot-sweeps-bjj,100,🏆 EXCELLENT,Concept_Strategy,704,6,Fundamental Principles | Technique Variations | Training Methods | Common Mistakes | Frequently Asked Questions,1,1,0,1,33,20,20,15,10,15,10,10
en,bjj-for-life-guide,100,🏆 EXCELLENT,Concept_Strategy,808,6,Key Concepts | Training Recommendations | Further Reading | Common Mistakes in For Life Guide | Training Tips for For Life Guide,1,1,0,1,27,20,20,15,10,15,10,10
en,bjj-for-older-adults,100,🏆 EXCELLENT,Concept_Strategy,927,6,Why BJJ is Ideal for Older Adults | Training Modifications Over 40 | Common Injuries for Older Grapplers | The Technical Advantage of Age | Frequently Asked Questions,1,1,0,1,15,20,20,15,10,15,10,10
en,bjj-for-seniors,100,🏆 EXCELLENT,Concept_Strategy,909,6,Benefits of BJJ for Older Adults | Key Adjustments for Senior Training | Recovery Is Everything | Common Injuries and Prevention | Community and Mindset,1,1,0,1,16,20,20,15,10,15,10,10
en,bjj-frame-mechanics-guide,100,🏆 EXCELLENT,Concept_Strategy,881,6,Types of Frames | Frame Positioning Principles | Frame Transitions | Training Frame Mechanics | Common Mistakes in Frame Mechanics Guide,1,1,0,1,27,20,20,15,10,15,10,10
en,bjj-front-headlock-bjj,100,🏆 EXCELLENT,Equipment_Gear,835,6,Overview | Key Concepts | Tips & Strategies | Related Techniques | Common Mistakes in Front Headlock Bjj,1,1,0,1,17,20,20,15,10,15,10,10
en,bjj-front-headlock-chokes,100,🏆 EXCELLENT,Concept_Strategy,995,6,The Front Headlock Opportunity | Establishing Control | Front Headlock Choke Variations | Preventing Escape | Frequently Asked Questions,1,1,0,1,21,20,20,15,10,15,10,10
en,bjj-front-headlock-guide,100,🏆 EXCELLENT,Concept_Strategy,935,6,Overview | Common Mistakes in Front Headlock Guide | Training Tips for Front Headlock Guide | Learning Progression for Front Headlock Guide | Frequently Asked Questions,1,1,0,1,19,20,20,15,10,15,10,10
en,bjj-front-headlock-system,100,🏆 EXCELLENT,Concept_Strategy,1041,6,Overview | Common Mistakes in Front Headlock System | Training Tips for Front Headlock System | Learning Progression for Front Headlock System | Frequently Asked Questions,1,1,0,1,29,20,20,15,10,15,10,10
en,bjj-game-plan-building,100,🏆 EXCELLENT,Concept_Strategy,970,6,Overview | Related Techniques | Training Recommendations | Common Mistakes in Game Plan Building | Training Tips for Game Plan Building,1,1,0,1,27,20,20,15,10,15,10,10
en,bjj-game-plan-development,100,🏆 EXCELLENT,Concept_Strategy,922,6,What Is a BJJ Game Plan? | Start with Your A-Game | Building Your System | Adapting for Opponents | Evolving the Plan,1,1,0,1,24,20,20,15,10,15,10,10
en,bjj-game-planning-bjj,100,🏆 EXCELLENT,Equipment_Gear,903,6,Overview | Key Concepts | Tips & Strategies | Common Mistakes in Game Planning Bjj | Training Tips for Game Planning Bjj,1,1,0,1,11,20,20,15,10,15,10,10
en,bjj-game-theory-bjj,100,🏆 EXCELLENT,Concept_Strategy,769,6,Fundamental Principles | Technique Variations | Training Methods | Common Mistakes | Common Mistakes in Game Theory Bjj,1,1,0,1,27,20,20,15,10,15,10,10
en,bjj-gear-checklist,100,🏆 EXCELLENT,Equipment_Gear,944,6,Essential Gear for Every Class | Hygiene Essentials for Your Bag | Competition Day Bag | What NOT to Bring | Frequently Asked Questions,1,1,0,1,15,20,20,15,10,15,10,10
en,bjj-gi-chokes-guide,100,🏆 EXCELLENT,Equipment_Gear,750,6,Key Concepts | Training Recommendations | Further Reading | Common Mistakes in Gi Chokes Guide | Frequently Asked Questions,1,1,0,1,33,20,20,15,10,15,10,10
en,bjj-gi-grip-fighting,100,🏆 EXCELLENT,Equipment_Gear,904,6,Overview | Key Concepts | Tips & Strategies | Common Mistakes in Gi Grip Fighting | Training Tips for Gi Grip Fighting,1,1,0,1,11,20,20,15,10,15,10,10
en,bjj-gi-grips-guide,100,🏆 EXCELLENT,Equipment_Gear,814,6,Key Concepts | Training Recommendations | Further Reading | Common Mistakes in Gi Grips Guide | Training Tips for Gi Grips Guide,1,1,0,1,27,20,20,15,10,15,10,10
en,bjj-gi-guard-attacks,100,🏆 EXCELLENT,Equipment_Gear,763,6,Key Concepts | Training Recommendations | Further Reading | Common Mistakes in Gi Guard Attacks | Frequently Asked Questions,1,1,0,1,33,20,20,15,10,15,10,10
en,bjj-gi-lapel-grips,100,🏆 EXCELLENT,Equipment_Gear,977,6,Overview | Related Techniques | Training Recommendations | Common Mistakes in Gi Lapel Grips | Training Tips for Gi Lapel Grips,1,1,0,1,27,20,20,15,10,15,10,10
en,bjj-gift-wrap-attacks,100,🏆 EXCELLENT,Equipment_Gear,781,6,Fundamental Principles | Technique Variations | Training Methods | Common Mistakes | Common Mistakes in Gift Wrap Attacks,1,1,0,1,27,20,20,15,10,15,10,10
en,bjj-gift-wrapping-bjj,100,🏆 EXCELLENT,Equipment_Gear,914,6,Introduction | Core Concepts | Training Tips | Common Mistakes | Common Mistakes in Gift Wrapping Bjj,1,1,0,1,23,20,20,15,10,15,10,10
en,bjj-gogoplata-guide,100,🏆 EXCELLENT,Concept_Strategy,754,6,Fundamental Principles | Technique Variations | Training Methods | Common Mistakes | Common Mistakes in Gogoplata Guide,1,1,0,1,27,20,20,15,10,15,10,10
en,bjj-gordon-ryan-leg-locks,100,🏆 EXCELLENT,Concept_Strategy,753,6,Introduction | Key Techniques | Training Tips | Common Mistakes | Related Techniques,1,1,0,1,13,20,20,15,10,15,10,10
en,bjj-gordon-ryan-system-guide,100,🏆 EXCELLENT,Concept_Strategy,818,6,Core Principles of the Ryan System | 50-50 Guard Mastery | Saddle Position Dominance | Heel Hook to Straight Footlock Chain | Competition Applications,1,1,0,1,27,20,20,15,10,15,10,10
en,bjj-gracie-family-legacy,100,🏆 EXCELLENT,Concept_Strategy,970,6,Overview | Related Techniques | Training Recommendations | Common Mistakes in Gracie Family Legacy | Training Tips for Gracie Family Legacy,1,1,0,1,27,20,20,15,10,15,10,10
en,bjj-gracies-family-history,100,🏆 EXCELLENT,Concept_Strategy,790,6,Key Innovations | Legacy Branches | Key Points | Frequently Asked Questions | Common Mistakes in Gracies Family History,1,1,0,1,15,20,20,15,10,15,10,10
en,bjj-granby-roll-guide,100,🏆 EXCELLENT,Equipment_Gear,1141,6,Basic Granby Roll Mechanics | Timing the Granby | No-Gi Applications | Common Mistakes in Granby Roll Guide | Training Tips for Granby Roll Guide,1,1,0,1,23,20,20,15,10,15,10,10
en,bjj-grappling-iq,100,🏆 EXCELLENT,Concept_Strategy,902,6,What is Grappling IQ? | Core Concepts of High Grappling IQ | How to Develop Grappling IQ | The Problem-Posture Principle | Frequently Asked Questions,1,1,0,1,15,20,20,15,10,15,10,10
en,bjj-grip-breaks-system,100,🏆 EXCELLENT,Concept_Strategy,998,6,Why Grip Breaks Matter | Core Grip Breaking Principles | Common Grip Break Techniques | Grip Breaking Combinations | Common Mistakes in Grip Breaks System,1,1,0,1,15,20,20,15,10,15,10,10
en,bjj-grip-fighting-guide,100,🏆 EXCELLENT,Equipment_Gear,938,6,Why Grips Decide the Match Before It Starts | Dominant Grip Positions (Gi) | No-Gi Grip Fighting | Breaking Grips | Grip Sequences,1,1,0,1,24,20,20,15,10,15,10,10
en,bjj-grip-strength-bjj,100,🏆 EXCELLENT,Concept_Strategy,972,6,Overview | Related Techniques | Training Recommendations | Common Mistakes in Grip Strength Bjj | Training Tips for Grip Strength Bjj,1,1,0,1,27,20,20,15,10,15,10,10
en,bjj-grip-strength-development,100,🏆 EXCELLENT,Concept_Strategy,814,6,Key Concepts | Training Recommendations | Further Reading | Common Mistakes in Grip Strength Development | Training Tips for Grip Strength Development,1,1,0,1,27,20,20,15,10,15,10,10
en,bjj-grip-strip-guide,100,🏆 EXCELLENT,Concept_Strategy,767,6,Fundamental Principles | Technique Variations | Training Methods | Common Mistakes | Common Mistakes in Grip Strip Guide,1,1,0,1,27,20,20,15,10,15,10,10
en,bjj-guard-attack-guide,100,🏆 EXCELLENT,Concept_Strategy,769,6,Key Concepts | Training Recommendations | Further Reading | Common Mistakes in Guard Attack Guide | Frequently Asked Questions,1,1,0,1,33,20,20,15,10,15,10,10
en,bjj-guard-attacks-advanced-system,100,🏆 EXCELLENT,Concept_Strategy,991,8,The Attack Chain Concept | Setups Create the Finish | Reading Defensive Patterns | The Reaction-Based Attack | Multi-Limb Attacks,1,1,0,1,15,20,20,15,10,15,10,10
en,bjj-guard-break-guide,100,🏆 EXCELLENT,Concept_Strategy,896,8,Why Guard Breaking Matters | Standing Guard Break | Knee-in Guard Break | Posture Fundamentals | Connecting Break to Pass,1,1,0,1,27,20,20,15,10,15,10,10
en,bjj-guard-break-prevention,100,🏆 EXCELLENT,Equipment_Gear,854,6,Overview | Key Concepts | Tips & Strategies | Related Techniques | Common Mistakes in Guard Break Prevention,1,1,0,1,17,20,20,15,10,15,10,10
en,bjj-guard-fundamentals-closed,100,🏆 EXCELLENT,Concept_Strategy,839,6,Why Closed Guard Is Still the Foundation | Breaking Posture: The Essential First Step | Closed Guard Submissions | Closed Guard Sweeps | Frequently Asked Questions,1,1,0,1,21,20,20,15,10,15,10,10
en,bjj-guard-game-plan,100,🏆 EXCELLENT,Concept_Strategy,990,6,Overview | Common Mistakes in Guard Game Plan | Training Tips for Guard Game Plan | Learning Progression for Guard Game Plan | Frequently Asked Questions,1,1,0,1,20,20,20,15,10,15,10,10
en,bjj-guard-game-strategy,100,🏆 EXCELLENT,Concept_Strategy,892,6,Why You Need a Guard Strategy | Guard Selection Framework | The Attack Chain Principle | Guard vs. Guard Passer Dynamics | Frequently Asked Questions,1,1,0,1,21,20,20,15,10,15,10,10
en,bjj-guard-mastery-guide,100,🏆 EXCELLENT,Concept_Strategy,739,6,Guard Types | Guard Attacks | Guard Sweeps | Guard Retention | Frequently Asked Questions,1,1,0,1,33,20,20,15,10,15,10,10
en,bjj-guard-pass-entries,100,🏆 EXCELLENT,Concept_Strategy,870,6,Posture in Closed Guard | Headquarters Position | Grip Fights for Passing | Passing Posture and Pressure | Frequently Asked Questions,1,1,0,1,26,20,20,15,10,15,10,10
en,bjj-guard-passing-advanced,100,🏆 EXCELLENT,Concept_Strategy,848,6,The Modern Passing Framework | The Leg Drag Pass | Headquarters Position (HQ) | Chaining Passes | Frequently Asked Questions,1,1,0,1,21,20,20,15,10,15,10,10
en,bjj-guard-passing-fundamentals,100,🏆 EXCELLENT,Concept_Strategy,958,6,The Three Phases of Guard Passing | Guard Breaking | Pressure Passing | Speed Passing | Frequently Asked Questions,1,1,0,1,24,20,20,15,10,15,10,10
en,bjj-guard-passing-pressure,100,🏆 EXCELLENT,Concept_Strategy,837,6,Why Pressure Passing Works | The Knee Cut Pass | The Smash Pass | Pressure Passing vs Speed Passing | Frequently Asked Questions,1,1,0,1,21,20,20,15,10,15,10,10
en,bjj-guard-pull-competition,100,🏆 EXCELLENT,Concept_Strategy,736,6,Key Concepts | Technical Breakdown | Practical Application | Training Tips | Related Techniques,1,1,0,1,13,20,20,15,10,15,10,10
en,bjj-guard-pull-strategy-advanced,100,🏆 EXCELLENT,Concept_Strategy,783,6,Why Advanced Guard Pulling Matters | Timing and Commitment | Countering the Stuffed Pull | FAQ | Related Techniques,1,1,0,1,16,20,20,15,10,15,10,10
en,bjj-guard-pull-strategy,100,🏆 EXCELLENT,Concept_Strategy,1087,6,Overview | Common Mistakes in Guard Pull Strategy | Training Tips for Guard Pull Strategy | Learning Progression for Guard Pull Strategy | Frequently Asked Questions,1,1,0,1,29,20,20,15,10,15,10,10
en,bjj-guard-pull-timing,100,🏆 EXCELLENT,Concept_Strategy,1005,6,Overview | Related Techniques | Training Recommendations | Common Mistakes in Guard Pull Timing | Training Tips for Guard Pull Timing,1,1,0,1,27,20,20,15,10,15,10,10
en,bjj-guard-recomposition,100,🏆 EXCELLENT,Concept_Strategy,982,6,Overview | Related Techniques | Training Recommendations | Common Mistakes in Guard Recomposition | Training Tips for Guard Recomposition,1,1,0,1,27,20,20,15,10,15,10,10
en,bjj-guard-recovery-concepts,100,🏆 EXCELLENT,Concept_Strategy,873,6,The Frame Principle | Hip Escape and Re-Guard | Re-Guard Timing | Recovering from Specific Passes | Frequently Asked Questions,1,1,0,1,26,20,20,15,10,15,10,10
en,bjj-guard-recovery-guide,100,🏆 EXCELLENT,Concept_Strategy,1087,6,Overview | Common Mistakes in Guard Recovery Guide | Training Tips for Guard Recovery Guide | Learning Progression for Guard Recovery Guide | Frequently Asked Questions,1,1,0,1,29,20,20,15,10,15,10,10
en,bjj-guard-replace-guide,100,🏆 EXCELLENT,Concept_Strategy,724,6,Fundamental Principles | Technique Variations | Training Methods | Common Mistakes | Frequently Asked Questions,1,1,0,1,33,20,20,15,10,15,10,10
en,bjj-guard-retention-active,100,🏆 EXCELLENT,Concept_Strategy,850,6,Introduction | Core Concepts | Training Tips | Common Mistakes | Frequently Asked Questions,1,1,0,1,29,20,20,15,10,15,10,10
en,bjj-guard-retention-guide,100,🏆 EXCELLENT,Concept_Strategy,963,9,Guard Retention vs. Guard Recovery | The Frame-and-Replace Cycle | Active Frames | Hip Movement for Retention | Inverting to Recover,1,1,0,1,30,20,20,15,10,15,10,10
en,bjj-guard-setups-masterclass,100,🏆 EXCELLENT,Concept_Strategy,1069,6,Guard Setups Masterclass | Related Techniques | Common Mistakes in Guard Setups Masterclass | Training Tips for Guard Setups Masterclass | Learning Progression for Guard Setups Masterclass,1,1,0,1,15,20,20,15,10,15,10,10
en,bjj-guard-survival-guide,100,🏆 EXCELLENT,Concept_Strategy,726,6,Frame Mechanics | Hip Control | Guard Transitions | Preventing Submission Chains | Frequently Asked Questions,1,1,0,1,33,20,20,15,10,15,10,10
en,bjj-guard-types-guide,100,🏆 EXCELLENT,Equipment_Gear,1018,8,Why Your Guard Choice Matters | Fundamental Guards (Learn First) | Open Guards (Intermediate) | Advanced Guards | No-Gi Guards,1,1,0,1,33,20,20,15,10,15,10,10
en,bjj-guillotine-from-sprawl,100,🏆 EXCELLENT,Concept_Strategy,935,6,Overview | Common Mistakes in Guillotine From Sprawl | Training Tips for Guillotine From Sprawl | Learning Progression for Guillotine From Sprawl | Frequently Asked Questions,1,1,0,1,19,20,20,15,10,15,10,10
en,bjj-guillotine-guide,100,🏆 EXCELLENT,Concept_Strategy,1053,7,The Guillotine: BJJ and MMA's Most Versatile Front Choke | Guillotine Variations | High Elbow Guillotine Setup | Guillotine from Closed Guard | Guillotine Defense,1,1,0,1,21,20,20,15,10,15,10,10
en,bjj-guillotine-system-guide,100,🏆 EXCELLENT,Concept_Strategy,735,6,Key Concepts | Training Recommendations | Further Reading | Common Mistakes in Guillotine System Guide | Frequently Asked Questions,1,1,0,1,33,20,20,15,10,15,10,10
en,bjj-guillotine-system,100,🏆 EXCELLENT,Concept_Strategy,830,8,High-Arm Guillotine | Arm-In Guillotine | 10-Finger (Gator) Guillotine | Marcelotine (Marcelo Variation) | Guillotine Defense and Escapes,1,1,0,1,27,20,20,15,10,15,10,10
en,bjj-gym-culture-guide,100,🏆 EXCELLENT,Concept_Strategy,741,6,Belt System Respect | Instructor Authority | Rolling Etiquette | Community Building | Hierarchy and Progression,1,1,0,1,15,20,20,15,10,15,10,10
en,bjj-gym-etiquette,100,🏆 EXCELLENT,Equipment_Gear,1173,7,Why Etiquette Matters in BJJ | Hygiene — Non-Negotiable | Bowing and Respect | Rolling Etiquette | During Class,1,1,0,1,15,20,20,15,10,15,10,10
en,bjj-half-guard-guide,100,🏆 EXCELLENT,Concept_Strategy,1041,6,Why Half Guard is a Complete Game | Half Guard Variations | Getting the Underhook | Key Sweeps | Frequently Asked Questions,1,1,0,1,21,20,20,15,10,15,10,10
en,bjj-half-guard-mastery,100,🏆 EXCELLENT,Concept_Strategy,763,6,Key Concepts | Training Recommendations | Further Reading | Common Mistakes in Half Guard Mastery | Frequently Asked Questions,1,1,0,1,33,20,20,15,10,15,10,10
en,bjj-half-guard-passing-system,100,🏆 EXCELLENT,Concept_Strategy,998,6,Overview | Common Mistakes in Half Guard Passing System | Training Tips for Half Guard Passing System | Learning Progression for Half Guard Passing System | Frequently Asked Questions,1,1,0,1,19,20,20,15,10,15,10,10
en,bjj-half-guard-submissions,100,🏆 EXCELLENT,Equipment_Gear,858,6,Overview | Key Concepts | Tips & Strategies | Related Techniques | Common Mistakes in Half Guard Submissions,1,1,0,1,17,20,20,15,10,15,10,10
en,bjj-half-guard-system,100,🏆 EXCELLENT,Concept_Strategy,1030,7,Why Half Guard Is One of the Best Guards in BJJ | Half Guard Variants | Best Sweeps from Half Guard | Submissions from Half Guard | Passing Half Guard (Top),1,1,0,1,20,20,20,15,10,15,10,10
en,bjj-harai-goshi-bjj,100,🏆 EXCELLENT,Equipment_Gear,906,6,Overview | Key Concepts | Tips & Strategies | Common Mistakes in Harai Goshi Bjj | Training Tips for Harai Goshi Bjj,1,1,0,1,11,20,20,15,10,15,10,10
en,bjj-headlock-escapes,100,🏆 EXCELLENT,Concept_Strategy,938,7,Why Headlock Escapes Matter | Side Headlock Escape | Guillotine Defense | Arm-In Guillotine Defense | Front Headlock Defense,1,1,0,1,30,20,20,15,10,15,10,10
en,bjj-headquarters-position,100,🏆 EXCELLENT,Concept_Strategy,863,7,What is Headquarters? | Entering Headquarters | Control Principles in HQ | Submissions from Headquarters | Defending from Headquarters,1,1,0,1,21,20,20,15,10,15,10,10
en,bjj-heel-hook-finish-details,100,🏆 EXCELLENT,Concept_Strategy,1016,6,Overview | Related Techniques | Training Recommendations | Common Mistakes in Heel Hook Finish Details | Training Tips for Heel Hook Finish Details,1,1,0,1,27,20,20,15,10,15,10,10
en,bjj-heel-hook-from-top,100,🏆 EXCELLENT,Concept_Strategy,894,6,Introduction | Core Concepts | Training Tips | Common Mistakes | Frequently Asked Questions,1,1,0,1,29,20,20,15,10,15,10,10
en,bjj-helio-gracie-techniques,100,🏆 EXCELLENT,Concept_Strategy,973,6,Leverage Philosophy | Mount Position Dominance | Leg Lock Evolution | Legacy Impact | Common Mistakes in Helio Gracie Techniques,1,1,0,1,27,20,20,15,10,15,10,10
en,bjj-high-crotch-takedown,100,🏆 EXCELLENT,Concept_Strategy,859,7,High Crotch vs Double Leg | Establishing High Crotch | Lifting Mechanics | Finishing Options | High Crotch Defense,1,1,0,1,21,20,20,15,10,15,10,10
en,bjj-high-crotch-technique,100,🏆 EXCELLENT,Concept_Strategy,965,6,The High Crotch Position | Setting Up the High Crotch | Positioning for the Finish | Common Finishes | Defense Considerations,1,1,0,1,15,20,20,15,10,15,10,10
en,bjj-high-percentage-attacks,100,🏆 EXCELLENT,Concept_Strategy,808,7,Why High Percentage Matters | Rear Naked Choke (RNC) | Armbar | Triangle Choke | Guillotine Choke,1,1,0,1,21,20,20,15,10,15,10,10
en,bjj-hip-bump-sweep-details,100,🏆 EXCELLENT,Concept_Strategy,719,6,Fundamental Principles | Technique Variations | Training Methods | Common Mistakes | Frequently Asked Questions,1,1,0,1,33,20,20,15,10,15,10,10
en,bjj-hip-bump-sweep-guide,100,🏆 EXCELLENT,Concept_Strategy,901,8,What Is the Hip Bump Sweep? | Entry and Mechanics | Timing the Hip Bump | Follow-Up Attacks | Hip Bump Sweep Combinations,1,1,0,1,27,20,20,15,10,15,10,10
en,bjj-hip-control-passing,100,🏆 EXCELLENT,Concept_Strategy,843,6,Introduction | Core Concepts | Training Tips | Common Mistakes | Frequently Asked Questions,1,1,0,1,29,20,20,15,10,15,10,10
en,bjj-hip-escape-concepts,100,🏆 EXCELLENT,Concept_Strategy,872,6,Hip Escapes: The Foundation of BJJ Defense | Core Hip Escape Movements | Framing: Create Space Before Escaping | The Elbow-Knee Connection | Frequently Asked Questions,1,1,0,1,21,20,20,15,10,15,10,10
en,bjj-hip-escape-mechanics,100,🏆 EXCELLENT,Concept_Strategy,892,6,The Basic Hip Escape Movement | Hip Escape Variations | Common Mistakes | Training the Hip Escape | Frequently Asked Questions,1,1,0,1,33,20,20,15,10,15,10,10
en,bjj-hip-escape-system,100,🏆 EXCELLENT,Concept_Strategy,938,6,What Is a Hip Escape? | Basic Shrimp Mechanics | The Three Shrimp Variations | Applying Shrimps in Live Rolling | Frequently Asked Questions,1,1,0,1,21,20,20,15,10,15,10,10
en,bjj-hip-movement-defense,100,🏆 EXCELLENT,Concept_Strategy,841,6,Introduction | Core Concepts | Training Tips | Common Mistakes | Frequently Asked Questions,1,1,0,1,29,20,20,15,10,15,10,10
en,bjj-hip-switch-passing,100,🏆 EXCELLENT,Concept_Strategy,843,6,Introduction | Core Concepts | Training Tips | Common Mistakes | Frequently Asked Questions,1,1,0,1,29,20,20,15,10,15,10,10
en,bjj-hip-thrust-guard,100,🏆 EXCELLENT,Equipment_Gear,859,6,Overview | Key Concepts | Tips & Strategies | Related Techniques | Common Mistakes in Hip Thrust Guard,1,1,0,1,17,20,20,15,10,15,10,10
en,bjj-history-origins,100,🏆 EXCELLENT,Equipment_Gear,790,6,Maeda and Early Adoption | Gracie Era | Key Points | Frequently Asked Questions | Common Mistakes in History Origins,1,1,0,1,15,20,20,15,10,15,10,10
en,bjj-history,100,🏆 EXCELLENT,Equipment_Gear,892,6,Judo Origins (1882–1914) | The Gracie Family (1914–1950) | Challenge Matches & Gracie Jiu-Jitsu (1950–1993) | UFC and the World Stage (1993–2000) | Sport BJJ Emerges (2000–present),1,1,0,1,16,20,20,15,10,15,10,10
en,bjj-hitchhiker-escape-guide,100,🏆 EXCELLENT,Concept_Strategy,950,6,Overview | Common Mistakes in Hitchhiker Escape Guide | Training Tips for Hitchhiker Escape Guide | Learning Progression for Hitchhiker Escape Guide | Frequently Asked Questions,1,1,0,1,20,20,20,15,10,15,10,10
en,bjj-hooks-in-back-control,100,🏆 EXCELLENT,Concept_Strategy,1067,6,Overview | Common Mistakes in Hooks In Back Control | Training Tips for Hooks In Back Control | Learning Progression for Hooks In Back Control | Frequently Asked Questions,1,1,0,1,29,20,20,15,10,15,10,10
en,bjj-hygiene-guide,100,🏆 EXCELLENT,Equipment_Gear,1006,6,Why Hygiene Matters in BJJ | The BJJ Hygiene Checklist | Recognizing Common Mat Infections | Your Responsibility to Training Partners | Frequently Asked Questions,1,1,0,1,15,20,20,15,10,15,10,10
en,bjj-ibjjf-rules-complete-guide,100,🏆 EXCELLENT,Concept_Strategy,679,6,Points System Overview | Advantages & How They Work | Penalties and Disqualifications | Illegal Techniques by Belt Level | Time Limits & Overtime Rules,1,1,0,1,12,20,20,15,10,15,10,10
en,bjj-ibjjf-scoring-guide,100,🏆 EXCELLENT,Rule,908,6,Introduction | Core Concepts | Training Tips | Common Mistakes | Common Mistakes in Ibjjf Scoring Guide,1,1,0,1,23,20,20,15,10,15,10,10
en,bjj-imanari-roll-guide,100,🏆 EXCELLENT,Concept_Strategy,967,6,Overview | Related Techniques | Training Recommendations | Common Mistakes in Imanari Roll Guide | Training Tips for Imanari Roll Guide,1,1,0,1,27,20,20,15,10,15,10,10
en,bjj-injury-from-submissions,100,🏆 EXCELLENT,Concept_Strategy,837,6,Introduction | Core Concepts | Training Tips | Common Mistakes | Frequently Asked Questions,1,1,0,1,29,20,20,15,10,15,10,10
en,bjj-injury-prevention-training,100,🏆 EXCELLENT,Concept_Strategy,788,6,Key Concepts | Technical Breakdown | Practical Application | Training Tips | Common Mistakes in Injury Prevention Training,1,1,0,1,7,20,20,15,10,15,10,10
en,bjj-inside-heel-hook-guide,100,🏆 EXCELLENT,Concept_Strategy,747,6,Fundamental Principles | Technique Variations | Training Methods | Common Mistakes | Frequently Asked Questions,1,1,0,1,33,20,20,15,10,15,10,10
en,bjj-inside-heel-hook-system,100,🏆 EXCELLENT,Concept_Strategy,772,6,Key Concepts | Technical Breakdown | Practical Application | Training Tips | Related Techniques,1,1,0,1,13,20,20,15,10,15,10,10
en,bjj-inside-position-guide,100,🏆 EXCELLENT,Concept_Strategy,968,6,Overview | Common Mistakes in Inside Position Guide | Training Tips for Inside Position Guide | Learning Progression for Inside Position Guide | Frequently Asked Questions,1,1,0,1,24,20,20,15,10,15,10,10
en,bjj-intermediate-game-plan,100,🏆 EXCELLENT,Concept_Strategy,907,6,Introduction | Core Concepts | Training Tips | Common Mistakes | Common Mistakes in Intermediate Game Plan,1,1,0,1,23,20,20,15,10,15,10,10
en,bjj-inversion-guide-bjj,100,🏆 EXCELLENT,Concept_Strategy,967,6,Overview | Related Techniques | Training Recommendations | Common Mistakes in Inversion Guide Bjj | Training Tips for Inversion Guide Bjj,1,1,0,1,27,20,20,15,10,15,10,10
en,bjj-inversion-mechanics-guide,100,🏆 EXCELLENT,Concept_Strategy,955,6,Inversion Fundamentals | Leg Lock Inversions | Upper Body Inversions | Inversion Safety Protocols | Inversion Application in Competition,1,1,0,1,27,20,20,15,10,15,10,10
en,bjj-inverted-guard-bjj,100,🏆 EXCELLENT,Concept_Strategy,849,6,Introduction | Core Concepts | Training Tips | Common Mistakes | Frequently Asked Questions,1,1,0,1,29,20,20,15,10,15,10,10
en,bjj-inverted-guard-guide,100,🏆 EXCELLENT,Concept_Strategy,713,6,Fundamental Principles | Technique Variations | Training Methods | Common Mistakes | Frequently Asked Questions,1,1,0,1,33,20,20,15,10,15,10,10
en,bjj-john-danaher-system,100,🏆 EXCELLENT,Concept_Strategy,762,6,Introduction | Key Techniques | Training Tips | Common Mistakes | Common Mistakes in John Danaher System,1,1,0,1,7,20,20,15,10,15,10,10
en,bjj-judo-throws-for-bjj,100,🏆 EXCELLENT,Concept_Strategy,791,6,Introduction | Key Techniques | Training Tips | Common Mistakes | Common Mistakes in Judo Throws For Bjj,1,1,0,1,7,20,20,15,10,15,10,10
en,bjj-jumping-guard-bjj,100,🏆 EXCELLENT,Concept_Strategy,994,6,Overview | Related Techniques | Training Recommendations | Common Mistakes in Jumping Guard Bjj | Training Tips for Jumping Guard Bjj,1,1,0,1,27,20,20,15,10,15,10,10
en,bjj-k-guard-guide,100,🏆 EXCELLENT,Concept_Strategy,763,8,What Is the K-Guard? | K-Guard vs. Ashi Garami | Entries to K-Guard | Attacks from K-Guard | K-Guard in Competition,1,1,0,1,27,20,20,15,10,15,10,10
en,bjj-k-guard-system,100,🏆 EXCELLENT,Concept_Strategy,846,6,Introduction | Core Concepts | Training Tips | Common Mistakes | Frequently Asked Questions,1,1,0,1,29,20,20,15,10,15,10,10
en,bjj-kids-competition-guide,100,🏆 EXCELLENT,Concept_Strategy,806,6,Key Concepts | Training Recommendations | Further Reading | Common Mistakes in Kids Competition Guide | Training Tips for Kids Competition Guide,1,1,0,1,27,20,20,15,10,15,10,10
en,bjj-kimura-from-guard,100,🏆 EXCELLENT,Concept_Strategy,976,6,Overview | Common Mistakes in Kimura From Guard | Training Tips for Kimura From Guard | Learning Progression for Kimura From Guard | Frequently Asked Questions,1,1,0,1,19,20,20,15,10,15,10,10
en,bjj-kimura-guide,100,🏆 EXCELLENT,Concept_Strategy,1031,6,The Kimura: A Submission and a Control System | Kimura Mechanics | Kimura from Closed Guard | Kimura Trap from Side Control | Frequently Asked Questions,1,1,0,1,21,20,20,15,10,15,10,10
en,bjj-kimura-trap-system,100,🏆 EXCELLENT,Concept_Strategy,841,6,Introduction | Core Concepts | Training Tips | Common Mistakes | Frequently Asked Questions,1,1,0,1,29,20,20,15,10,15,10,10
en,bjj-knee-bar-guide,100,🏆 EXCELLENT,Concept_Strategy,807,6,Fundamental Principles | Technique Variations | Training Methods | Common Mistakes | Common Mistakes in Knee Bar Guide,1,1,0,1,27,20,20,15,10,15,10,10
en,bjj-knee-cut-details,100,🏆 EXCELLENT,Concept_Strategy,785,6,Fundamental Principles | Technique Variations | Training Methods | Common Mistakes | Common Mistakes in Knee Cut Details,1,1,0,1,27,20,20,15,10,15,10,10
en,bjj-knee-cut-pass-guide,100,🏆 EXCELLENT,Equipment_Gear,844,6,Overview | Key Concepts | Tips & Strategies | Related Techniques | Common Mistakes in Knee Cut Pass Guide,1,1,0,1,17,20,20,15,10,15,10,10
en,bjj-knee-injury-prevention,100,🏆 EXCELLENT,Athlete_Bio,674,6,Common BJJ Knee Injuries | ACL Protection Strategies | Safe Leg Lock Training | Knee Strengthening Exercises | Return to Training After Knee Injury,1,1,0,1,12,20,20,15,10,15,10,10
en,bjj-knee-on-belly-advanced,100,🏆 EXCELLENT,Concept_Strategy,1019,6,Establishing and Maximizing KOB Pressure | Baseball Bat Choke from KOB | Armbar and Triangle from KOB | KOB Transition System | Common Mistakes in Knee On Belly Advanced,1,1,0,1,10,20,20,15,10,15,10,10
en,bjj-knee-on-belly-attacks,100,🏆 EXCELLENT,Equipment_Gear,921,6,Overview | Key Concepts | Tips & Strategies | Common Mistakes in Knee On Belly Attacks | Training Tips for Knee On Belly Attacks,1,1,0,1,11,20,20,15,10,15,10,10
en,bjj-knee-on-belly-guide,100,🏆 EXCELLENT,Rule,800,7,Knee-on-Belly Mechanics | Scoring with Knee-on-Belly | Attacks from Knee-on-Belly | Defending Escapes from Knee-on-Belly | Knee-on-Belly Transitions,1,1,0,1,21,20,20,15,10,15,10,10
en,bjj-knee-on-belly-system,100,🏆 EXCELLENT,Concept_Strategy,808,6,Key Concepts | Technical Breakdown | Practical Application | Training Tips | Common Mistakes in Knee On Belly System,1,1,0,1,7,20,20,15,10,15,10,10
en,bjj-knee-on-belly-transitions,100,🏆 EXCELLENT,Equipment_Gear,922,6,Overview | Key Concepts | Tips & Strategies | Common Mistakes in Knee On Belly Transitions | Training Tips for Knee On Belly Transitions,1,1,0,1,11,20,20,15,10,15,10,10
en,bjj-knee-on-belly,100,🏆 EXCELLENT,Concept_Strategy,902,6,Knee-on-Belly Mechanics | Submissions from KOB | KOB Transitions | Frequently Asked Questions | Common Mistakes in Knee On Belly,1,1,0,1,15,20,20,15,10,15,10,10
en,bjj-knee-on-neck-passing,100,🏆 EXCELLENT,Concept_Strategy,855,6,Introduction | Core Concepts | Training Tips | Common Mistakes | Frequently Asked Questions,1,1,0,1,29,20,20,15,10,15,10,10
en,bjj-knee-pick-guide,100,🏆 EXCELLENT,Concept_Strategy,774,6,Fundamental Principles | Technique Variations | Training Methods | Common Mistakes | Common Mistakes in Knee Pick Guide,1,1,0,1,27,20,20,15,10,15,10,10
en,bjj-knee-reap-from-top,100,🏆 EXCELLENT,Concept_Strategy,951,6,Introduction | Core Concepts | Training Tips | Common Mistakes | Common Mistakes in Knee Reap From Top,1,1,0,1,23,20,20,15,10,15,10,10
en,bjj-knee-slice-pass-system,100,🏆 EXCELLENT,Concept_Strategy,736,6,Key Concepts | Technical Breakdown | Practical Application | Training Tips | Related Techniques,1,1,0,1,13,20,20,15,10,15,10,10
en,bjj-knee-slide-pass-guide,100,🏆 EXCELLENT,Concept_Strategy,954,6,Overview | Common Mistakes in Knee Slide Pass Guide | Training Tips for Knee Slide Pass Guide | Learning Progression for Knee Slide Pass Guide | Frequently Asked Questions,1,1,0,1,19,20,20,15,10,15,10,10
en,bjj-kneebar-finish-guide,100,🏆 EXCELLENT,Concept_Strategy,998,6,Overview | Related Techniques | Training Recommendations | Common Mistakes in Kneebar Finish Guide | Training Tips for Kneebar Finish Guide,1,1,0,1,27,20,20,15,10,15,10,10
en,bjj-kneebar-guide,100,🏆 EXCELLENT,Concept_Strategy,939,7,Kneebar Mechanics | Grip Setup | Primary Entries | Common Mistakes | Defense,1,1,0,1,20,20,20,15,10,15,10,10
en,bjj-kneebar-system,100,🏆 EXCELLENT,Concept_Strategy,734,6,Key Concepts | Technical Breakdown | Practical Application | Training Tips | Related Techniques,1,1,0,1,12,20,20,15,10,15,10,10
en,bjj-kouchi-gari-bjj,100,🏆 EXCELLENT,Equipment_Gear,909,6,Overview | Key Concepts | Tips & Strategies | Common Mistakes in Kouchi Gari Bjj | Training Tips for Kouchi Gari Bjj,1,1,0,1,11,20,20,15,10,15,10,10
en,bjj-lapel-guard-guide,100,🏆 EXCELLENT,Concept_Strategy,763,6,Key Concepts | Training Recommendations | Further Reading | Common Mistakes in Lapel Guard Guide | Frequently Asked Questions,1,1,0,1,33,20,20,15,10,15,10,10
en,bjj-lapel-guard-system,100,🏆 EXCELLENT,Concept_Strategy,1084,6,Overview | Common Mistakes in Lapel Guard System | Training Tips for Lapel Guard System | Learning Progression for Lapel Guard System | Frequently Asked Questions,1,1,0,1,29,20,20,15,10,15,10,10
en,bjj-lasso-guard,100,🏆 EXCELLENT,Concept_Strategy,911,6,Lasso Guard Setup | Core Lasso Attacks | Lasso Guard Passing | Frequently Asked Questions | Related Techniques,1,1,0,1,21,20,20,15,10,15,10,10
en,bjj-learning-bjj-faster,100,🏆 EXCELLENT,Equipment_Gear,890,6,Overview | Key Concepts | Tips & Strategies | Common Mistakes in Learning Faster | Training Tips for Learning Faster,1,1,0,1,11,20,20,15,10,15,10,10
en,bjj-learning-styles-bjj,100,🏆 EXCELLENT,Concept_Strategy,771,6,Fundamental Principles | Technique Variations | Training Methods | Common Mistakes | Common Mistakes in Learning Styles Bjj,1,1,0,1,27,20,20,15,10,15,10,10
en,bjj-leg-drag-passing,100,🏆 EXCELLENT,Concept_Strategy,1116,6,What is the Leg Drag Pass? | Leg Drag Variations | Common Mistakes in Leg Drag Passing | Training Tips for Leg Drag Passing | Frequently Asked Questions,1,1,0,1,29,20,20,15,10,15,10,10
en,bjj-leg-drag-to-heel-hook,100,🏆 EXCELLENT,Concept_Strategy,906,6,Introduction | Core Concepts | Training Tips | Common Mistakes | Frequently Asked Questions,1,1,0,1,29,20,20,15,10,15,10,10
en,bjj-leg-entanglement-fundamentals,100,🏆 EXCELLENT,Concept_Strategy,782,6,What Are Leg Entanglements? | Core Leg Entanglement Positions | Leg Lock Safety Hierarchy | Escaping Leg Entanglements | Frequently Asked Questions,1,1,0,1,21,20,20,15,10,15,10,10
en,bjj-leg-lock-chain-attacks,100,🏆 EXCELLENT,Concept_Strategy,785,6,Key Concepts | Training Recommendations | Further Reading | Common Mistakes in Leg Lock Chain Attacks | Frequently Asked Questions,1,1,0,1,33,20,20,15,10,15,10,10
en,bjj-leg-lock-chains,100,🏆 EXCELLENT,Concept_Strategy,1003,6,Overview | Related Techniques | Training Recommendations | Common Mistakes in Leg Lock Chains | Training Tips for Leg Lock Chains,1,1,0,1,27,20,20,15,10,15,10,10
en,bjj-leg-lock-concepts,100,🏆 EXCELLENT,Concept_Strategy,1097,6,The Leg Lock Hierarchy | Leg Entanglement Positions | Straight Ankle Lock Mechanics | Defending Leg Locks | Related Techniques,1,1,0,1,22,20,20,15,10,15,10,10
en,bjj-leg-lock-defense-system,100,🏆 EXCELLENT,Concept_Strategy,1002,6,Overview | Common Mistakes in Leg Lock Defense System | Training Tips for Leg Lock Defense System | Learning Progression for Leg Lock Defense System | Frequently Asked Questions,1,1,0,1,20,20,20,15,10,15,10,10
en,bjj-leg-lock-defense,100,🏆 EXCELLENT,Concept_Strategy,994,6,Why Leg Lock Defense is Essential | The Danger Zones: Know When to Tap | Escaping Ashi Garami | Preventing Leg Lock Exposure | Frequently Asked Questions,1,1,0,1,21,20,20,15,10,15,10,10
en,bjj-leg-lock-fundamentals,100,🏆 EXCELLENT,Concept_Strategy,894,6,Leg Locks: The Lower Body Submission System | Leg Lock Hierarchy by Risk | Ashi Garami: The Foundation | Straight Ankle Lock Mechanics | Frequently Asked Questions,1,1,0,1,21,20,20,15,10,15,10,10
en,bjj-leg-lock-system,100,🏆 EXCELLENT,Concept_Strategy,1331,8,The Leg Lock Revolution | The Leg Lock Hierarchy | Primary Entry Positions | Finishing Heel Hooks | Leg Lock Defense,1,1,0,1,23,20,20,15,10,15,10,10
en,bjj-leg-weave-pass,100,🏆 EXCELLENT,Concept_Strategy,837,6,Introduction | Core Concepts | Training Tips | Common Mistakes | Frequently Asked Questions,1,1,0,1,29,20,20,15,10,15,10,10
en,bjj-level-change-guide,100,🏆 EXCELLENT,Concept_Strategy,769,6,Fundamental Principles | Technique Variations | Training Methods | Common Mistakes | Common Mistakes in Level Change Guide,1,1,0,1,27,20,20,15,10,15,10,10
en,bjj-lineage-affiliation,100,🏆 EXCELLENT,Concept_Strategy,777,6,Key Concepts | Technical Breakdown | Practical Application | Training Tips | Common Mistakes in Lineage Affiliation,1,1,0,1,7,20,20,15,10,15,10,10
en,bjj-lineage-guide,100,🏆 EXCELLENT,Concept_Strategy,846,6,Major BJJ Lineages | Gracie Family Tree (Simplified) | FAQ | Common Mistakes in Lineage Guide | Training Tips for Lineage Guide,1,1,0,1,16,20,20,15,10,15,10,10
en,bjj-live-rolling-progression,100,🏆 EXCELLENT,Concept_Strategy,806,6,Key Concepts | Training Recommendations | Further Reading | Common Mistakes in Live Rolling Progression | Training Tips for Live Rolling Progression,1,1,0,1,27,20,20,15,10,15,10,10
en,bjj-lockdown-guard-guide,100,🏆 EXCELLENT,Concept_Strategy,711,6,Fundamental Principles | Technique Variations | Training Methods | Common Mistakes | Frequently Asked Questions,1,1,0,1,33,20,20,15,10,15,10,10
en,bjj-lockdown-guide,100,🏆 EXCELLENT,Equipment_Gear,734,8,What Is the Lockdown? | How to Lock the Lockdown | Sweep Attacks from Lockdown | Lockdown Defensive Role | Lockdown in Modern No-Gi,1,1,0,1,27,20,20,15,10,15,10,10
en,bjj-lockdown-half-guard,100,🏆 EXCELLENT,Equipment_Gear,866,6,Overview | Key Concepts | Tips & Strategies | Related Techniques | Common Mistakes in Lockdown Half Guard,1,1,0,1,17,20,20,15,10,15,10,10
en,bjj-lockdown-system-guide,100,🏆 EXCELLENT,Equipment_Gear,831,6,Overview | Key Concepts | Tips & Strategies | Related Techniques | Common Mistakes in Lockdown System Guide,1,1,0,1,17,20,20,15,10,15,10,10
en,bjj-log-splitter-pass,100,🏆 EXCELLENT,Concept_Strategy,932,6,Overview | Common Mistakes in Log Splitter Pass | Training Tips for Log Splitter Pass | Learning Progression for Log Splitter Pass | Frequently Asked Questions,1,1,0,1,19,20,20,15,10,15,10,10
en,bjj-long-game-bjj,100,🏆 EXCELLENT,Equipment_Gear,903,6,Overview | Key Concepts | Tips & Strategies | Common Mistakes in Long Game Bjj | Training Tips for Long Game Bjj,1,1,0,1,11,20,20,15,10,15,10,10
en,bjj-long-game-development,100,🏆 EXCELLENT,Concept_Strategy,792,6,Key Concepts | Technical Breakdown | Practical Application | Training Tips | Common Mistakes in Long Game Development,1,1,0,1,7,20,20,15,10,15,10,10
en,bjj-long-step-pass-guide,100,🏆 EXCELLENT,Concept_Strategy,717,6,Fundamental Principles | Technique Variations | Training Methods | Common Mistakes | Frequently Asked Questions,1,1,0,1,33,20,20,15,10,15,10,10
en,bjj-long-step-pass,100,🏆 EXCELLENT,Concept_Strategy,876,7,Core Concept | Initiating Long Step | Step Mechanics | Controlling Distance | Common Finishes,1,1,0,1,21,20,20,15,10,15,10,10
en,bjj-longevity-guide,100,🏆 EXCELLENT,Concept_Strategy,754,6,Introduction | Key Techniques | Training Tips | Common Mistakes | Common Mistakes in Longevity Guide,1,1,0,1,7,20,20,15,10,15,10,10
en,bjj-marcelo-garcia-system-guide,100,🏆 EXCELLENT,Concept_Strategy,775,6,Guard Hierarchy in the Garcia System | Aggressive Passing Strategy | High-Pressure Top Game | Footlock Integration in Guard | Training Emphasis,1,1,0,1,27,20,20,15,10,15,10,10
en,bjj-marcelo-garcia-system,100,🏆 EXCELLENT,Concept_Strategy,762,6,Introduction | Key Techniques | Training Tips | Common Mistakes | Common Mistakes in Marcelo Garcia System,1,1,0,1,7,20,20,15,10,15,10,10
en,bjj-masters-competition-guide,100,🏆 EXCELLENT,Concept_Strategy,806,6,Key Concepts | Training Recommendations | Further Reading | Common Mistakes in Masters Competition Guide | Training Tips for Masters Competition Guide,1,1,0,1,27,20,20,15,10,15,10,10
en,bjj-mat-hygiene-guide,100,🏆 EXCELLENT,Concept_Strategy,741,6,Pre-Roll Preparation | Ringworm Prevention | Post-Training Care | Skin Conditions | Gym Responsibility,1,1,0,1,15,20,20,15,10,15,10,10
en,bjj-mat-time-importance,100,🏆 EXCELLENT,Concept_Strategy,911,6,Introduction | Core Concepts | Training Tips | Common Mistakes | Common Mistakes in Mat Time Importance,1,1,0,1,23,20,20,15,10,15,10,10
en,bjj-mata-leao-guide,100,🏆 EXCELLENT,Concept_Strategy,971,6,Overview | Related Techniques | Training Recommendations | Common Mistakes in Mata Leao Guide | Training Tips for Mata Leao Guide,1,1,0,1,27,20,20,15,10,15,10,10
en,bjj-match-review-guide,100,🏆 EXCELLENT,Equipment_Gear,771,6,Fundamental Principles | Technique Variations | Training Methods | Common Mistakes | Common Mistakes in Match Review Guide,1,1,0,1,27,20,20,15,10,15,10,10
en,bjj-match-visualization,100,🏆 EXCELLENT,Concept_Strategy,763,6,Key Concepts | Technical Breakdown | Practical Application | Training Tips | Common Mistakes in Match Visualization,1,1,0,1,7,20,20,15,10,15,10,10
en,bjj-mental-preparation,100,🏆 EXCELLENT,Equipment_Gear,979,6,Visualization: The Mental Mat | Managing Pre-Competition Anxiety | Process vs. Outcome Focus | Post-Match Analysis Without Self-Criticism | Building Mental Toughness in Training,1,1,0,1,16,20,20,15,10,15,10,10
en,bjj-metatechniques-guide,100,🏆 EXCELLENT,Concept_Strategy,756,6,Fundamental Principles | Technique Variations | Training Methods | Common Mistakes | Common Mistakes in Metatechniques Guide,1,1,0,1,27,20,20,15,10,15,10,10
en,bjj-mindset-for-beginners,100,🏆 EXCELLENT,Equipment_Gear,980,6,BJJ is a Long Game | The Beginner Trap: Ego vs. Learning | How to Track Progress as a Beginner | Managing Frustration | Frequently Asked Questions,1,1,0,1,15,20,20,15,10,15,10,10
en,bjj-mission-control-guide,100,🏆 EXCELLENT,Concept_Strategy,963,6,Overview | Common Mistakes in Mission Control Guide | Training Tips for Mission Control Guide | Learning Progression for Mission Control Guide | Frequently Asked Questions,1,1,0,1,21,20,20,15,10,15,10,10
en,bjj-mma-crossover,100,🏆 EXCELLENT,Concept_Strategy,751,6,Introduction | Key Techniques | Training Tips | Common Mistakes | Common Mistakes in Mma Crossover,1,1,0,1,7,20,20,15,10,15,10,10
en,bjj-modified-x-guard-variations,100,🏆 EXCELLENT,Concept_Strategy,790,6,Understanding Modified X-Guard | Leg Lock Entry X-Guard | Deep X-Guard | Foot Lock X-Guard | Frequently Asked Questions,1,1,0,1,15,20,20,15,10,15,10,10
en,bjj-mount-attack-system,100,🏆 EXCELLENT,Concept_Strategy,839,6,Mount Attack Fundamentals | Submission Chains from Mount | Positional Transitions | Related Attack Systems | Frequently Asked Questions,1,1,0,1,24,20,20,15,10,15,10,10
en,bjj-mount-attacks,100,🏆 EXCELLENT,Rule,1007,7,Mount: The Highest Scoring and Most Threatening Position | Cross Collar Choke from Mount | Arm Triangle from Mount (Head and Arm Choke) | Ezekiel Choke from Mount | Armbar from Mount,1,1,0,1,21,20,20,15,10,15,10,10
en,bjj-mount-control-concepts,100,🏆 EXCELLENT,Concept_Strategy,903,6,Mount: The Second Most Dominant Position | Mount Variations | Mount Retention Principles | Transitioning to Back from Mount | Frequently Asked Questions,1,1,0,1,21,20,20,15,10,15,10,10
en,bjj-mount-control-guide,100,🏆 EXCELLENT,Concept_Strategy,757,6,Key Concepts | Training Recommendations | Further Reading | Common Mistakes in Mount Control Guide | Frequently Asked Questions,1,1,0,1,33,20,20,15,10,15,10,10
en,bjj-mount-control,100,🏆 EXCELLENT,Concept_Strategy,1038,7,Why Mount Is the Most Dominant Top Position | Mount Levels | Maintaining Mount: The 3 Keys | Submissions from Mount | Transitions from Mount,1,1,0,1,20,20,20,15,10,15,10,10
en,bjj-mount-escape-elbow-knee,100,🏆 EXCELLENT,Concept_Strategy,991,6,Overview | Related Techniques | Training Recommendations | Common Mistakes in Mount Escape Elbow Knee | Training Tips for Mount Escape Elbow Knee,1,1,0,1,27,20,20,15,10,15,10,10
en,bjj-mount-escapes-guide,100,🏆 EXCELLENT,Concept_Strategy,813,8,Why Mount Is Dangerous | Upa (Bridge and Roll) Escape | Elbow-Knee Escape (Shrimping) | Trap and Roll Variations | Early Mount Prevention,1,1,0,1,27,20,20,15,10,15,10,10
en,bjj-mount-escapes,100,🏆 EXCELLENT,Concept_Strategy,873,6,Why Mount Escapes Are Critical | Bridge and Roll (Upa) | Elbow-Knee Escape (Shrimp Escape) | Mount Escape Decision Tree | Frequently Asked Questions,1,1,0,1,21,20,20,15,10,15,10,10
en,bjj-mount-mastery-guide,100,🏆 EXCELLENT,Concept_Strategy,751,6,Mount Control Principles | Submissions from Mount | Mount Escapes (For Defense) | Pressure Maintenance | Frequently Asked Questions,1,1,0,1,33,20,20,15,10,15,10,10
en,bjj-mount-submissions-guide,100,🏆 EXCELLENT,Concept_Strategy,865,8,High Mount vs. Low Mount Attacks | Armbar from Mount | Cross Collar Choke from Mount | Ezekiel Choke from Mount | Head-and-Arm Triangle from Mount,1,1,0,1,27,20,20,15,10,15,10,10
en,bjj-mount-submissions,100,🏆 EXCELLENT,Concept_Strategy,1086,6,Why Mount is Perfect for Submissions | Americana and Keylock from Mount | Chestband Choke | Common Mistakes in Mount Submissions | Frequently Asked Questions,1,1,0,1,29,20,20,15,10,15,10,10
en,bjj-mount-system,100,🏆 EXCELLENT,Concept_Strategy,1122,6,What is the Mount Position? | Mount Position Transitions | Attacks from Mount | Common Mistakes in Mount System | Frequently Asked Questions,1,1,0,1,32,20,20,15,10,15,10,10
en,bjj-naga-rules-guide,100,🏆 EXCELLENT,Concept_Strategy,903,6,Introduction | Core Concepts | Training Tips | Common Mistakes | Common Mistakes in Naga Rules Guide,1,1,0,1,23,20,20,15,10,15,10,10
en,bjj-neck-spine-injury-guide,100,🏆 EXCELLENT,Conditioning_Nutrition,734,7,Cervical Spine Risks in BJJ | Safe Choke Defense Practices | Lumbar Health for Guard Work | Neck Strengthening Program | Posture & Alignment Training,1,1,0,1,15,20,20,15,10,15,10,10
en,bjj-never-stop-learning-bjj,100,🏆 EXCELLENT,Concept_Strategy,921,6,Introduction | Core Concepts | Training Tips | Common Mistakes | Common Mistakes in Never Stop Learning Bjj,1,1,0,1,23,20,20,15,10,15,10,10
en,bjj-new-york-guard,100,🏆 EXCELLENT,Equipment_Gear,859,6,Overview | Key Concepts | Tips & Strategies | Related Techniques | Common Mistakes in New York Guard,1,1,0,1,17,20,20,15,10,15,10,10
en,bjj-no-gi-back-attacks,100,🏆 EXCELLENT,Equipment_Gear,751,6,Key Concepts | Training Recommendations | Further Reading | Common Mistakes in No Gi Back Attacks | Frequently Asked Questions,1,1,0,1,33,20,20,15,10,15,10,10
en,bjj-no-gi-grip-fighting,100,🏆 EXCELLENT,Equipment_Gear,917,6,Overview | Key Concepts | Tips & Strategies | Common Mistakes in No Gi Grip Fighting | Training Tips for No Gi Grip Fighting,1,1,0,1,11,20,20,15,10,15,10,10
en,bjj-no-gi-guard-game,100,🏆 EXCELLENT,Equipment_Gear,770,6,Key Concepts | Training Recommendations | Further Reading | Common Mistakes in No Gi Guard Game | Frequently Asked Questions,1,1,0,1,33,20,20,15,10,15,10,10
en,bjj-no-gi-guard-guide,100,🏆 EXCELLENT,Equipment_Gear,874,6,Overview | Key Concepts | Tips & Strategies | Related Techniques | Common Mistakes in No Gi Guard Guide,1,1,0,1,17,20,20,15,10,15,10,10
en,bjj-no-gi-passing-guide,100,🏆 EXCELLENT,Equipment_Gear,744,6,Key Concepts | Training Recommendations | Further Reading | Common Mistakes in No Gi Passing Guide | Frequently Asked Questions,1,1,0,1,33,20,20,15,10,15,10,10
en,bjj-no-gi-strategy-guide,100,🏆 EXCELLENT,Equipment_Gear,914,6,Overview | Key Concepts | Tips & Strategies | Common Mistakes in No Gi Strategy Guide | Training Tips for No Gi Strategy Guide,1,1,0,1,11,20,20,15,10,15,10,10
en,bjj-no-gi-submissions-guide,100,🏆 EXCELLENT,Equipment_Gear,743,6,Key Concepts | Training Recommendations | Further Reading | Common Mistakes in No Gi Submissions Guide | Frequently Asked Questions,1,1,0,1,33,20,20,15,10,15,10,10
en,bjj-no-gi-takedowns-guide,100,🏆 EXCELLENT,Equipment_Gear,754,6,Key Concepts | Training Recommendations | Further Reading | Common Mistakes in No Gi Takedowns Guide | Frequently Asked Questions,1,1,0,1,33,20,20,15,10,15,10,10
en,bjj-no-gi-wrestling,100,🏆 EXCELLENT,Equipment_Gear,793,6,Grip Fighting | Collar Tie Control | Key Techniques | Frequently Asked Questions | Common Mistakes in No Gi Wrestling,1,1,0,1,15,20,20,15,10,15,10,10
en,bjj-nogi-chokes-guide,100,🏆 EXCELLENT,Equipment_Gear,984,6,Overview | Common Mistakes in Nogi Chokes Guide | Training Tips for Nogi Chokes Guide | Learning Progression for Nogi Chokes Guide | Frequently Asked Questions,1,1,0,1,24,20,20,15,10,15,10,10
en,bjj-nogi-guard-guide,100,🏆 EXCELLENT,Equipment_Gear,1014,6,Overview | Common Mistakes in Nogi Guard Guide | Training Tips for Nogi Guard Guide | Learning Progression for Nogi Guard Guide | Frequently Asked Questions,1,1,0,1,24,20,20,15,10,15,10,10
en,bjj-nogi-guard-systems,100,🏆 EXCELLENT,Concept_Strategy,718,6,Introduction | Key Techniques | Training Tips | Common Mistakes | Related Techniques,1,1,0,1,13,20,20,15,10,15,10,10
en,bjj-nogi-leg-locks-guide,100,🏆 EXCELLENT,Equipment_Gear,1015,6,Overview | Common Mistakes in Nogi Leg Locks Guide | Training Tips for Nogi Leg Locks Guide | Learning Progression for Nogi Leg Locks Guide | Frequently Asked Questions,1,1,0,1,21,20,20,15,10,15,10,10
en,bjj-nogi-passing-guide,100,🏆 EXCELLENT,Equipment_Gear,960,6,Overview | Common Mistakes in Nogi Passing Guide | Training Tips for Nogi Passing Guide | Learning Progression for Nogi Passing Guide | Frequently Asked Questions,1,1,0,1,21,20,20,15,10,15,10,10
en,bjj-nogi-strategy,100,🏆 EXCELLENT,Equipment_Gear,901,6,No-Gi vs. Gi: Key Differences | No-Gi Grip Hierarchy | Leg Lock Game in No-Gi | Top No-Gi Techniques | Frequently Asked Questions,1,1,0,1,15,20,20,15,10,15,10,10
en,bjj-nogi-submissions,100,🏆 EXCELLENT,Concept_Strategy,680,6,Introduction | Key Techniques | Training Tips | Common Mistakes | Related Techniques,1,1,0,1,13,20,20,15,10,15,10,10
en,bjj-north-south-attacks,100,🏆 EXCELLENT,Concept_Strategy,905,7,North-South as an Attacking Position | North-South Kimura | North-South Choke | D'Arce Choke Entry from North-South | Back Take from North-South,1,1,0,1,27,20,20,15,10,15,10,10
en,bjj-north-south-position-attacks,100,🏆 EXCELLENT,Concept_Strategy,929,6,Establishing and Maintaining North-South | The Kimura from North-South | North-South Choke | Arm Attacks and Reverse Triangle | Related Techniques,1,1,0,1,16,20,20,15,10,15,10,10
en,bjj-north-south-system,100,🏆 EXCELLENT,Concept_Strategy,939,6,Getting to North-South | North-South Choke | Kimura from North-South | Transitions | Frequently Asked Questions,1,1,0,1,26,20,20,15,10,15,10,10
en,bjj-nutrition-guide,100,🏆 EXCELLENT,Conditioning_Nutrition,910,6,Macronutrient Basics for BJJ | Pre-Training Nutrition | Post-Training Recovery Nutrition | Competition-Day Nutrition | Hydration Strategy,1,1,0,1,16,20,20,15,10,15,10,10
en,bjj-off-balancing-guide,100,🏆 EXCELLENT,Concept_Strategy,902,6,Introduction | Core Concepts | Training Tips | Common Mistakes | Common Mistakes in Off Balancing Guide,1,1,0,1,23,20,20,15,10,15,10,10
en,bjj-offensive-bjj-guide,100,🏆 EXCELLENT,Conditioning_Nutrition,793,6,Offensive Mindset | Attacking From Guard | Attacking From Top | Offensive Conditioning | Common Mistakes in Offensive Guide,1,1,0,1,27,20,20,15,10,15,10,10
en,bjj-older-athlete-bjj,100,🏆 EXCELLENT,Athlete_Bio,931,7,BJJ Is a Lifetime Martial Art | Adjusting Training Frequency and Intensity | Injury Prevention Focus | Technique Over Athleticism | Longevity Strategies,1,1,0,1,30,20,20,15,10,15,10,10
en,bjj-omoplata-details,100,🏆 EXCELLENT,Concept_Strategy,761,6,Fundamental Principles | Technique Variations | Training Methods | Common Mistakes | Common Mistakes in Omoplata Details,1,1,0,1,27,20,20,15,10,15,10,10
en,bjj-omoplata-to-triangle,100,🏆 EXCELLENT,Concept_Strategy,934,6,Overview | Common Mistakes in Omoplata To Triangle | Training Tips for Omoplata To Triangle | Learning Progression for Omoplata To Triangle | Frequently Asked Questions,1,1,0,1,19,20,20,15,10,15,10,10
en,bjj-online-coaching-guide,100,🏆 EXCELLENT,Equipment_Gear,668,6,"Creating Quality Instructional Content | Platform Selection (YouTube, Instagram, Patreon) | Building an Audience | Monetization Strategies | Remote Coaching Best Practices",1,1,0,1,12,20,20,15,10,15,10,10
en,bjj-open-guard-passing,100,🏆 EXCELLENT,Concept_Strategy,950,6,Open Guard Pass Categories | Torreando Pass Step by Step | Passing Open Guard — Key Principles | Frequently Asked Questions | Related Techniques,1,1,0,1,21,20,20,15,10,15,10,10
en,bjj-open-mat,100,🏆 EXCELLENT,Concept_Strategy,993,6,What Is Open Mat? | Open Mat Etiquette | Who Should You Roll With at Open Mat? | What to Work on at Open Mat | Visiting Other Gyms' Open Mats,1,1,0,1,19,20,20,15,10,15,10,10
en,bjj-opening-gym-guide,100,🏆 EXCELLENT,Concept_Strategy,790,6,Key Concepts | Technical Breakdown | Practical Application | Training Tips | Common Mistakes in Opening Gym Guide,1,1,0,1,7,20,20,15,10,15,10,10
en,bjj-optimal-training-guide,100,🏆 EXCELLENT,Concept_Strategy,769,6,Fundamental Principles | Technique Variations | Training Methods | Common Mistakes | Common Mistakes in Optimal Training Guide,1,1,0,1,27,20,20,15,10,15,10,10
en,bjj-osoto-gari-bjj,100,🏆 EXCELLENT,Equipment_Gear,909,6,Overview | Key Concepts | Tips & Strategies | Common Mistakes in Osoto Gari Bjj | Training Tips for Osoto Gari Bjj,1,1,0,1,11,20,20,15,10,15,10,10
en,bjj-outside-ashi-garami,100,🏆 EXCELLENT,Equipment_Gear,902,6,Overview | Key Concepts | Tips & Strategies | Common Mistakes in Outside Ashi Garami | Training Tips for Outside Ashi Garami,1,1,0,1,11,20,20,15,10,15,10,10
en,bjj-outside-ashi-guide,100,🏆 EXCELLENT,Concept_Strategy,865,6,What is Outside Ashi Garami? | Positional Control Mechanics | Heel Hook Entries | Calf Slice Variations | Related Advanced Positions,1,1,0,1,18,20,20,15,10,15,10,10
en,bjj-outside-heel-hook-guide,100,🏆 EXCELLENT,Concept_Strategy,749,6,Fundamental Principles | Technique Variations | Training Methods | Common Mistakes | Frequently Asked Questions,1,1,0,1,33,20,20,15,10,15,10,10
en,bjj-outside-heel-hook-system,100,🏆 EXCELLENT,Concept_Strategy,772,6,Key Concepts | Technical Breakdown | Practical Application | Training Tips | Related Techniques,1,1,0,1,13,20,20,15,10,15,10,10
en,bjj-over-under-details,100,🏆 EXCELLENT,Concept_Strategy,776,6,Fundamental Principles | Technique Variations | Training Methods | Common Mistakes | Common Mistakes in Over Under Details,1,1,0,1,27,20,20,15,10,15,10,10
en,bjj-over-under-pass-guide,100,🏆 EXCELLENT,Equipment_Gear,834,6,Overview | Key Concepts | Tips & Strategies | Related Techniques | Common Mistakes in Over Under Pass Guide,1,1,0,1,17,20,20,15,10,15,10,10
en,bjj-over-under-pass,100,🏆 EXCELLENT,Concept_Strategy,711,6,Key Concepts | Technical Breakdown | Practical Application | Training Tips | Related Techniques,1,1,0,1,13,20,20,15,10,15,10,10
en,bjj-overhook-system-bjj,100,🏆 EXCELLENT,Concept_Strategy,902,6,Introduction | Core Concepts | Training Tips | Common Mistakes | Common Mistakes in Overhook System Bjj,1,1,0,1,23,20,20,15,10,15,10,10
en,bjj-passing-concepts-bjj,100,🏆 EXCELLENT,Concept_Strategy,840,6,Introduction | Core Concepts | Training Tips | Common Mistakes | Frequently Asked Questions,1,1,0,1,29,20,20,15,10,15,10,10
en,bjj-passing-mastery-guide,100,🏆 EXCELLENT,Concept_Strategy,747,6,Passing Fundamentals | Passing Styles | Handling Guard Variations | Post-Pass Positioning | Frequently Asked Questions,1,1,0,1,33,20,20,15,10,15,10,10
en,bjj-passing-styles-guide,100,🏆 EXCELLENT,Equipment_Gear,984,6,Why Your Passing Style Defines Your Game | The 4 Major Passing Philosophies | Passing in Gi vs. No-Gi | Building Your Passing Game | Frequently Asked Questions,1,1,0,1,26,20,20,15,10,15,10,10
en,bjj-passing-systems-complete,100,🏆 EXCELLENT,Concept_Strategy,1070,9,The Two Passing Philosophies | Passing System 1: Stack & Smash | Passing System 2: Knee Cut | Passing System 3: Toreando | Passing System 4: Leg Drag,1,1,0,1,15,20,20,15,10,15,10,10
en,bjj-pendulum-sweep-details,100,🏆 EXCELLENT,Concept_Strategy,707,6,Fundamental Principles | Technique Variations | Training Methods | Common Mistakes | Frequently Asked Questions,1,1,0,1,33,20,20,15,10,15,10,10
en,bjj-penetration-step-guide,100,🏆 EXCELLENT,Equipment_Gear,901,6,Overview | Key Concepts | Tips & Strategies | Common Mistakes in Penetration Step Guide | Training Tips for Penetration Step Guide,1,1,0,1,11,20,20,15,10,15,10,10
en,bjj-periodization-bjj,100,🏆 EXCELLENT,Athlete_Bio,954,6,Overview | Related Techniques | Training Recommendations | Common Mistakes in Periodization Bjj | Training Tips for Periodization Bjj,1,1,0,1,27,20,20,15,10,15,10,10
en,bjj-periodization-program,100,🏆 EXCELLENT,Conditioning_Nutrition,739,6,Introduction | Key Techniques | Training Tips | Common Mistakes | Common Mistakes in Periodization Program,1,1,0,1,7,20,20,15,10,15,10,10
en,bjj-physical-chess-guide,100,🏆 EXCELLENT,Concept_Strategy,769,6,Fundamental Principles | Technique Variations | Training Methods | Common Mistakes | Common Mistakes in Physical Chess Guide,1,1,0,1,27,20,20,15,10,15,10,10
en,bjj-pin-escape-fundamentals,100,🏆 EXCELLENT,Concept_Strategy,1046,6,Overview | Common Mistakes in Pin Escape Fundamentals | Training Tips for Pin Escape Fundamentals | Learning Progression for Pin Escape Fundamentals | Frequently Asked Questions,1,1,0,1,29,20,20,15,10,15,10,10
en,bjj-pins-pressure,100,🏆 EXCELLENT,Concept_Strategy,908,6,The Philosophy of Pressure BJJ | Mount Pressure | Side Control Pressure | North-South Pressure | Transitioning Between Pins,1,1,0,1,15,20,20,15,10,15,10,10
en,bjj-pistol-grip-usage,100,🏆 EXCELLENT,Concept_Strategy,960,6,What Is a Pistol Grip? | Applications in BJJ | Grip Mechanics | Safety Considerations | Common Mistakes in Pistol Grip Usage,1,1,0,1,15,20,20,15,10,15,10,10
en,bjj-pocket-grip-control,100,🏆 EXCELLENT,Concept_Strategy,923,6,What Is a Pocket Grip? | Hand Placement | Pocket Grip Applications | Grip Transitions | Frequently Asked Questions,1,1,0,1,21,20,20,15,10,15,10,10
en,bjj-points-scoring-strategy,100,🏆 EXCELLENT,Rule,806,6,Key Concepts | Training Recommendations | Further Reading | Common Mistakes in Points Scoring Strategy | Training Tips for Points Scoring Strategy,1,1,0,1,27,20,20,15,10,15,10,10
en,bjj-points-strategy,100,🏆 EXCELLENT,Rule,851,6,Understanding the IBJJF Scoring System | The 3-Point Strategy | Advantages | Time Management | Penalty Avoidance,1,1,0,1,24,20,20,15,10,15,10,10
en,bjj-position-transition-guide,100,🏆 EXCELLENT,Concept_Strategy,871,6,Understanding Positional Transitions | The Transition Principles | Guard to Mount Transition | Side Control to North-South Transitions | Frequently Asked Questions,1,1,0,1,29,20,20,15,10,15,10,10
en,bjj-positional-hierarchy,100,🏆 EXCELLENT,Concept_Strategy,922,6,Overview | Common Mistakes in Positional Hierarchy | Training Tips for Positional Hierarchy | Learning Progression for Positional Hierarchy | Frequently Asked Questions,1,1,0,1,20,20,20,15,10,15,10,10
en,bjj-positional-sparring-guide,100,🏆 EXCELLENT,Concept_Strategy,729,6,Key Concepts | Training Recommendations | Further Reading | Common Mistakes in Positional Sparring Guide | Frequently Asked Questions,1,1,0,1,33,20,20,15,10,15,10,10
en,bjj-post-competition-analysis,100,🏆 EXCELLENT,Concept_Strategy,786,6,Key Concepts | Technical Breakdown | Practical Application | Training Tips | Common Mistakes in Post Competition Analysis,1,1,0,1,7,20,20,15,10,15,10,10
en,bjj-post-match-analysis,100,🏆 EXCELLENT,Concept_Strategy,765,6,Fundamental Principles | Technique Variations | Training Methods | Common Mistakes | Common Mistakes in Post Match Analysis,1,1,0,1,27,20,20,15,10,15,10,10
en,bjj-posture-break-defense,100,🏆 EXCELLENT,Concept_Strategy,709,6,Fundamental Principles | Technique Variations | Training Methods | Common Mistakes | Frequently Asked Questions,1,1,0,1,33,20,20,15,10,15,10,10
en,bjj-posture-in-guard,100,🏆 EXCELLENT,Concept_Strategy,945,7,What Is Posture? | Why Posture Matters | Elements of Good Posture | Recovering Posture When Broken | Common Posture Mistakes,1,1,0,1,24,20,20,15,10,15,10,10
en,bjj-power-sweep-guide,100,🏆 EXCELLENT,Concept_Strategy,705,6,Fundamental Principles | Technique Variations | Training Methods | Common Mistakes | Frequently Asked Questions,1,1,0,1,33,20,20,15,10,15,10,10
en,bjj-pre-tournament-routine,100,🏆 EXCELLENT,Concept_Strategy,962,6,Overview | Related Techniques | Training Recommendations | Common Mistakes in Pre Tournament Routine | Training Tips for Pre Tournament Routine,1,1,0,1,27,20,20,15,10,15,10,10
en,bjj-pressure-fundamentals,100,🏆 EXCELLENT,Concept_Strategy,1027,6,Overview | Common Mistakes in Pressure Fundamentals | Training Tips for Pressure Fundamentals | Learning Progression for Pressure Fundamentals | Frequently Asked Questions,1,1,0,1,29,20,20,15,10,15,10,10
en,bjj-pressure-game-mastery,100,🏆 EXCELLENT,Concept_Strategy,1092,6,Fundamentals of Pressure | Side Control Pressure | Mount Pressure | Knee on Belly Pressure | Combining Pressure with Submissions,1,1,0,1,13,20,20,15,10,15,10,10
en,bjj-pressure-passing-guide,100,🏆 EXCELLENT,Concept_Strategy,1143,6,What is Pressure Passing? | Passing Different Guard Types with Pressure | Common Mistakes in Pressure Passing Guide | Training Tips for Pressure Passing Guide | Frequently Asked Questions,1,1,0,1,32,20,20,15,10,15,10,10
en,bjj-pressure-pressure-game-guide,100,🏆 EXCELLENT,Concept_Strategy,688,6,Physics of BJJ Pressure | Side Control Pressure Techniques | Mount Pressure & Control | Pressure Passing System | Submissions from Heavy Pressure,1,1,0,1,12,20,20,15,10,15,10,10
en,bjj-pressure-vs-movement,100,🏆 EXCELLENT,Concept_Strategy,774,6,Fundamental Principles | Technique Variations | Training Methods | Common Mistakes | Common Mistakes in Pressure Vs Movement,1,1,0,1,27,20,20,15,10,15,10,10
en,bjj-private-lessons,100,🏆 EXCELLENT,Concept_Strategy,1101,6,Why Private Lessons Accelerate Progress | Before the Lesson: Prepare | During the Lesson | After the Lesson: Integrate | How Often Should You Take Privates?,1,1,0,1,19,20,20,15,10,15,10,10
en,bjj-probing-attacks-bjj,100,🏆 EXCELLENT,Concept_Strategy,971,6,Overview | Related Techniques | Training Recommendations | Common Mistakes in Probing Attacks Bjj | Training Tips for Probing Attacks Bjj,1,1,0,1,27,20,20,15,10,15,10,10
en,bjj-problem-solving-bjj,100,🏆 EXCELLENT,Equipment_Gear,902,6,Overview | Key Concepts | Tips & Strategies | Common Mistakes in Problem Solving Bjj | Training Tips for Problem Solving Bjj,1,1,0,1,11,20,20,15,10,15,10,10
en,bjj-pulling-guard-guide,100,🏆 EXCELLENT,Equipment_Gear,853,6,Overview | Key Concepts | Tips & Strategies | Related Techniques | Common Mistakes in Pulling Guard Guide,1,1,0,1,17,20,20,15,10,15,10,10
en,bjj-pummeling-guide,100,🏆 EXCELLENT,Concept_Strategy,754,6,Fundamental Principles | Technique Variations | Training Methods | Common Mistakes | Common Mistakes in Pummeling Guide,1,1,0,1,27,20,20,15,10,15,10,10
en,bjj-purple-belt-guide,100,🏆 EXCELLENT,Concept_Strategy,768,6,Introduction | Key Techniques | Training Tips | Common Mistakes | Common Mistakes in Purple Belt Guide,1,1,0,1,7,20,20,15,10,15,10,10
en,bjj-purple-belt-refinement,100,🏆 EXCELLENT,Concept_Strategy,1012,6,What Changes at Purple Belt | Closing Technical Gaps | Wrestling and Takedowns | Leg Locks: Entry Point | Teaching Others,1,1,0,1,16,20,20,15,10,15,10,10
en,bjj-push-pull-guard,100,🏆 EXCELLENT,Concept_Strategy,976,6,Overview | Common Mistakes in Push Pull Guard | Training Tips for Push Pull Guard | Learning Progression for Push Pull Guard | Frequently Asked Questions,1,1,0,1,19,20,20,15,10,15,10,10
en,bjj-re-guard-techniques,100,🏆 EXCELLENT,Concept_Strategy,993,6,Overview | Related Techniques | Training Recommendations | Common Mistakes in Re Guard Techniques | Training Tips for Re Guard Techniques,1,1,0,1,27,20,20,15,10,15,10,10
en,bjj-reaction-based-bjj,100,🏆 EXCELLENT,Concept_Strategy,897,6,Reaction-Based vs. Plan-Based | Core Principles | Reading Escapes | The Reactive Mindset | Training for Reactivity,1,1,0,1,23,20,20,15,10,15,10,10
en,bjj-reactive-vs-proactive,100,🏆 EXCELLENT,Concept_Strategy,798,6,Key Concepts | Technical Breakdown | Practical Application | Training Tips | Common Mistakes in Reactive Vs Proactive,1,1,0,1,7,20,20,15,10,15,10,10
en,bjj-reaping-rules-bjj,100,🏆 EXCELLENT,Equipment_Gear,939,6,Overview | Key Concepts | Tips & Strategies | Common Mistakes in Reaping Rules Bjj | Training Tips for Reaping Rules Bjj,1,1,0,1,11,20,20,15,10,15,10,10
en,bjj-rear-naked-choke-defense,100,🏆 EXCELLENT,Concept_Strategy,954,6,Phase 1 — Prevention | Phase 2 — Breaking the Grip | Phase 3 — Back Escape | Mistakes to Avoid | Frequently Asked Questions,1,1,0,1,29,20,20,15,10,15,10,10
en,bjj-rear-naked-choke-guide,100,🏆 EXCELLENT,Concept_Strategy,985,6,Overview | Related Techniques | Training Recommendations | Common Mistakes in Rear Naked Choke Guide | Training Tips for Rear Naked Choke Guide,1,1,0,1,27,20,20,15,10,15,10,10
en,bjj-rear-naked-choke-system,100,🏆 EXCELLENT,Concept_Strategy,757,6,Key Concepts | Training Recommendations | Further Reading | Common Mistakes in Rear Naked Choke System | Frequently Asked Questions,1,1,0,1,33,20,20,15,10,15,10,10
en,bjj-recovery-methods,100,🏆 EXCELLENT,Concept_Strategy,905,6,Why Recovery is Training | Recovery Priority Ranking | Active Recovery Days | Returning from Injury | Frequently Asked Questions,1,1,0,1,15,20,20,15,10,15,10,10
en,bjj-recovery-protocols-bjj,100,🏆 EXCELLENT,Concept_Strategy,972,6,Overview | Related Techniques | Training Recommendations | Common Mistakes in Recovery Protocols Bjj | Training Tips for Recovery Protocols Bjj,1,1,0,1,27,20,20,15,10,15,10,10
en,bjj-referee-rules-guide,100,🏆 EXCELLENT,Concept_Strategy,788,6,Key Concepts | Technical Breakdown | Practical Application | Training Tips | Common Mistakes in Referee Rules Guide,1,1,0,1,7,20,20,15,10,15,10,10
en,bjj-referee-understanding,100,🏆 EXCELLENT,Concept_Strategy,762,6,Fundamental Principles | Technique Variations | Training Methods | Common Mistakes | Common Mistakes in Referee Understanding,1,1,0,1,27,20,20,15,10,15,10,10
en,bjj-resilience-bjj,100,🏆 EXCELLENT,Concept_Strategy,958,6,Overview | Related Techniques | Training Recommendations | Common Mistakes in Resilience Bjj | Training Tips for Resilience Bjj,1,1,0,1,27,20,20,15,10,15,10,10
en,bjj-reverse-kesa-gatame,100,🏆 EXCELLENT,Concept_Strategy,1132,6,Setup and Position | Attacks from Reverse Kesa | Escapes Your Opponent Will Attempt | Common Mistakes in Reverse Kesa Gatame | Training Tips for Reverse Kesa Gatame,1,1,0,1,23,20,20,15,10,15,10,10
en,bjj-reverse-mount-guide,100,🏆 EXCELLENT,Equipment_Gear,848,6,Overview | Key Concepts | Tips & Strategies | Related Techniques | Common Mistakes in Reverse Mount Guide,1,1,0,1,17,20,20,15,10,15,10,10
en,bjj-rickson-gracie-philosophy,100,🏆 EXCELLENT,Concept_Strategy,1003,6,Breathing Science | Mental Dominance | Position Mastery | Legacy and Application | Common Mistakes in Rickson Gracie Philosophy,1,1,0,1,27,20,20,15,10,15,10,10
en,bjj-rickson-gracie-system,100,🏆 EXCELLENT,Concept_Strategy,761,6,Introduction | Key Techniques | Training Tips | Common Mistakes | Common Mistakes in Rickson Gracie System,1,1,0,1,7,20,20,15,10,15,10,10
en,bjj-roger-gracie-system-guide,100,🏆 EXCELLENT,Concept_Strategy,881,6,Wrist Control Mastery | Guard Passing Methodology | Positional Dominance | Age and Experience Advantage | Common Mistakes in Roger Gracie System Guide,1,1,0,1,27,20,20,15,10,15,10,10
en,bjj-roger-gracie-system,100,🏆 EXCELLENT,Concept_Strategy,767,6,Introduction | Key Techniques | Training Tips | Common Mistakes | Common Mistakes in Roger Gracie System,1,1,0,1,7,20,20,15,10,15,10,10
en,bjj-rolling-kneebar-guide,100,🏆 EXCELLENT,Concept_Strategy,999,6,Overview | Related Techniques | Training Recommendations | Common Mistakes in Rolling Kneebar Guide | Training Tips for Rolling Kneebar Guide,1,1,0,1,27,20,20,15,10,15,10,10
en,bjj-rolling-tips,100,🏆 EXCELLENT,Equipment_Gear,974,6,Set a Goal Before Every Roll | Intensity Management During Sparring | How to Get the Most from Different Training Partners | Managing Fatigue Between Rounds | Frequently Asked Questions,1,1,0,1,15,20,20,15,10,15,10,10
en,bjj-round-robin-training,100,🏆 EXCELLENT,Concept_Strategy,969,6,Overview | Related Techniques | Training Recommendations | Common Mistakes in Round Robin Training | Training Tips for Round Robin Training,1,1,0,1,27,20,20,15,10,15,10,10
en,bjj-royce-gracie-ufc-techniques,100,🏆 EXCELLENT,Equipment_Gear,1044,6,No-Gi Adaptations | Cross-Training Integration | Submission Application | Legacy in Combat Sports | Common Mistakes in Royce Gracie Ufc Techniques,1,1,0,1,27,20,20,15,10,15,10,10
en,bjj-royler-gracie-guard-game,100,🏆 EXCELLENT,Concept_Strategy,992,6,Footlock Systems | Guard Pressure Theory | Defensive Guard Innovation | Legacy in Modern Leg Lock Evolution | Frequently Asked Questions,1,1,0,1,33,20,20,15,10,15,10,10
en,bjj-rubber-guard-guide,100,🏆 EXCELLENT,Concept_Strategy,715,6,Fundamental Principles | Technique Variations | Training Methods | Common Mistakes | Frequently Asked Questions,1,1,0,1,33,20,20,15,10,15,10,10
en,bjj-rubber-guard-submissions,100,🏆 EXCELLENT,Equipment_Gear,853,6,Overview | Key Concepts | Tips & Strategies | Related Techniques | Common Mistakes in Rubber Guard Submissions,1,1,0,1,17,20,20,15,10,15,10,10
en,bjj-rubber-guard-system,100,🏆 EXCELLENT,Equipment_Gear,857,6,Overview | Key Concepts | Tips & Strategies | Related Techniques | Common Mistakes in Rubber Guard System,1,1,0,1,17,20,20,15,10,15,10,10
en,bjj-russian-tie-guide,100,🏆 EXCELLENT,Equipment_Gear,987,6,Russian Tie Setup | Takedown Attacks from Russian Tie | Defending the Russian Tie | No-Gi Application | Related Techniques,1,1,0,1,19,20,20,15,10,15,10,10
en,bjj-s-mount-attacks,100,🏆 EXCELLENT,Concept_Strategy,707,6,Fundamental Principles | Technique Variations | Training Methods | Common Mistakes | Frequently Asked Questions,1,1,0,1,33,20,20,15,10,15,10,10
en,bjj-s-mount-system,100,🏆 EXCELLENT,Equipment_Gear,1119,6,What is S-Mount? | S-Mount Defense Strategies | When to Use S-Mount | Common Mistakes in S Mount System | Frequently Asked Questions,1,1,0,1,29,20,20,15,10,15,10,10
en,bjj-sambo-for-bjj,100,🏆 EXCELLENT,Concept_Strategy,772,6,Introduction | Key Techniques | Training Tips | Common Mistakes | Common Mistakes in Sambo For Bjj,1,1,0,1,7,20,20,15,10,15,10,10
en,bjj-scissor-sweep-guide,100,🏆 EXCELLENT,Concept_Strategy,963,6,Overview | Common Mistakes in Scissor Sweep Guide | Training Tips for Scissor Sweep Guide | Learning Progression for Scissor Sweep Guide | Frequently Asked Questions,1,1,0,1,21,20,20,15,10,15,10,10
en,bjj-scoring-system,100,🏆 EXCELLENT,Rule,852,6,IBJJF Point Values | Advantages | FAQ | Common Mistakes in Scoring System | Training Tips for Scoring System,1,1,0,1,16,20,20,15,10,15,10,10
en,bjj-scouting-opponents,100,🏆 EXCELLENT,Concept_Strategy,950,6,Overview | Related Techniques | Training Recommendations | Common Mistakes in Scouting Opponents | Training Tips for Scouting Opponents,1,1,0,1,27,20,20,15,10,15,10,10
en,bjj-scramble-survival-guide,100,🏆 EXCELLENT,Concept_Strategy,1021,6,Scramble Fundamentals | Scramble Escape Patterns | Advanced Scramble Transitions | Competition Scramble Strategy | Common Mistakes in Scramble Survival Guide,1,1,0,1,27,20,20,15,10,15,10,10
en,bjj-seat-belt-control-guide,100,🏆 EXCELLENT,Concept_Strategy,1063,6,Overview | Common Mistakes in Seat Belt Control Guide | Training Tips for Seat Belt Control Guide | Learning Progression for Seat Belt Control Guide | Frequently Asked Questions,1,1,0,1,29,20,20,15,10,15,10,10
en,bjj-seat-belt-grip-mechanics,100,🏆 EXCELLENT,Concept_Strategy,745,6,Overview | Grip Setup | Control Benefits | Submission Chains | Grip Strength Requirements,1,1,0,1,15,20,20,15,10,15,10,10
en,bjj-seated-guard-entries,100,🏆 EXCELLENT,Concept_Strategy,995,6,Overview | Related Techniques | Training Recommendations | Common Mistakes in Seated Guard Entries | Training Tips for Seated Guard Entries,1,1,0,1,27,20,20,15,10,15,10,10
en,bjj-self-defense-guide,100,🏆 EXCELLENT,Concept_Strategy,686,6,Introduction | Key Techniques | Training Tips | Common Mistakes | Related Techniques,1,1,0,1,13,20,20,15,10,15,10,10
en,bjj-seminar-learning-guide,100,🏆 EXCELLENT,Concept_Strategy,767,6,Fundamental Principles | Technique Variations | Training Methods | Common Mistakes | Common Mistakes in Seminar Learning Guide,1,1,0,1,27,20,20,15,10,15,10,10
en,bjj-seoi-nage-bjj,100,🏆 EXCELLENT,Equipment_Gear,910,6,Overview | Key Concepts | Tips & Strategies | Common Mistakes in Seoi Nage Bjj | Training Tips for Seoi Nage Bjj,1,1,0,1,11,20,20,15,10,15,10,10
en,bjj-setup-principles-bjj,100,🏆 EXCELLENT,Concept_Strategy,970,6,Overview | Related Techniques | Training Recommendations | Common Mistakes in Setup Principles Bjj | Training Tips for Setup Principles Bjj,1,1,0,1,27,20,20,15,10,15,10,10
en,bjj-shark-tank-training,100,🏆 EXCELLENT,Concept_Strategy,971,6,Overview | Related Techniques | Training Recommendations | Common Mistakes in Shark Tank Training | Training Tips for Shark Tank Training,1,1,0,1,27,20,20,15,10,15,10,10
en,bjj-shin-to-shin-guide,100,🏆 EXCELLENT,Concept_Strategy,728,7,What Is Shin-to-Shin Guard? | Entries to Shin-to-Shin | Sweeps from Shin-to-Shin | Leg Lock Entries from Shin-to-Shin | Standing Attacks from Shin-to-Shin,1,1,0,1,21,20,20,15,10,15,10,10
en,bjj-short-grapplers-guide,100,🏆 EXCELLENT,Athlete_Bio,968,6,Overview | Related Techniques | Training Recommendations | Common Mistakes in Short Grapplers Guide | Training Tips for Short Grapplers Guide,1,1,0,1,27,20,20,15,10,15,10,10
en,bjj-shot-defense-bjj,100,🏆 EXCELLENT,Equipment_Gear,825,6,Overview | Key Concepts | Tips & Strategies | Related Techniques | Common Mistakes in Shot Defense Bjj,1,1,0,1,17,20,20,15,10,15,10,10
en,bjj-shoulder-lock-guide,100,🏆 EXCELLENT,Concept_Strategy,816,8,Kimura (Double Wrist Lock) | Americana (Key Lock) | Omoplata | Kimura vs. Americana vs. Omoplata | Shoulder Lock Combinations,1,1,0,1,27,20,20,15,10,15,10,10
en,bjj-side-control-escape-guide,100,🏆 EXCELLENT,Concept_Strategy,1066,6,Overview | Common Mistakes in Side Control Escape Guide | Training Tips for Side Control Escape Guide | Learning Progression for Side Control Escape Guide | Frequently Asked Questions,1,1,0,1,29,20,20,15,10,15,10,10
en,bjj-side-control-mastery,100,🏆 EXCELLENT,Concept_Strategy,736,6,Key Concepts | Training Recommendations | Further Reading | Common Mistakes in Side Control Mastery | Frequently Asked Questions,1,1,0,1,33,20,20,15,10,15,10,10
en,bjj-side-control-system,100,🏆 EXCELLENT,Concept_Strategy,972,6,Establishing Side Control | Side Control Variations | Transitions from Side Control | Common Mistakes | Frequently Asked Questions,1,1,0,1,29,20,20,15,10,15,10,10
en,bjj-side-control-top-attacks,100,🏆 EXCELLENT,Concept_Strategy,1069,6,Primary Arm Attacks | Choke Attacks | Attack Chains | Common Mistakes in Side Control Top Attacks | Frequently Asked Questions,1,1,0,1,29,20,20,15,10,15,10,10
en,bjj-side-control-transitions,100,🏆 EXCELLENT,Concept_Strategy,842,8,Side Control to Mount | Side Control to Knee-on-Belly | Side Control to North-South | Side Control to Back | Maintaining Side Control,1,1,0,1,27,20,20,15,10,15,10,10
en,bjj-side-mount-escapes,100,🏆 EXCELLENT,Concept_Strategy,980,6,Overview | Related Techniques | Training Recommendations | Common Mistakes in Side Mount Escapes | Training Tips for Side Mount Escapes,1,1,0,1,27,20,20,15,10,15,10,10
en,bjj-single-leg-takedown-system,100,🏆 EXCELLENT,Concept_Strategy,884,6,Single Leg vs Double Leg | Single Leg Entry Points | Finishing Positions | Common Single Leg Mistakes | Frequently Asked Questions,1,1,0,1,21,20,20,15,10,15,10,10
en,bjj-single-leg-x-guard,100,🏆 EXCELLENT,Equipment_Gear,877,6,Overview | Key Concepts | Tips & Strategies | Related Techniques | Common Mistakes in Single Leg X Guard,1,1,0,1,17,20,20,15,10,15,10,10
en,bjj-single-leg-x-system,100,🏆 EXCELLENT,Equipment_Gear,924,6,Overview | Key Concepts | Tips & Strategies | Common Mistakes in Single Leg X System | Training Tips for Single Leg X System,1,1,0,1,11,20,20,15,10,15,10,10
en,bjj-sit-up-guard-guide,100,🏆 EXCELLENT,Concept_Strategy,1109,6,Overview | Common Mistakes in Sit Up Guard Guide | Training Tips for Sit Up Guard Guide | Learning Progression for Sit Up Guard Guide | Frequently Asked Questions,1,1,0,1,29,20,20,15,10,15,10,10
en,bjj-sit-up-sweep-guide,100,🏆 EXCELLENT,Concept_Strategy,984,6,Overview | Common Mistakes in Sit Up Sweep Guide | Training Tips for Sit Up Sweep Guide | Learning Progression for Sit Up Sweep Guide | Frequently Asked Questions,1,1,0,1,21,20,20,15,10,15,10,10
en,bjj-sleep-performance,100,🏆 EXCELLENT,Athlete_Bio,755,6,Introduction | Key Techniques | Training Tips | Common Mistakes | Common Mistakes in Sleep Performance,1,1,0,1,7,20,20,15,10,15,10,10
en,bjj-sleeve-choke-guide,100,🏆 EXCELLENT,Concept_Strategy,962,6,Overview | Related Techniques | Training Recommendations | Common Mistakes in Sleeve Choke Guide | Training Tips for Sleeve Choke Guide,1,1,0,1,27,20,20,15,10,15,10,10
en,bjj-sleeve-grip-guide,100,🏆 EXCELLENT,Concept_Strategy,973,6,Overview | Related Techniques | Training Recommendations | Common Mistakes in Sleeve Grip Guide | Training Tips for Sleeve Grip Guide,1,1,0,1,27,20,20,15,10,15,10,10
en,bjj-small-person-bjj,100,🏆 EXCELLENT,Concept_Strategy,953,6,Small BJJ Practitioners Have Real Advantages | Best Guards for Smaller Practitioners | Movement-Based BJJ | Best Submissions for Smaller Practitioners | Developing Confidence Against Bigger Partners,1,1,0,1,24,20,20,15,10,15,10,10
en,bjj-smash-pass-guide,100,🏆 EXCELLENT,Concept_Strategy,838,7,Core Concept | Initiating the Smash | Pressure Principles | Leg Drag Finish | Smash to Side Control Finish,1,1,0,1,21,20,20,15,10,15,10,10
en,bjj-snap-down-guide,100,🏆 EXCELLENT,Concept_Strategy,784,6,Snap Down Mechanics | Transitions | Key Techniques | Frequently Asked Questions | Common Mistakes in Snap Down Guide,1,1,0,1,15,20,20,15,10,15,10,10
en,bjj-sparring-schedule,100,🏆 EXCELLENT,Concept_Strategy,893,6,The Rolling Frequency Question | Sparring Frequency by Level | Hard vs. Technical Rounds | Recovery Indicators | Weekly Schedule Template,1,1,0,1,15,20,20,15,10,15,10,10
en,bjj-speed-passing-guide,100,🏆 EXCELLENT,Concept_Strategy,1089,6,What is Speed Passing? | When to Use Speed Passing | Common Mistakes in Speed Passing Guide | Training Tips for Speed Passing Guide | Frequently Asked Questions,1,1,0,1,29,20,20,15,10,15,10,10
en,bjj-spider-guard-attacks,100,🏆 EXCELLENT,Concept_Strategy,824,6,Spider Guard Basics | Spider Guard Attacks | Spider to Lasso Combination | Spider Guard Defense | Frequently Asked Questions,1,1,0,1,21,20,20,15,10,15,10,10
en,bjj-spider-guard-fundamentals,100,🏆 EXCELLENT,Concept_Strategy,918,6,Spider Guard Setup | Spider Guard Attacks | Passing Spider Guard | Frequently Asked Questions | Related Techniques,1,1,0,1,21,20,20,15,10,15,10,10
en,bjj-spider-guard-guide,100,🏆 EXCELLENT,Concept_Strategy,953,7,Spider Guard Fundamentals | Establishing Spider Guard | Spider Guard Sweeps | Submissions from Spider Guard | Common Counters and Solutions,1,1,0,1,30,20,20,15,10,15,10,10
en,bjj-spider-guard-system,100,🏆 EXCELLENT,Concept_Strategy,1087,6,Overview | Common Mistakes in Spider Guard System | Training Tips for Spider Guard System | Learning Progression for Spider Guard System | Frequently Asked Questions,1,1,0,1,29,20,20,15,10,15,10,10
en,bjj-spin-under-technique,100,🏆 EXCELLENT,Concept_Strategy,967,6,Overview | Related Techniques | Training Recommendations | Common Mistakes in Spin Under Technique | Training Tips for Spin Under Technique,1,1,0,1,27,20,20,15,10,15,10,10
en,bjj-sport-psychology,100,🏆 EXCELLENT,Concept_Strategy,740,6,Introduction | Key Techniques | Training Tips | Common Mistakes | Common Mistakes in Sport Psychology,1,1,0,1,7,20,20,15,10,15,10,10
en,bjj-sprawl-guide-bjj,100,🏆 EXCELLENT,Equipment_Gear,905,6,Overview | Key Concepts | Tips & Strategies | Common Mistakes in Sprawl Guide Bjj | Training Tips for Sprawl Guide Bjj,1,1,0,1,11,20,20,15,10,15,10,10
en,bjj-squid-guard-guide,100,🏆 EXCELLENT,Concept_Strategy,850,6,Introduction | Core Concepts | Training Tips | Common Mistakes | Frequently Asked Questions,1,1,0,1,29,20,20,15,10,15,10,10
en,bjj-stack-pass-guide,100,🏆 EXCELLENT,Concept_Strategy,708,6,Fundamental Principles | Technique Variations | Training Methods | Common Mistakes | Frequently Asked Questions,1,1,0,1,33,20,20,15,10,15,10,10
en,bjj-stacking-opponent-bjj,100,🏆 EXCELLENT,Concept_Strategy,913,6,Introduction | Core Concepts | Training Tips | Common Mistakes | Common Mistakes in Stacking Opponent Bjj,1,1,0,1,23,20,20,15,10,15,10,10
en,bjj-stance-footwork-bjj,100,🏆 EXCELLENT,Equipment_Gear,905,6,Overview | Key Concepts | Tips & Strategies | Common Mistakes in Stance Footwork Bjj | Training Tips for Stance Footwork Bjj,1,1,0,1,11,20,20,15,10,15,10,10
en,bjj-stocky-grapplers-guide,100,🏆 EXCELLENT,Concept_Strategy,970,6,Overview | Related Techniques | Training Recommendations | Common Mistakes in Stocky Grapplers Guide | Training Tips for Stocky Grapplers Guide,1,1,0,1,27,20,20,15,10,15,10,10
en,bjj-straight-ankle-lock-finish,100,🏆 EXCELLENT,Concept_Strategy,982,6,Overview | Related Techniques | Training Recommendations | Common Mistakes in Straight Ankle Lock Finish | Training Tips for Straight Ankle Lock Finish,1,1,0,1,27,20,20,15,10,15,10,10
en,bjj-straight-ankle-lock-guide,100,🏆 EXCELLENT,Concept_Strategy,716,6,Fundamental Principles | Technique Variations | Training Methods | Common Mistakes | Frequently Asked Questions,1,1,0,1,33,20,20,15,10,15,10,10
en,bjj-strangle-from-back,100,🏆 EXCELLENT,Concept_Strategy,1046,6,Overview | Common Mistakes in Strangle From Back | Training Tips for Strangle From Back | Learning Progression for Strangle From Back | Frequently Asked Questions,1,1,0,1,29,20,20,15,10,15,10,10
en,bjj-strength-conditioning-program,100,🏆 EXCELLENT,Conditioning_Nutrition,674,6,Phase 1: Foundation Strength (Weeks 1-4) | Phase 2: Power Development (Weeks 5-8) | Phase 3: Sport-Specific Conditioning (Weeks 9-12) | Exercise Selection for BJJ | Recovery & Deload Protocols,1,1,0,1,12,20,20,15,10,15,10,10
en,bjj-strength-in-bjj,100,🏆 EXCELLENT,Concept_Strategy,972,6,Overview | Related Techniques | Training Recommendations | Common Mistakes in Strength In Bjj | Training Tips for Strength In Bjj,1,1,0,1,27,20,20,15,10,15,10,10
en,bjj-strength-programming-guide,100,🏆 EXCELLENT,Concept_Strategy,888,6,Strength Training Principles for BJJ | Sample 4-Week Strength Block | Essential Strength Exercises for BJJ | Grip Strength Training Protocol | Integrating Strength with BJJ Training,1,1,0,1,27,20,20,15,10,15,10,10
en,bjj-strength-training-bjj,100,🏆 EXCELLENT,Concept_Strategy,967,6,Overview | Related Techniques | Training Recommendations | Common Mistakes in Strength Training Bjj | Training Tips for Strength Training Bjj,1,1,0,1,27,20,20,15,10,15,10,10
en,bjj-strength-training-guide,100,🏆 EXCELLENT,Concept_Strategy,805,6,Key Concepts | Technical Breakdown | Practical Application | Training Tips | Common Mistakes in Strength Training Guide,1,1,0,1,10,20,20,15,10,15,10,10
en,bjj-strength-training-program,100,🏆 EXCELLENT,Concept_Strategy,951,6,Phase 1: Weeks 1–4 (General Preparation) | Phase 2: Weeks 5–8 (Strength Development) | Phase 3: Weeks 9–12 (Power and Sport Transfer) | Weekly Schedule Integration | BJJ-Specific Exercises,1,1,0,1,16,20,20,15,10,15,10,10
en,bjj-strength-training,100,🏆 EXCELLENT,Conditioning_Nutrition,1056,6,Why Strength Training Matters for BJJ | Top 5 Strength Qualities for BJJ | Sample 3-Day BJJ Strength Program | Scheduling Strength Around BJJ | Exercises to Avoid for BJJ,1,1,0,1,15,20,20,15,10,15,10,10
en,bjj-style-development-guide,100,🏆 EXCELLENT,Concept_Strategy,823,6,Self-Assessment | Matching Style to Attributes | Building Your System | Evolution Over Time | Common Mistakes in Style Development Guide,1,1,0,1,27,20,20,15,10,15,10,10
en,bjj-submission-chain-guide,100,🏆 EXCELLENT,Concept_Strategy,1036,6,Why Chaining Beats Single Attacks | Core Submission Chains | Building Your Own Chains | Common Mistake: One-and-Done Mentality | Frequently Asked Questions,1,1,0,1,21,20,20,15,10,15,10,10
en,bjj-submission-defense-guide,100,🏆 EXCELLENT,Concept_Strategy,808,6,Armbar Defense Fundamentals | Choke Defense Principles | Leg Lock Defense | When to Tap | Frequently Asked Questions,1,1,0,1,26,20,20,15,10,15,10,10
en,bjj-submission-defense-system,100,🏆 EXCELLENT,Concept_Strategy,944,6,Overview | Common Mistakes in Submission Defense System | Training Tips for Submission Defense System | Learning Progression for Submission Defense System | Frequently Asked Questions,1,1,0,1,20,20,20,15,10,15,10,10
en,bjj-submission-escape-fundamentals,100,🏆 EXCELLENT,Concept_Strategy,1025,6,Overview | Training Progression | Common Mistakes in Submission Escape Fundamentals | Training Tips for Submission Escape Fundamentals | Frequently Asked Questions,1,1,0,1,29,20,20,15,10,15,10,10
en,bjj-submission-finish-details,100,🏆 EXCELLENT,Concept_Strategy,849,6,Key Finishing Principles | Armbar Finish Details | Choke Finish Details | Common Mistakes in Submission Finish Details | Frequently Asked Questions,1,1,0,1,33,20,20,15,10,15,10,10
en,bjj-submission-hunting-guide,100,🏆 EXCELLENT,Concept_Strategy,946,6,Overview | Common Mistakes in Submission Hunting Guide | Training Tips for Submission Hunting Guide | Learning Progression for Submission Hunting Guide | Frequently Asked Questions,1,1,0,1,20,20,20,15,10,15,10,10
en,bjj-submission-only-competition,100,🏆 EXCELLENT,Concept_Strategy,731,6,Key Concepts | Training Recommendations | Further Reading | Common Mistakes in Submission Only Competition | Frequently Asked Questions,1,1,0,1,33,20,20,15,10,15,10,10
en,bjj-submission-only-rules-guide,100,🏆 EXCELLENT,Concept_Strategy,702,7,EBI Overtime Format | Polaris Rules Explained | Gordon Ryan's Sub-Only Strategy | No Time Limit Events | Building a Sub-Only Game,1,1,0,1,18,20,20,15,10,15,10,10
en,bjj-submission-only-rules,100,🏆 EXCELLENT,Concept_Strategy,784,6,Common Sub-Only Formats | EBI Overtime Rules | FAQ | Related Techniques | Common Mistakes in Submission Only Rules,1,1,0,1,22,20,20,15,10,15,10,10
en,bjj-submission-resistance,100,🏆 EXCELLENT,Concept_Strategy,831,6,Introduction | Core Concepts | Training Tips | Common Mistakes | Frequently Asked Questions,1,1,0,1,29,20,20,15,10,15,10,10
en,bjj-submission-setups,100,🏆 EXCELLENT,Concept_Strategy,807,6,The Isolation Principle | Angle Creation | Breaking Posture for Submissions | Chained Submissions | Frequently Asked Questions,1,1,0,1,26,20,20,15,10,15,10,10
en,bjj-submission-timing-bjj,100,🏆 EXCELLENT,Concept_Strategy,969,6,Overview | Related Techniques | Training Recommendations | Common Mistakes in Submission Timing Bjj | Training Tips for Submission Timing Bjj,1,1,0,1,27,20,20,15,10,15,10,10
en,bjj-submissions-from-guard,100,🏆 EXCELLENT,Concept_Strategy,990,9,Why the Guard Is the Best Attacking Position | Posture Breaking — The First Step | Armbar from Guard | Triangle Choke from Guard | Omoplata,1,1,0,1,30,20,20,15,10,15,10,10
en,bjj-supplement-guide,100,🏆 EXCELLENT,Concept_Strategy,919,6,Tier 1: Strong Evidence | Tier 2: Good Evidence | Tier 3: Limited Evidence (Situational) | What to Skip | Safety First,1,1,0,1,16,20,20,15,10,15,10,10
en,bjj-survival-position-bjj,100,🏆 EXCELLENT,Concept_Strategy,839,6,Introduction | Core Concepts | Training Tips | Common Mistakes | Frequently Asked Questions,1,1,0,1,29,20,20,15,10,15,10,10
en,bjj-sweep-mechanics-guide,100,🏆 EXCELLENT,Concept_Strategy,702,6,Fundamental Principles | Technique Variations | Training Methods | Common Mistakes | Frequently Asked Questions,1,1,0,1,33,20,20,15,10,15,10,10
en,bjj-sweep-to-submission-guide,100,🏆 EXCELLENT,Concept_Strategy,717,6,Fundamental Principles | Technique Variations | Training Methods | Common Mistakes | Frequently Asked Questions,1,1,0,1,33,20,20,15,10,15,10,10
en,bjj-sweeps-guide,100,🏆 EXCELLENT,Concept_Strategy,928,9,The Anatomy of a Sweep | Off-Balancing Principles | Scissor Sweep | Hip Bump Sweep | Elevator Sweep (Ude Gaeshi),1,1,0,1,30,20,20,15,10,15,10,10
en,bjj-sweeps-to-submissions-chain-mechanics,100,🏆 EXCELLENT,Concept_Strategy,872,6,Key Concepts | Related Resources | Related Techniques | Common Mistakes in Sweeps To Submissions Chain Mechanics | Training Tips for Sweeps To Submissions Chain Mechanics,1,1,0,1,15,20,20,15,10,15,10,10
en,bjj-sweeps-to-submissions,100,🏆 EXCELLENT,Concept_Strategy,1068,6,Sweeps to Submissions | Related Techniques | Common Mistakes in Sweeps To Submissions | Training Tips for Sweeps To Submissions | Learning Progression for Sweeps To Submissions,1,1,0,1,15,20,20,15,10,15,10,10
en,bjj-systematic-study-bjj,100,🏆 EXCELLENT,Concept_Strategy,765,6,Fundamental Principles | Technique Variations | Training Methods | Common Mistakes | Common Mistakes in Systematic Study Bjj,1,1,0,1,27,20,20,15,10,15,10,10
en,bjj-takedown-defense,100,🏆 EXCELLENT,Concept_Strategy,1121,7,Why Takedown Defense Changes Your BJJ | The Sprawl: Your Primary Takedown Defense | Defending the Double Leg | Defending the Single Leg | Counter-Attacks from Takedown Defense,1,1,0,1,20,20,20,15,10,15,10,10
en,bjj-takedown-entries,100,🏆 EXCELLENT,Concept_Strategy,846,6,The Four Entry Fundamentals | Level Change Mechanics | Sprawl Defence and Counter | Frequently Asked Questions | Related Techniques,1,1,0,1,21,20,20,15,10,15,10,10
en,bjj-takedown-wrestling-fundamentals,100,🏆 EXCELLENT,Concept_Strategy,820,6,Why Wrestling Matters in BJJ | Fundamental Takedowns for BJJ | The Level Change | Hand Fighting and Penetration | Frequently Asked Questions,1,1,0,1,21,20,20,15,10,15,10,10
en,bjj-takedowns-guide,100,🏆 EXCELLENT,Concept_Strategy,1165,6,🥋 Essential Techniques | ❓ Frequently Asked Questions | Related Techniques | Common Mistakes in Takedowns Guide | Training Tips for Takedowns Guide,1,1,0,1,41,20,20,15,10,15,10,10
en,bjj-tall-grapplers-guide,100,🏆 EXCELLENT,Concept_Strategy,968,6,Overview | Related Techniques | Training Recommendations | Common Mistakes in Tall Grapplers Guide | Training Tips for Tall Grapplers Guide,1,1,0,1,27,20,20,15,10,15,10,10
en,bjj-tap-early-bjj,100,🏆 EXCELLENT,Concept_Strategy,917,6,Introduction | Core Concepts | Training Tips | Common Mistakes | Common Mistakes in Tap Early Bjj,1,1,0,1,23,20,20,15,10,15,10,10
en,bjj-tap-recognition-guide,100,🏆 EXCELLENT,Concept_Strategy,829,6,Types of Taps | Release Immediately | Preventing Injury | Training Culture | Common Mistakes in Tap Recognition Guide,1,1,0,1,27,20,20,15,10,15,10,10
en,bjj-teach-to-learn-bjj,100,🏆 EXCELLENT,Concept_Strategy,782,6,Fundamental Principles | Technique Variations | Training Methods | Common Mistakes | Common Mistakes in Teach To Learn Bjj,1,1,0,1,27,20,20,15,10,15,10,10
en,bjj-teaching-coaching-guide,100,🏆 EXCELLENT,Concept_Strategy,804,6,Key Concepts | Training Recommendations | Further Reading | Common Mistakes in Teaching Coaching Guide | Training Tips for Teaching Coaching Guide,1,1,0,1,27,20,20,15,10,15,10,10
en,bjj-team-training,100,🏆 EXCELLENT,Concept_Strategy,834,6,Team Training Advantages | Competition Camp Structure | FAQ | Common Mistakes in Team Training | Training Tips for Team Training,1,1,0,1,16,20,20,15,10,15,10,10
en,bjj-technical-bjj-game,100,🏆 EXCELLENT,Concept_Strategy,898,6,Introduction | Core Concepts | Training Tips | Common Mistakes | Common Mistakes in Technical Game,1,1,0,1,23,20,20,15,10,15,10,10
en,bjj-technical-mount-guide,100,🏆 EXCELLENT,Concept_Strategy,836,6,What is Technical Mount? | Positioning and Weight Distribution | Escaping Prevention | Related Mount Positions | Frequently Asked Questions,1,1,0,1,23,20,20,15,10,15,10,10
en,bjj-technical-mount,100,🏆 EXCELLENT,Concept_Strategy,1077,6,Understanding Mount Variations | Switching Between Mount Variations | Advanced Mount Positioning Concepts | Common Mistakes in Technical Mount | Frequently Asked Questions,1,1,0,1,29,20,20,15,10,15,10,10
en,bjj-technical-sweep-guide,100,🏆 EXCELLENT,Concept_Strategy,708,6,Fundamental Principles | Technique Variations | Training Methods | Common Mistakes | Frequently Asked Questions,1,1,0,1,33,20,20,15,10,15,10,10
en,bjj-tight-submissions-bjj,100,🏆 EXCELLENT,Concept_Strategy,839,6,Introduction | Core Concepts | Training Tips | Common Mistakes | Frequently Asked Questions,1,1,0,1,29,20,20,15,10,15,10,10
en,bjj-top-game-guide,100,🏆 EXCELLENT,Concept_Strategy,812,6,Key Concepts | Training Recommendations | Further Reading | Common Mistakes in Top Game Guide | Training Tips for Top Game Guide,1,1,0,1,27,20,20,15,10,15,10,10
en,bjj-top-game-system,100,🏆 EXCELLENT,Concept_Strategy,808,7,Top Game Positional Hierarchy | Pressure Principles | Guard Passing Integration | Submission Hunting from Top | Connecting Back Takes to Top Game,1,1,0,1,21,20,20,15,10,15,10,10
en,bjj-top-half-guard-guide,100,🏆 EXCELLENT,Equipment_Gear,874,6,Overview | Key Concepts | Tips & Strategies | Related Techniques | Common Mistakes in Top Half Guard Guide,1,1,0,1,17,20,20,15,10,15,10,10
en,bjj-toreando-pass-system,100,🏆 EXCELLENT,Concept_Strategy,720,6,Key Concepts | Technical Breakdown | Practical Application | Training Tips | Related Techniques,1,1,0,1,13,20,20,15,10,15,10,10
en,bjj-tornado-guard-guide,100,🏆 EXCELLENT,Concept_Strategy,850,6,Introduction | Core Concepts | Training Tips | Common Mistakes | Frequently Asked Questions,1,1,0,1,29,20,20,15,10,15,10,10
en,bjj-tornado-guard,100,🏆 EXCELLENT,Concept_Strategy,860,7,Core Concept | Entry Mechanics | The Roll | Back Take Finish | Defense,1,1,0,1,21,20,20,15,10,15,10,10
en,bjj-tournament-bracket-guide,100,🏆 EXCELLENT,Concept_Strategy,1024,6,Tournament Bracket Basics | Bracket Strategy | Common Mistakes in Tournament Bracket Guide | Training Tips for Tournament Bracket Guide | Learning Progression for Tournament Bracket Guide,1,1,0,1,18,20,20,15,10,15,10,10
en,bjj-tournament-bracket-strategy,100,🏆 EXCELLENT,Concept_Strategy,964,6,Overview | Related Techniques | Training Recommendations | Common Mistakes in Tournament Bracket Strategy | Training Tips for Tournament Bracket Strategy,1,1,0,1,27,20,20,15,10,15,10,10
en,bjj-tournament-strategy,100,🏆 EXCELLENT,Equipment_Gear,860,6,Core Strategic Principles | Game Plan by Scenario | FAQ | Common Mistakes in Tournament Strategy | Training Tips for Tournament Strategy,1,1,0,1,16,20,20,15,10,15,10,10
en,bjj-training-journal-guide,100,🏆 EXCELLENT,Concept_Strategy,808,6,Key Concepts | Training Recommendations | Further Reading | Common Mistakes in Training Journal Guide | Training Tips for Training Journal Guide,1,1,0,1,27,20,20,15,10,15,10,10
en,bjj-training-journal,100,🏆 EXCELLENT,Concept_Strategy,948,6,Why Keep a BJJ Training Journal? | What to Record After Each Session | Tracking Technical Progress | Using Your Journal for Belt Promotion | Frequently Asked Questions,1,1,0,1,15,20,20,15,10,15,10,10
en,bjj-training-partners-guide,100,🏆 EXCELLENT,Concept_Strategy,728,6,Control & Pressure Management | Ego Management | Safety First | Feedback & Encouragement | Consistency,1,1,0,1,15,20,20,15,10,15,10,10
en,bjj-training-philosophy,100,🏆 EXCELLENT,Concept_Strategy,891,6,Introduction | Core Concepts | Training Tips | Common Mistakes | Common Mistakes in Training Philosophy,1,1,0,1,23,20,20,15,10,15,10,10
en,bjj-training-schedule,100,🏆 EXCELLENT,Concept_Strategy,1318,6,📅 Training Plans by Belt Level | ⚡ Universal Training Tips | 🔗 Related Guides | Common Mistakes in Training Schedule | Training Tips for Training Schedule,1,1,0,1,36,20,20,15,10,15,10,10
en,bjj-trap-and-roll-escape,100,🏆 EXCELLENT,Concept_Strategy,986,6,Overview | Related Techniques | Training Recommendations | Common Mistakes in Trap And Roll Escape | Training Tips for Trap And Roll Escape,1,1,0,1,27,20,20,15,10,15,10,10
en,bjj-travel-guide,100,🏆 EXCELLENT,Concept_Strategy,798,6,Key Concepts | Training Recommendations | Further Reading | Common Mistakes in Travel Guide | Training Tips for Travel Guide,1,1,0,1,27,20,20,15,10,15,10,10
en,bjj-travel-training,100,🏆 EXCELLENT,Concept_Strategy,966,6,Finding Guest-Friendly Gyms | Proper Guest Etiquette | What to Pack | Language Barriers | Learning from Different Schools,1,1,0,1,16,20,20,15,10,15,10,10
en,bjj-triangle-choke-guide,100,🏆 EXCELLENT,Concept_Strategy,1035,6,Why the Triangle is the Most Versatile Choke in BJJ | Triangle Setup from Closed Guard | Making It Tight: The Three Keys | Triangle Variations | Frequently Asked Questions,1,1,0,1,21,20,20,15,10,15,10,10
en,bjj-triangle-choke-system,100,🏆 EXCELLENT,Concept_Strategy,729,6,Key Concepts | Technical Breakdown | Practical Application | Training Tips | Related Techniques,1,1,0,1,13,20,20,15,10,15,10,10
en,bjj-triangle-defense-guide,100,🏆 EXCELLENT,Concept_Strategy,1021,6,Overview | Training Progression | Common Mistakes in Triangle Defense Guide | Training Tips for Triangle Defense Guide | Frequently Asked Questions,1,1,0,1,29,20,20,15,10,15,10,10
en,bjj-triangle-from-back,100,🏆 EXCELLENT,Concept_Strategy,720,6,Fundamental Principles | Technique Variations | Training Methods | Common Mistakes | Frequently Asked Questions,1,1,0,1,33,20,20,15,10,15,10,10
en,bjj-triangle-from-mount,100,🏆 EXCELLENT,Concept_Strategy,716,6,Fundamental Principles | Technique Variations | Training Methods | Common Mistakes | Frequently Asked Questions,1,1,0,1,33,20,20,15,10,15,10,10
en,bjj-triangle-kimura-chain,100,🏆 EXCELLENT,Concept_Strategy,736,6,Key Concepts | Training Recommendations | Further Reading | Common Mistakes in Triangle Kimura Chain | Frequently Asked Questions,1,1,0,1,33,20,20,15,10,15,10,10
en,bjj-triangle-setup-guide,100,🏆 EXCELLENT,Concept_Strategy,973,6,Overview | Common Mistakes in Triangle Setup Guide | Training Tips for Triangle Setup Guide | Learning Progression for Triangle Setup Guide | Frequently Asked Questions,1,1,0,1,24,20,20,15,10,15,10,10
en,bjj-triangle-variations,100,🏆 EXCELLENT,Concept_Strategy,879,8,Standard Guard Triangle | Mounted Triangle | Reverse Triangle | Arm Triangle (Head-and-Arm Choke) | Inverted Triangle,1,1,0,1,27,20,20,15,10,15,10,10
en,bjj-tripod-pass-guide,100,🏆 EXCELLENT,Concept_Strategy,932,6,Overview | Common Mistakes in Tripod Pass Guide | Training Tips for Tripod Pass Guide | Learning Progression for Tripod Pass Guide | Frequently Asked Questions,1,1,0,1,19,20,20,15,10,15,10,10
en,bjj-tripod-sweep-guide,100,🏆 EXCELLENT,Concept_Strategy,1045,6,Overview | Common Mistakes in Tripod Sweep Guide | Training Tips for Tripod Sweep Guide | Learning Progression for Tripod Sweep Guide | Frequently Asked Questions,1,1,0,1,29,20,20,15,10,15,10,10
en,bjj-truck-position-guide,100,🏆 EXCELLENT,Concept_Strategy,834,6,Introduction | Core Concepts | Training Tips | Common Mistakes | Frequently Asked Questions,1,1,0,1,29,20,20,15,10,15,10,10
en,bjj-truck-position-system,100,🏆 EXCELLENT,Concept_Strategy,722,6,Key Concepts | Technical Breakdown | Practical Application | Training Tips | Related Techniques,1,1,0,1,13,20,20,15,10,15,10,10
en,bjj-turtle-attack-system,100,🏆 EXCELLENT,Concept_Strategy,881,6,Attacking from Turtle | Back Takes from Turtle | Reverse Rolls and Granby Rolls | Combining Attacks | Frequently Asked Questions,1,1,0,1,21,20,20,15,10,15,10,10
en,bjj-turtle-attacks-guide,100,🏆 EXCELLENT,Concept_Strategy,988,6,Back Take from Turtle | Clock Choke | Bow and Arrow from Turtle | Body Fold Takedown | Frequently Asked Questions,1,1,0,1,29,20,20,15,10,15,10,10
en,bjj-turtle-attacks,100,🏆 EXCELLENT,Concept_Strategy,929,6,Turtle Attack Options | Back Take from Turtle — Step by Step | Turtle Defence | Frequently Asked Questions | Related Techniques,1,1,0,1,21,20,20,15,10,15,10,10
en,bjj-turtle-defense-guide,100,🏆 EXCELLENT,Concept_Strategy,945,6,Overview | Common Mistakes in Turtle Defense Guide | Training Tips for Turtle Defense Guide | Learning Progression for Turtle Defense Guide | Frequently Asked Questions,1,1,0,1,20,20,20,15,10,15,10,10
en,bjj-turtle-guard-guide,100,🏆 EXCELLENT,Concept_Strategy,833,8,What Is the Turtle Position? | Defensive Turtle Survival | Attacking from Turtle | Defending Turtle Attacks | Turtle as a System,1,1,0,1,27,20,20,15,10,15,10,10
en,bjj-turtle-position-guide,100,🏆 EXCELLENT,Concept_Strategy,1063,6,Defensive Turtle Mechanics | Preventing the Back Take | Offensive Uses of Turtle | Common Mistakes in Turtle Position Guide | Frequently Asked Questions,1,1,0,1,29,20,20,15,10,15,10,10
en,bjj-turtle-survival-guide,100,🏆 EXCELLENT,Concept_Strategy,745,6,Turtle Fundamentals | Back Take Prevention | Escaping Turtle | Training Turtle Escapes | Frequently Asked Questions,1,1,0,1,33,20,20,15,10,15,10,10
en,bjj-turtle-system-overview,100,🏆 EXCELLENT,Concept_Strategy,921,6,What Is the Turtle Position? | Position Mechanics | When to Use Turtle | Attacking from Turtle | Frequently Asked Questions,1,1,0,1,21,20,20,15,10,15,10,10
en,bjj-turtle-to-guard-transition,100,🏆 EXCELLENT,Concept_Strategy,912,6,Why Transition to Guard? | The Shrimp from Turtle | Re-establishing Guard | Common Mistakes | Frequently Asked Questions,1,1,0,1,21,20,20,15,10,15,10,10
en,bjj-turtle-top-attacks-guide,100,🏆 EXCELLENT,Concept_Strategy,888,6,The Challenge of Attacking Turtle | Back Control from Turtle | Pressure and Positioning | Submission Opportunities | Frequently Asked Questions,1,1,0,1,21,20,20,15,10,15,10,10
en,bjj-twister-guide,100,🏆 EXCELLENT,Concept_Strategy,744,7,What Is the Twister? | The Truck Position Setup | Twister Mechanics | Rubber Guard Connection | Competition Legality,1,1,0,1,21,20,20,15,10,15,10,10
en,bjj-twister-setup-guide,100,🏆 EXCELLENT,Concept_Strategy,796,6,Fundamental Principles | Technique Variations | Training Methods | Common Mistakes | Common Mistakes in Twister Setup Guide,1,1,0,1,27,20,20,15,10,15,10,10
en,bjj-twister-side-control,100,🏆 EXCELLENT,Concept_Strategy,872,6,Introduction | Core Concepts | Training Tips | Common Mistakes | Frequently Asked Questions,1,1,0,1,29,20,20,15,10,15,10,10
en,bjj-twister-system,100,🏆 EXCELLENT,Concept_Strategy,1039,6,The Truck Position | Electric Chair and Leg Attacks | Entering the Twister | The Twister Submission | Common Mistakes in Twister System,1,1,0,1,10,20,20,15,10,15,10,10
en,bjj-two-on-one-arm-control,100,🏆 EXCELLENT,Concept_Strategy,867,6,Introduction | Core Concepts | Training Tips | Common Mistakes | Frequently Asked Questions,1,1,0,1,29,20,20,15,10,15,10,10
en,bjj-two-on-one-bjj,100,🏆 EXCELLENT,Equipment_Gear,916,6,Overview | Key Concepts | Tips & Strategies | Common Mistakes in Two On One Bjj | Training Tips for Two On One Bjj,1,1,0,1,11,20,20,15,10,15,10,10
en,bjj-two-on-one-guard,100,🏆 EXCELLENT,Concept_Strategy,998,6,Overview | Common Mistakes in Two On One Guard | Training Tips for Two On One Guard | Learning Progression for Two On One Guard | Frequently Asked Questions,1,1,0,1,19,20,20,15,10,15,10,10
en,bjj-two-on-one-guide,100,🏆 EXCELLENT,Concept_Strategy,781,6,Fundamental Principles | Technique Variations | Training Methods | Common Mistakes | Common Mistakes in Two On One Guide,1,1,0,1,27,20,20,15,10,15,10,10
en,bjj-uchi-mata-guide,100,🏆 EXCELLENT,Equipment_Gear,909,6,Overview | Key Concepts | Tips & Strategies | Common Mistakes in Uchi Mata Guide | Training Tips for Uchi Mata Guide,1,1,0,1,11,20,20,15,10,15,10,10
en,bjj-ufc-bjj-influence,100,🏆 EXCELLENT,Concept_Strategy,785,6,Modern Integration | Technical Evolution | Key Points | Frequently Asked Questions | Common Mistakes in Ufc Influence,1,1,0,1,15,20,20,15,10,15,10,10
en,bjj-underhook-pass-guide,100,🏆 EXCELLENT,Concept_Strategy,932,6,Overview | Common Mistakes in Underhook Pass Guide | Training Tips for Underhook Pass Guide | Learning Progression for Underhook Pass Guide | Frequently Asked Questions,1,1,0,1,19,20,20,15,10,15,10,10
en,bjj-underhook-system-bjj,100,🏆 EXCELLENT,Concept_Strategy,903,6,Introduction | Core Concepts | Training Tips | Common Mistakes | Common Mistakes in Underhook System Bjj,1,1,0,1,23,20,20,15,10,15,10,10
en,bjj-upa-variations-guide,100,🏆 EXCELLENT,Concept_Strategy,965,6,Overview | Related Techniques | Training Recommendations | Common Mistakes in Upa Variations Guide | Training Tips for Upa Variations Guide,1,1,0,1,27,20,20,15,10,15,10,10
en,bjj-video-analysis-guide,100,🏆 EXCELLENT,Concept_Strategy,810,6,Key Concepts | Training Recommendations | Further Reading | Common Mistakes in Video Analysis Guide | Training Tips for Video Analysis Guide,1,1,0,1,27,20,20,15,10,15,10,10
en,bjj-video-scouting-guide,100,🏆 EXCELLENT,Concept_Strategy,763,6,Fundamental Principles | Technique Variations | Training Methods | Common Mistakes | Common Mistakes in Video Scouting Guide,1,1,0,1,27,20,20,15,10,15,10,10
en,bjj-visualization-bjj,100,🏆 EXCELLENT,Concept_Strategy,956,6,Overview | Related Techniques | Training Recommendations | Common Mistakes in Visualization Bjj | Training Tips for Visualization Bjj,1,1,0,1,27,20,20,15,10,15,10,10
en,bjj-waiter-sweep-guide,100,🏆 EXCELLENT,Concept_Strategy,829,8,What Is the Waiter Sweep? | Setup from Single-Leg X | Setup from Ashi Garami | Waiter Sweep Mechanics | Counter-Attacks and Combinations,1,1,0,1,27,20,20,15,10,15,10,10
en,bjj-waiter-sweep-system,100,🏆 EXCELLENT,Equipment_Gear,830,6,Overview | Key Concepts | Tips & Strategies | Related Techniques | Common Mistakes in Waiter Sweep System,1,1,0,1,17,20,20,15,10,15,10,10
en,bjj-warm-up-routine,100,🏆 EXCELLENT,Concept_Strategy,955,6,Phase 1 — Cardiovascular Priming (2 min) | Phase 2 — BJJ-Specific Movement (5 min) | Phase 3 — Dynamic Stretching (3 min) | Pro Tips | FAQ,1,1,0,1,13,20,20,15,10,15,10,10
en,bjj-weakness-exploitation-guide,100,🏆 EXCELLENT,Equipment_Gear,906,6,Common Weaknesses to Identify | Strategic Exploitation | Adaptation During Matches | Common Mistakes in Weakness Exploitation Guide | Training Tips for Weakness Exploitation Guide,1,1,0,1,27,20,20,15,10,15,10,10
en,bjj-weight-advantage-counter,100,🏆 EXCELLENT,Concept_Strategy,969,6,Weight Matters Less Than Technique — But It Still Matters | Avoid Strength Battles | Guard Is Your Equalizer | Submission Timing and Precision | Movement and Cardio Advantage,1,1,0,1,24,20,20,15,10,15,10,10
en,bjj-weight-classes-guide,100,🏆 EXCELLENT,Rule,845,6,IBJJF Weight Divisions (Adult Male) | Cutting vs Walking Weight | FAQ | Common Mistakes in Weight Classes Guide | Training Tips for Weight Classes Guide,1,1,0,1,16,20,20,15,10,15,10,10
en,bjj-weight-distribution-mastery,100,🏆 EXCELLENT,Concept_Strategy,797,6,Key Concepts | Technical Breakdown | Practical Application | Training Tips | Common Mistakes in Weight Distribution Mastery,1,1,0,1,7,20,20,15,10,15,10,10
en,bjj-white-belt-survival,100,🏆 EXCELLENT,Concept_Strategy,955,6,Your Only Job in Sparring: Survive | The 4 Survival Positions to Learn First | Tapping: The Most Important Technique | What to Expect in Your First Month | Frequently Asked Questions,1,1,0,1,15,20,20,15,10,15,10,10
en,bjj-worm-guard-guide,100,🏆 EXCELLENT,Concept_Strategy,965,7,What Is Worm Guard? | Establishing Worm Guard | Off-Balancing from Worm Guard | Sweeps from Worm Guard | Back Take from Worm Guard,1,1,0,1,30,20,20,15,10,15,10,10
en,bjj-worm-guard-system,100,🏆 EXCELLENT,Concept_Strategy,736,6,Key Concepts | Technical Breakdown | Practical Application | Training Tips | Related Techniques,1,1,0,1,13,20,20,15,10,15,10,10
en,bjj-worm-guard,100,🏆 EXCELLENT,Concept_Strategy,946,7,The Core Concept | Setting Up the Worm Guard | Attacks from Worm Guard | Why It Works | Defending Worm Guard,1,1,0,1,21,20,20,15,10,15,10,10
en,bjj-wrestling-for-bjj,100,🏆 EXCELLENT,Equipment_Gear,834,6,Core Wrestling Techniques for BJJ | Clinch Work and Upper Body Ties | Adapting Wrestling for Gi and No-Gi | FAQ | Common Mistakes in Wrestling For Bjj,1,1,0,1,10,20,20,15,10,15,10,10
en,bjj-wrist-control-guide,100,🏆 EXCELLENT,Concept_Strategy,767,6,Fundamental Principles | Technique Variations | Training Methods | Common Mistakes | Common Mistakes in Wrist Control Guide,1,1,0,1,27,20,20,15,10,15,10,10
en,bjj-wrist-lock-guide,100,🏆 EXCELLENT,Concept_Strategy,951,6,What are Wrist Locks? | Basic Wrist Lock Mechanics | Legal Variations by Belt | Related Techniques | Common Mistakes in Wrist Lock Guide,1,1,0,1,17,20,20,15,10,15,10,10
en,bjj-wrist-locks,100,🏆 EXCELLENT,Concept_Strategy,834,6,Why Wrist Locks Are Underused | Common Wrist Lock Setups | The Mechanics | Safety Note | Frequently Asked Questions,1,1,0,1,21,20,20,15,10,15,10,10
en,bjj-x-guard-entries-guide,100,🏆 EXCELLENT,Concept_Strategy,863,6,X-Guard Entry Basics | Entry from De La Riva | Entry from Sitting Guard | Common Mistakes in X Guard Entries Guide | Frequently Asked Questions,1,1,0,1,15,20,20,15,10,15,10,10
en,bjj-x-guard-fundamentals,100,🏆 EXCELLENT,Concept_Strategy,913,6,X-Guard Mechanics | X-Guard Attacks | From Butterfly to X-Guard | Frequently Asked Questions | Related Techniques,1,1,0,1,21,20,20,15,10,15,10,10
en,bjj-x-guard-position-guide,100,🏆 EXCELLENT,Concept_Strategy,886,6,The X-Guard Position | Position Setup | Control Mechanics | Common Mistakes in X Guard Position Guide | Frequently Asked Questions,1,1,0,1,15,20,20,15,10,15,10,10
en,bjj-x-guard-single-leg,100,🏆 EXCELLENT,Concept_Strategy,871,6,X-Guard Single-Leg Transition | Entry Mechanics | Finishing the Takedown | Common Mistakes in X Guard Single Leg | Frequently Asked Questions,1,1,0,1,15,20,20,15,10,15,10,10
en,bjj-x-guard-sweep-system,100,🏆 EXCELLENT,Concept_Strategy,866,6,X-Guard Sweeping Principles | Classic X-Guard Sweep | Advanced X-Guard Sweeps | Common Mistakes in X Guard Sweep System | Frequently Asked Questions,1,1,0,1,15,20,20,15,10,15,10,10
en,bjj-x-pass-guide,100,🏆 EXCELLENT,Equipment_Gear,822,6,Overview | Key Concepts | Tips & Strategies | Related Techniques | Common Mistakes in X Pass Guide,1,1,0,1,17,20,20,15,10,15,10,10
en,closed-guard-vs-half-guard,100,🏆 EXCELLENT,Concept_Strategy,1304,6,📊 Head-to-Head | ❓ FAQ | Related Techniques | Common Mistakes in Closed Guard Vs Half Guard | Training Tips for Closed Guard Vs Half Guard,1,1,0,1,34,20,20,15,10,15,10,10
en,d-arce-choke,100,🏆 EXCELLENT,Concept_Strategy,1181,7,What Is the D'Arce Choke? | Anatomy of the D'Arce | Common Entries | Finishing the D'Arce | D'Arce vs Anaconda,1,1,0,1,13,20,20,15,10,15,10,10
en,estima-lock,100,🏆 EXCELLENT,Concept_Strategy,1295,6,How It Works | When to Hunt It | Legal Status | Related Techniques | Common Mistakes in Estima Lock,1,1,0,1,43,20,20,15,10,15,10,10
en,ibjjf-rules,100,🏆 EXCELLENT,Rule,946,6,Points System | Submission Legality by Belt | Common DQ Reasons | Frequently Asked Questions | Common Mistakes in Ibjjf Rules,1,1,0,1,15,20,20,15,10,15,10,10
en,kneebar,100,🏆 EXCELLENT,Concept_Strategy,1264,7,What Is a Kneebar? | Competition Rules | How to Perform a Kneebar — Step by Step | Common Entries to the Kneebar | Finishing Details,1,1,0,1,13,20,20,15,10,15,10,10
en,lockdown,100,🏆 EXCELLENT,Concept_Strategy,1170,7,How to Enter the Lockdown | Key Details & Common Mistakes | Variations | When to Use | Counters & Defense,1,1,0,1,24,20,20,15,10,15,10,10
en,mount-escape,100,🏆 EXCELLENT,Concept_Strategy,1375,6,Why Mount Is Dangerous | Escape 1: Upa (Bridge and Roll) | Escape 2: Elbow-Knee (Shrimp) | Common Mistakes | Related Techniques,1,1,0,1,43,20,20,15,10,15,10,10
en,mount-vs-back-control,100,🏆 EXCELLENT,Concept_Strategy,1271,6,📊 Head-to-Head | ❓ FAQ | Related Techniques | Common Mistakes in Mount Vs Back Control | Training Tips for Mount Vs Back Control,1,1,0,1,34,20,20,15,10,15,10,10
en,news,100,🏆 EXCELLENT,Concept_Strategy,778,6,Gordon Ryan vs Patrick Gaudio — ADCC Update | Heel Hooks in Competition: Rule Changes 2025 | Best BJJ Competitions to Watch in 2026 | How Mikey Musumeci Revolutionized Guard Retention | White Belt Survival Guide: The 5 Positions You Must Learn First,1,1,0,1,12,20,20,15,10,15,10,10
en,skill-tree,100,🏆 EXCELLENT,Concept_Strategy,2059,6,Unlock Purple Belt + | You're In! | Common Mistakes in Skill Tree | Training Tips for Skill Tree | Learning Progression for Skill Tree,1,1,0,1,27,20,20,15,10,15,10,10
en,triangle-vs-guillotine,100,🏆 EXCELLENT,Concept_Strategy,1219,6,📊 Head-to-Head | ❓ FAQ | Related Techniques | Common Mistakes in Triangle Vs Guillotine | Training Tips for Triangle Vs Guillotine,1,1,0,1,34,20,20,15,10,15,10,10
